Date,Open,High,Low,Close,Volume,Ticker
2024-10-30,18.85,19.29,18.74,18.74,2177471,NYSE:MP
2024-10-31,18.55,18.56,17.79,17.99,2150255,NYSE:MP
2024-11-01,18.2,18.42,18.02,18.23,1817985,NYSE:MP
2024-11-04,18.34,18.65,18,18.25,2070658,NYSE:MP
2024-11-05,18.25,18.94,18.05,18.61,2379425,NYSE:MP
2024-11-06,19.54,19.87,19,19.68,4788578,NYSE:MP
2024-11-07,19.7,20.05,19.38,19.98,3189354,NYSE:MP
2024-11-08,19.8,19.82,18.87,19.5,3124994,NYSE:MP
2024-11-11,19.6,20.58,19.38,20.41,2529058,NYSE:MP
2024-11-12,20.09,20.38,19.57,19.85,2040240,NYSE:MP
2024-11-13,20,20.1,18.75,19.12,3518606,NYSE:MP
2024-11-14,19.09,19.28,18.43,18.57,2678496,NYSE:MP
2024-11-15,18.73,18.73,18.02,18.28,2118953,NYSE:MP
2024-11-18,18.15,18.68,18,18.35,1828315,NYSE:MP
2024-11-19,18.31,18.33,17.65,18.02,1730509,NYSE:MP
2024-11-20,17.89,18.32,17.68,18.23,1225378,NYSE:MP
2024-11-21,18.18,19.12,18.01,18.73,1592199,NYSE:MP
2024-11-22,18.72,19.87,18.53,19.64,2339902,NYSE:MP
2024-11-25,19.88,21.04,19.88,20.84,2727294,NYSE:MP
2024-11-26,20.5,20.66,19.97,20.25,3269699,NYSE:MP
2024-11-27,20.7,21.26,20.56,20.84,2007349,NYSE:MP
2024-11-29,20.95,21.7,20.95,21.07,1079768,NYSE:MP
2024-12-02,21.11,21.11,20.29,20.81,2891346,NYSE:MP
2024-12-03,23.07,24.01,22.5,23.11,12832531,NYSE:MP
2024-12-04,23.21,23.6,20.61,21.13,6454371,NYSE:MP
2024-12-05,20.88,21.06,20,20.01,3536420,NYSE:MP
2024-12-06,20.34,20.47,19.54,19.72,2118943,NYSE:MP
2024-12-09,20.37,21.13,20.15,20.52,3029965,NYSE:MP
2024-12-10,20.25,20.25,19.38,19.54,4162840,NYSE:MP
2024-12-11,19.69,19.8,19.01,19.45,1981053,NYSE:MP
2024-12-12,19.25,19.73,18.9,19.6,2127127,NYSE:MP
2024-12-13,19.28,19.4,18.85,19.37,2252623,NYSE:MP
2024-12-16,19.08,19.21,18.58,18.79,2407706,NYSE:MP
2024-12-17,18.58,18.8,18.18,18.37,2567267,NYSE:MP
2024-12-18,18.2,18.36,16.54,16.73,3143050,NYSE:MP
2024-12-19,16.95,17.2,15.97,16.18,4543664,NYSE:MP
2024-12-20,16.03,16.26,15.71,15.84,4509656,NYSE:MP
2024-12-23,15.82,16.38,15.68,16.29,2650489,NYSE:MP
2024-12-24,16.42,16.56,16.25,16.54,857892,NYSE:MP
2024-12-26,16.5,16.95,16.3,16.84,2046757,NYSE:MP
2024-12-27,16.71,16.99,16.34,16.46,1529411,NYSE:MP
2024-12-30,16.27,16.27,15.78,15.98,2327772,NYSE:MP
2024-12-31,16.01,16.18,15.56,15.6,2305386,NYSE:MP
2025-01-02,15.85,16.52,15.77,16.39,3008880,NYSE:MP
2025-01-03,16.55,18.37,16.51,18.2,4892111,NYSE:MP
2025-01-06,19.25,21.14,18.8,20.46,10553784,NYSE:MP
2025-01-07,20.72,21.13,20.3,20.58,2844202,NYSE:MP
2025-01-08,20.27,20.27,18.89,19.38,2665313,NYSE:MP
2025-01-10,19.47,20.06,19.2,19.75,2089649,NYSE:MP
2025-01-13,19.43,19.7,19.2,19.53,2174093,NYSE:MP
2025-01-14,19.84,20.1,19.23,19.39,1283427,NYSE:MP
2025-01-15,20.25,21.28,19.95,20.61,3114555,NYSE:MP
2025-01-16,20.23,21.39,19.93,21.17,2535231,NYSE:MP
2025-01-17,21.44,21.52,20.9,20.94,1978438,NYSE:MP
2025-01-21,21.24,21.35,19.72,20.87,2999915,NYSE:MP
2025-01-22,21.5,21.9,21.03,21.08,2351459,NYSE:MP
2025-01-23,21.01,21.55,20.75,21.41,1461512,NYSE:MP
2025-01-24,21.81,22.12,21.45,21.57,3716812,NYSE:MP
2025-01-27,20.85,21.71,20.79,21.52,2316958,NYSE:MP
2025-01-28,21.58,21.71,20.61,20.82,1541397,NYSE:MP
2025-01-29,20.87,21.14,20.53,20.68,1501695,NYSE:MP
2025-01-30,21.13,21.93,20.93,21.74,2102223,NYSE:MP
2025-01-31,21.76,22.28,21.6,21.96,2844863,NYSE:MP
2025-02-03,22.35,23.67,21.81,22.23,5228158,NYSE:MP
2025-02-04,22.63,24.78,22.63,24.47,8831326,NYSE:MP
2025-02-05,24.47,24.54,23.12,23.56,4570260,NYSE:MP
2025-02-06,24.2,24.8,23.68,24.11,4407643,NYSE:MP
2025-02-07,24,24.13,23.37,23.94,3882372,NYSE:MP
2025-02-10,24.13,26,23.91,25.52,6625344,NYSE:MP
2025-02-11,25,25.14,24.42,24.69,3215579,NYSE:MP
2025-02-12,24.34,24.7,23.88,24.15,2408480,NYSE:MP
2025-02-13,24.37,24.59,23.66,24.38,2374666,NYSE:MP
2025-02-14,24.68,24.69,23.51,23.72,1741897,NYSE:MP
2025-02-18,23.82,24.26,23.44,23.45,2241466,NYSE:MP
2025-02-19,23.25,23.51,22.6,22.99,2746899,NYSE:MP
2025-02-20,22.98,23.38,22.6,23.18,1919333,NYSE:MP
2025-02-21,24.57,24.7,23.48,24.3,4661664,NYSE:MP
2025-02-24,24.44,24.84,23.54,24.27,3105937,NYSE:MP
2025-02-25,24.19,24.23,22.82,23.56,3075875,NYSE:MP
2025-02-26,24.11,25.35,23.77,23.77,3117675,NYSE:MP
2025-02-27,23.87,24.5,23.3,23.46,2036675,NYSE:MP
2025-02-28,23.11,24.1,22.82,24.01,2579125,NYSE:MP
2025-03-03,24.14,24.63,22.25,22.53,4165665,NYSE:MP
2025-03-04,22.17,23.15,21.2,22.45,3456875,NYSE:MP
2025-03-05,24.04,25.66,23.59,25.66,5011887,NYSE:MP
2025-03-06,25.07,25.77,24.01,24.4,3515516,NYSE:MP
2025-03-07,24.01,25.16,23.6,24.98,2400876,NYSE:MP
2025-03-10,24.8,25.65,24.16,24.42,3991974,NYSE:MP
2025-03-11,24.1,25.55,23.64,24.01,3234277,NYSE:MP
2025-03-12,24.53,24.73,23.16,24.34,2690963,NYSE:MP
2025-03-13,24.34,24.86,24.17,24.38,2075749,NYSE:MP
2025-03-14,25,26.95,24.67,26.83,4822422,NYSE:MP
2025-03-17,26.57,27.05,26.45,26.69,3578770,NYSE:MP
2025-03-18,26.54,27,26.03,26.83,4309508,NYSE:MP
2025-03-19,26.93,27.29,26.33,26.81,2693818,NYSE:MP
2025-03-20,26.66,27.24,26.1,26.25,4207934,NYSE:MP
2025-03-21,26.2,26.2,24.96,25.9,4614284,NYSE:MP
2025-03-24,26.22,26.92,26.06,26.46,2635038,NYSE:MP
2025-03-25,26.62,27.26,26.56,26.93,2933709,NYSE:MP
2025-03-26,27,27.05,25.71,26.06,2244044,NYSE:MP
2025-03-27,25.49,26.58,25.26,26.17,2147587,NYSE:MP
2025-03-28,25.8,26.49,25.65,25.97,3139313,NYSE:MP
2025-03-31,24.93,25.11,23.41,24.41,3586721,NYSE:MP
2025-04-01,24.27,25.38,24.18,25.17,2765741,NYSE:MP
2025-04-02,24.85,25.49,24.64,25.16,1842366,NYSE:MP
2025-04-03,23.76,25.63,23.66,24.82,3717020,NYSE:MP
2025-04-04,26.1,26.45,22.12,23.06,8168128,NYSE:MP
2025-04-07,21.8,25.5,21.77,23.99,5256468,NYSE:MP
2025-04-08,26,26.11,21.57,21.94,5268575,NYSE:MP
2025-04-09,22.36,24.13,21.16,23.81,7116760,NYSE:MP
2025-04-10,23.29,23.92,22.64,23.54,3836371,NYSE:MP
2025-04-11,23.04,23.49,21.56,22.68,9026467,NYSE:MP
2025-04-14,25.19,28.4,24.58,27.59,23657243,NYSE:MP
2025-04-15,29.28,29.72,24.85,25.07,15803233,NYSE:MP
2025-04-16,26.07,29.13,25.79,27.58,18086883,NYSE:MP
2025-04-17,27.7,28.18,24.7,26.35,20286375,NYSE:MP
2025-04-21,25.88,25.95,22.26,23.19,12265017,NYSE:MP
2025-04-22,23.06,23.4,21.85,22.85,11127879,NYSE:MP
2025-04-23,22.89,24.04,22.57,22.89,6330688,NYSE:MP
2025-04-24,23.37,26.28,23.21,26.01,10857889,NYSE:MP
2025-04-25,25.75,26.1,24.35,24.41,6209198,NYSE:MP
2025-04-28,24.77,25.67,24.18,24.85,4117895,NYSE:MP
2025-04-29,24.76,25.09,23.52,24.58,5974498,NYSE:MP
2025-04-30,23.55,24.68,22.71,24.46,5924289,NYSE:MP
2025-05-01,24.02,25.03,23.96,24.34,3324906,NYSE:MP
2025-05-02,24.95,25.57,24.6,25.01,3274206,NYSE:MP
2025-05-05,25.06,25.74,24.87,25.2,3675960,NYSE:MP
2025-05-06,24.66,24.75,24.05,24.69,4114131,NYSE:MP
2025-05-07,24.45,24.46,23.12,23.62,4827488,NYSE:MP
2025-05-08,23.71,24.39,23.61,23.85,6427707,NYSE:MP
2025-05-09,23.86,24.73,20.94,21.95,11597868,NYSE:MP
2025-05-12,22.57,22.58,20.75,21.14,8732637,NYSE:MP
2025-05-13,21.08,21.11,20.05,20.77,6724932,NYSE:MP
2025-05-14,22.15,22.41,20.86,21.08,10131125,NYSE:MP
2025-05-15,21,21.56,20.67,21.32,2716200,NYSE:MP
2025-05-16,21.05,21.69,21,21.31,4300276,NYSE:MP
2025-05-19,20.67,21.33,20.52,21.25,2760363,NYSE:MP
2025-05-20,21.06,21.2,20.51,20.64,4619581,NYSE:MP
2025-05-21,20.4,20.4,19.38,19.5,5250050,NYSE:MP
2025-05-22,19.8,20.77,19.23,20.08,4969996,NYSE:MP
2025-05-23,19.64,19.91,19.46,19.69,2941488,NYSE:MP
2025-05-27,19.78,19.78,18.75,18.77,5764579,NYSE:MP
2025-05-28,18.77,19.94,18.64,19.6,7022119,NYSE:MP
2025-05-29,19.75,20.14,19.6,19.77,4285837,NYSE:MP
2025-05-30,19.81,22.45,19.75,21.79,13127464,NYSE:MP
2025-06-02,22.87,22.87,20.11,20.5,13949255,NYSE:MP
2025-06-03,20.7,22.77,20.6,22,8323404,NYSE:MP
2025-06-04,22.37,24.64,22.04,24.58,11106308,NYSE:MP
2025-06-05,24.48,27.6,24.03,25.93,21398722,NYSE:MP
2025-06-06,27.09,27.12,25.05,25.7,8789149,NYSE:MP
2025-06-09,26.47,29.05,26.31,27.69,14815613,NYSE:MP
2025-06-10,28.48,28.54,26.48,27.23,6775513,NYSE:MP
2025-06-11,25.25,25.87,23.26,25.64,15842352,NYSE:MP
2025-06-12,25.54,29.96,25.17,29.2,24578800,NYSE:MP
2025-06-13,29.84,30.78,28.36,30.55,25329263,NYSE:MP
2025-06-16,31.47,35.05,31.39,34.65,25291851,NYSE:MP
2025-06-17,34.29,35.78,33.9,35.48,14061280,NYSE:MP
2025-06-18,36.29,39.1,36.14,37.22,18848731,NYSE:MP
2025-06-20,38.64,38.76,36.7,37.74,13639662,NYSE:MP
2025-06-23,37.45,38.04,35.53,36.56,10524588,NYSE:MP
2025-06-24,36.8,37.16,34.71,34.91,10210054,NYSE:MP
2025-06-25,34.7,35.94,33.93,35.4,8497147,NYSE:MP
2025-06-26,36.3,36.91,35.5,35.99,6859108,NYSE:MP
2025-06-27,34.01,34.4,32.01,32.9,15080511,NYSE:MP
2025-06-30,32.75,33.98,32,33.27,9184137,NYSE:MP
2025-07-01,33.14,33.27,31.3,31.49,7003361,NYSE:MP
2025-07-02,31.5,32.5,31.4,32.37,4796201,NYSE:MP
2025-07-03,32.36,32.65,31.54,31.84,3886581,NYSE:MP
2025-07-07,30.54,31.23,29.62,31.05,6035503,NYSE:MP
2025-07-08,31.25,32.46,30.6,31.19,6569604,NYSE:MP
2025-07-09,31.55,31.67,29.58,30.03,10367370,NYSE:MP
2025-07-10,48.1,48.12,42.86,45.23,86416225,NYSE:MP
2025-07-11,45.53,50.98,44.62,45.11,37216627,NYSE:MP
2025-07-14,45.86,48.99,45.66,48.52,23472405,NYSE:MP
2025-07-15,54,62.87,52.89,58.22,74016907,NYSE:MP
2025-07-16,61.08,61.13,56.73,58.55,38274658,NYSE:MP
2025-07-17,55.5,61.67,54.8,60.26,42064926,NYSE:MP
2025-07-18,60.3,64.51,58.8,63.22,29025623,NYSE:MP
2025-07-21,63.72,65.05,58.8,59.01,25111661,NYSE:MP
2025-07-22,58.55,60.35,56.7,60.08,14090740,NYSE:MP
2025-07-23,59.6,62.32,59.4,61.14,12451367,NYSE:MP
2025-07-24,60.87,62.05,59.7,61.56,8743302,NYSE:MP
2025-07-25,61.28,63.7,60.68,62.08,10034401,NYSE:MP
2025-07-28,62.67,64.27,61.25,64.11,11141916,NYSE:MP
2025-07-29,65.04,65.84,60.22,60.26,12203277,NYSE:MP
2025-07-30,60.08,62.47,59.2,60.85,8931719,NYSE:MP
2025-07-31,59.88,62.69,59.57,61.5,9662439,NYSE:MP
2025-08-01,60.39,64.5,59.2,63.69,15491118,NYSE:MP
2025-08-04,63.63,67.4,62.9,65.42,14453422,NYSE:MP
2025-08-05,65.64,68.42,65.5,68.39,11618220,NYSE:MP
2025-08-06,69.65,70.95,66.67,67.51,13196740,NYSE:MP
2025-08-07,71,72.35,68.57,71.07,16083938,NYSE:MP
2025-08-08,76.94,79.36,71.64,74.32,24410856,NYSE:MP
2025-08-11,74.93,82.5,72.54,72.69,23837560,NYSE:MP
2025-08-12,74.37,75.7,72.14,74.95,12397566,NYSE:MP
2025-08-13,75.54,77.56,72.84,75.4,12256354,NYSE:MP
2025-08-14,74.64,78.16,74.35,76.58,11179646,NYSE:MP
2025-08-15,76.85,77.7,73.5,75.03,8547002,NYSE:MP
2025-08-18,73.94,74.17,69.01,72.21,12362164,NYSE:MP
2025-08-19,70.76,71.68,66.88,69.29,11975300,NYSE:MP
2025-08-20,67.36,69.14,66.08,68.17,8741114,NYSE:MP
2025-08-21,68.21,69.5,64.82,68.28,11981334,NYSE:MP
2025-08-22,67.76,69.75,66.41,67.88,10399106,NYSE:MP
2025-08-28,71.51,74.27,70.1,73.5,7604096,NYSE:MP
2025-08-29,73.85,73.87,71.07,71.14,6926680,NYSE:MP
2025-09-02,68.76,69.35,66.07,67.31,9213226,NYSE:MP
2025-09-03,68.31,68.78,65.41,65.99,7238068,NYSE:MP
2025-09-04,66.01,66.55,63.03,64.18,8081749,NYSE:MP
2025-09-05,64.7,64.98,61.4,63.05,6903942,NYSE:MP
2025-09-08,62.65,63.25,61.58,62.72,8654592,NYSE:MP
2025-09-09,63.37,64.54,62.28,63.15,7641990,NYSE:MP
2025-09-10,63.96,64.7,61.6,62.44,7549962,NYSE:MP
2025-09-11,62.6,65.62,62.12,63.03,9420345,NYSE:MP
2025-09-12,63.4,64.17,62.57,63.51,5974582,NYSE:MP
2025-09-15,66.01,67.34,64.41,65.94,10796252,NYSE:MP
2025-09-16,67.18,67.94,65.68,65.98,11280236,NYSE:MP
2025-09-17,68,69.1,65.25,66.81,11289083,NYSE:MP
2025-09-18,68.07,72.15,66.38,72.13,14050418,NYSE:MP
2025-09-19,73,75.92,70.5,73.22,37395074,NYSE:MP
2025-09-22,71.91,73.3,69.53,73.22,10578447,NYSE:MP
2025-09-23,74,76.69,72.76,74.7,14194144,NYSE:MP
2025-09-24,76.42,77.17,70.58,71.23,13358446,NYSE:MP
2025-09-25,70.5,82.23,68.8,77.13,26004448,NYSE:MP
2025-09-26,77,77.47,68.57,68.63,18998594,NYSE:MP
2025-09-29,69.32,69.5,66.17,68.18,12539041,NYSE:MP
2025-09-30,67.99,68.93,65.91,67.07,7989439,NYSE:MP
2025-10-01,66.04,67.99,65.58,67.63,8046786,NYSE:MP
2025-10-02,68.8,71.74,67.42,70.96,13407689,NYSE:MP
2025-10-03,72,75.6,70.33,71.5,14675515,NYSE:MP
2025-10-06,73.3,74.93,71.46,74.33,10864939,NYSE:MP
2025-10-07,75.9,79.53,72.2,73.77,15264883,NYSE:MP
2025-10-08,75.24,75.97,69.61,70.59,11488806,NYSE:MP
2025-10-09,73.65,78.32,71.52,72.29,24843542,NYSE:MP
2025-10-10,74.41,84.92,73.43,78.34,52334439,NYSE:MP
2025-10-13,86.8,98.97,85.5,95.06,50242378,NYSE:MP
2025-10-14,97.79,100.25,88.6,98.65,40359359,NYSE:MP
2025-10-15,96.71,97,86.5,89.85,29991495,NYSE:MP
2025-10-16,91.93,91.99,83.33,83.84,18653709,NYSE:MP
2025-10-17,80.39,84.15,78.8,80.79,14927416,NYSE:MP
2025-10-20,83.5,83.99,78.05,82.9,14957786,NYSE:MP
2025-10-21,80.37,80.89,73.24,74.11,17623698,NYSE:MP
2025-10-22,72.07,73.48,66.31,69.8,21854787,NYSE:MP
2025-10-23,70.88,71.46,68.1,68.45,10965637,NYSE:MP
2025-10-24,69.95,72.59,69.36,70.81,11398933,NYSE:MP
2025-10-27,67.43,67.73,62.4,65.57,24754560,NYSE:MP
2025-10-28,65.59,67.78,64.27,64.94,10850280,NYSE:MP
2025-10-29,65.44,65.6,63.3,64.29,9121027,NYSE:MP
2025-10-30,66.97,67.1,62.88,64.92,14302819,NYSE:MP
2025-10-31,64.78,64.95,61.45,63.09,13881915,NYSE:MP
2024-10-30,6.36,6.5,6.3,6.33,3552614,NYSEAMERICAN:UUUU
2024-10-31,6.3,6.38,5.93,6.02,3740319,NYSEAMERICAN:UUUU
2024-11-01,5.88,5.97,5.56,5.6,6035093,NYSEAMERICAN:UUUU
2024-11-04,5.49,5.67,5.33,5.63,4851356,NYSEAMERICAN:UUUU
2024-11-05,5.64,5.87,5.58,5.85,3098433,NYSEAMERICAN:UUUU
2024-11-06,6.1,6.17,5.72,6.05,4814944,NYSEAMERICAN:UUUU
2024-11-07,6.09,6.44,6.09,6.35,3348689,NYSEAMERICAN:UUUU
2024-11-08,6.4,6.53,6.12,6.31,2905510,NYSEAMERICAN:UUUU
2024-11-11,6.34,6.46,6,6.42,3849119,NYSEAMERICAN:UUUU
2024-11-12,6.45,6.78,6.33,6.71,3961988,NYSEAMERICAN:UUUU
2024-11-13,6.8,6.87,6.34,6.38,3636279,NYSEAMERICAN:UUUU
2024-11-14,6.4,6.7,6.36,6.7,3782858,NYSEAMERICAN:UUUU
2024-11-15,6.75,7.15,6.55,6.64,6695617,NYSEAMERICAN:UUUU
2024-11-18,7.05,7.34,6.88,7.29,8021105,NYSEAMERICAN:UUUU
2024-11-19,7.3,7.32,7.14,7.23,3706252,NYSEAMERICAN:UUUU
2024-11-20,7.17,7.19,6.78,6.94,4652421,NYSEAMERICAN:UUUU
2024-11-21,7.02,7.13,6.88,7.06,4071667,NYSEAMERICAN:UUUU
2024-11-22,7.06,7.13,6.82,6.98,4583753,NYSEAMERICAN:UUUU
2024-11-25,7.06,7.1,6.76,6.96,4892830,NYSEAMERICAN:UUUU
2024-11-26,6.99,7.25,6.87,6.94,4028232,NYSEAMERICAN:UUUU
2024-11-27,6.98,7.1,6.8,6.8,4619555,NYSEAMERICAN:UUUU
2024-11-29,7.1,7.47,7.03,7.26,4329798,NYSEAMERICAN:UUUU
2024-12-02,7.36,7.38,6.97,7.03,7356115,NYSEAMERICAN:UUUU
2024-12-03,7.1,7.12,6.77,6.98,3910432,NYSEAMERICAN:UUUU
2024-12-04,7.06,7.2,6.84,6.88,3465508,NYSEAMERICAN:UUUU
2024-12-05,6.8,6.89,6.58,6.75,6184841,NYSEAMERICAN:UUUU
2024-12-06,6.73,6.85,6.63,6.69,3526730,NYSEAMERICAN:UUUU
2024-12-09,6.83,6.84,6.37,6.37,4140521,NYSEAMERICAN:UUUU
2024-12-10,6.41,6.49,6.3,6.41,3302032,NYSEAMERICAN:UUUU
2024-12-11,6.45,6.48,6.26,6.4,3978873,NYSEAMERICAN:UUUU
2024-12-12,6.35,6.43,6.14,6.16,4974992,NYSEAMERICAN:UUUU
2024-12-13,6.15,6.22,5.95,5.97,3468635,NYSEAMERICAN:UUUU
2024-12-16,5.97,5.99,5.8,5.83,4970838,NYSEAMERICAN:UUUU
2024-12-17,5.74,5.8,5.53,5.55,4952776,NYSEAMERICAN:UUUU
2024-12-18,5.58,5.78,5.33,5.35,5773345,NYSEAMERICAN:UUUU
2024-12-19,5.41,5.52,5.38,5.41,3362963,NYSEAMERICAN:UUUU
2024-12-20,5.33,5.45,5.28,5.3,5606678,NYSEAMERICAN:UUUU
2024-12-23,5.35,5.45,5.3,5.4,4329408,NYSEAMERICAN:UUUU
2024-12-24,5.52,5.55,5.23,5.35,2134844,NYSEAMERICAN:UUUU
2024-12-26,5.32,5.37,5.26,5.33,2678511,NYSEAMERICAN:UUUU
2024-12-27,5.3,5.35,5.07,5.2,5560930,NYSEAMERICAN:UUUU
2024-12-30,5.12,5.24,5.1,5.11,3747065,NYSEAMERICAN:UUUU
2024-12-31,5.12,5.17,5.05,5.13,3393328,NYSEAMERICAN:UUUU
2025-01-02,5.24,5.7,5.23,5.68,7303092,NYSEAMERICAN:UUUU
2025-01-03,5.7,5.77,5.46,5.74,4968204,NYSEAMERICAN:UUUU
2025-01-06,5.95,6.05,5.8,5.83,5145564,NYSEAMERICAN:UUUU
2025-01-07,5.86,5.93,5.44,5.45,4806693,NYSEAMERICAN:UUUU
2025-01-08,5.42,5.44,5.21,5.4,4526525,NYSEAMERICAN:UUUU
2025-01-10,5.4,5.45,5.26,5.28,4384354,NYSEAMERICAN:UUUU
2025-01-13,5.21,5.4,5.12,5.24,4700828,NYSEAMERICAN:UUUU
2025-01-14,5.31,5.33,5.12,5.15,4789199,NYSEAMERICAN:UUUU
2025-01-15,5.24,5.32,5.15,5.17,4563425,NYSEAMERICAN:UUUU
2025-01-16,5.14,5.19,4.97,5.07,5385321,NYSEAMERICAN:UUUU
2025-01-17,5.08,5.27,4.99,5.21,5194587,NYSEAMERICAN:UUUU
2025-01-21,5.3,5.6,5.28,5.58,6612179,NYSEAMERICAN:UUUU
2025-01-22,5.68,5.92,5.5,5.83,7518103,NYSEAMERICAN:UUUU
2025-01-23,5.74,5.93,5.61,5.88,6334182,NYSEAMERICAN:UUUU
2025-01-24,5.9,5.95,5.65,5.71,5864445,NYSEAMERICAN:UUUU
2025-01-27,5.43,5.44,5.07,5.17,7094916,NYSEAMERICAN:UUUU
2025-01-28,5.27,5.32,5.1,5.27,3928848,NYSEAMERICAN:UUUU
2025-01-29,5.27,5.66,5.26,5.56,7112320,NYSEAMERICAN:UUUU
2025-01-30,5.59,5.77,5.49,5.54,7346197,NYSEAMERICAN:UUUU
2025-01-31,5.54,5.59,5.29,5.31,7221334,NYSEAMERICAN:UUUU
2025-02-03,5.2,5.55,5.16,5.25,8894144,NYSEAMERICAN:UUUU
2025-02-04,5.45,5.5,5.27,5.41,7453207,NYSEAMERICAN:UUUU
2025-02-05,5.39,5.45,5.26,5.33,7055574,NYSEAMERICAN:UUUU
2025-02-06,5.3,5.37,5.02,5.07,10117590,NYSEAMERICAN:UUUU
2025-02-07,5.12,5.28,5.08,5.19,7568958,NYSEAMERICAN:UUUU
2025-02-10,5.26,5.37,5.05,5.07,6709889,NYSEAMERICAN:UUUU
2025-02-11,5.2,5.21,4.96,4.98,6577780,NYSEAMERICAN:UUUU
2025-02-12,4.94,5.11,4.87,5.03,7945108,NYSEAMERICAN:UUUU
2025-02-13,5.04,5.05,4.89,5.03,8508909,NYSEAMERICAN:UUUU
2025-02-14,4.97,5,4.74,4.8,10618610,NYSEAMERICAN:UUUU
2025-02-18,4.8,4.98,4.72,4.94,8835694,NYSEAMERICAN:UUUU
2025-02-19,4.9,4.9,4.78,4.87,6511556,NYSEAMERICAN:UUUU
2025-02-20,4.87,5.07,4.86,4.87,7927851,NYSEAMERICAN:UUUU
2025-02-21,4.91,4.91,4.57,4.64,9810659,NYSEAMERICAN:UUUU
2025-02-24,4.68,4.69,4.52,4.56,12817107,NYSEAMERICAN:UUUU
2025-02-25,4.53,4.55,4.29,4.36,16789035,NYSEAMERICAN:UUUU
2025-02-26,4.45,4.61,4.41,4.44,15825419,NYSEAMERICAN:UUUU
2025-02-27,4.45,4.54,3.99,4.02,20141348,NYSEAMERICAN:UUUU
2025-02-28,4.11,4.47,3.97,4.12,15406004,NYSEAMERICAN:UUUU
2025-03-03,4.15,4.19,3.78,3.8,14699956,NYSEAMERICAN:UUUU
2025-03-04,3.8,4.2,3.74,4.04,17594294,NYSEAMERICAN:UUUU
2025-03-05,4.08,4.2,4.01,4.16,12266827,NYSEAMERICAN:UUUU
2025-03-06,4.05,4.28,4.05,4.19,7764387,NYSEAMERICAN:UUUU
2025-03-07,4.11,4.16,4.01,4.07,5604473,NYSEAMERICAN:UUUU
2025-03-10,3.99,4.1,3.88,3.96,6394703,NYSEAMERICAN:UUUU
2025-03-11,3.98,4.23,3.95,4.16,6824768,NYSEAMERICAN:UUUU
2025-03-12,4.24,4.34,4.13,4.16,6347274,NYSEAMERICAN:UUUU
2025-03-13,4.13,4.22,4.08,4.18,5222290,NYSEAMERICAN:UUUU
2025-03-14,4.24,4.27,4.11,4.13,3980302,NYSEAMERICAN:UUUU
2025-03-17,4.2,4.4,4.19,4.35,5771128,NYSEAMERICAN:UUUU
2025-03-18,4.3,4.31,4.13,4.25,8014636,NYSEAMERICAN:UUUU
2025-03-19,4.25,4.33,4.2,4.28,5240140,NYSEAMERICAN:UUUU
2025-03-20,4.22,4.42,4.19,4.35,7547841,NYSEAMERICAN:UUUU
2025-03-21,4.3,4.38,4.22,4.36,8859444,NYSEAMERICAN:UUUU
2025-03-24,4.44,4.45,4.27,4.29,5767429,NYSEAMERICAN:UUUU
2025-03-25,4.29,4.32,4.13,4.18,5730355,NYSEAMERICAN:UUUU
2025-03-26,4.19,4.23,4.11,4.13,6344295,NYSEAMERICAN:UUUU
2025-03-27,4.22,4.22,4.02,4.02,5552800,NYSEAMERICAN:UUUU
2025-03-28,4,4.04,3.75,3.75,5673998,NYSEAMERICAN:UUUU
2025-03-31,3.69,3.78,3.55,3.73,11389234,NYSEAMERICAN:UUUU
2025-04-01,3.73,3.76,3.6,3.67,4780181,NYSEAMERICAN:UUUU
2025-04-02,3.63,3.79,3.58,3.77,3852159,NYSEAMERICAN:UUUU
2025-04-03,3.56,3.74,3.5,3.63,5110913,NYSEAMERICAN:UUUU
2025-04-04,3.53,3.55,3.29,3.45,8793204,NYSEAMERICAN:UUUU
2025-04-07,3.21,3.63,3.2,3.45,10159551,NYSEAMERICAN:UUUU
2025-04-08,3.59,3.65,3.36,3.44,8770431,NYSEAMERICAN:UUUU
2025-04-09,3.41,3.87,3.37,3.81,10685840,NYSEAMERICAN:UUUU
2025-04-10,3.64,3.82,3.64,3.79,6303207,NYSEAMERICAN:UUUU
2025-04-11,3.79,4.17,3.79,4.11,8112820,NYSEAMERICAN:UUUU
2025-04-14,4.3,4.36,4.14,4.25,9743505,NYSEAMERICAN:UUUU
2025-04-15,4.32,4.39,4.06,4.13,5507602,NYSEAMERICAN:UUUU
2025-04-16,4.14,4.67,4.14,4.43,13294888,NYSEAMERICAN:UUUU
2025-04-17,4.91,5.12,4.62,4.95,21033119,NYSEAMERICAN:UUUU
2025-04-21,5.05,5.1,4.36,4.49,11300184,NYSEAMERICAN:UUUU
2025-04-22,4.58,4.65,4.31,4.35,8045175,NYSEAMERICAN:UUUU
2025-04-23,4.45,4.55,4.39,4.48,8465358,NYSEAMERICAN:UUUU
2025-04-24,4.51,4.83,4.51,4.81,8927360,NYSEAMERICAN:UUUU
2025-04-25,4.75,4.77,4.5,4.51,7442564,NYSEAMERICAN:UUUU
2025-04-28,4.52,4.63,4.41,4.61,6228391,NYSEAMERICAN:UUUU
2025-04-29,4.59,4.62,4.44,4.45,4414015,NYSEAMERICAN:UUUU
2025-04-30,4.35,4.62,4.26,4.52,6702146,NYSEAMERICAN:UUUU
2025-05-01,4.58,4.76,4.43,4.55,8477204,NYSEAMERICAN:UUUU
2025-05-02,4.61,4.85,4.56,4.63,10642940,NYSEAMERICAN:UUUU
2025-05-05,4.65,4.65,4.37,4.53,6856219,NYSEAMERICAN:UUUU
2025-05-06,4.47,4.65,4.35,4.61,10530642,NYSEAMERICAN:UUUU
2025-05-07,4.58,4.83,4.53,4.75,10550413,NYSEAMERICAN:UUUU
2025-05-08,4.8,4.9,4.62,4.76,9232744,NYSEAMERICAN:UUUU
2025-05-09,4.87,4.87,4.6,4.76,11485619,NYSEAMERICAN:UUUU
2025-05-12,4.8,4.9,4.64,4.66,6206413,NYSEAMERICAN:UUUU
2025-05-13,4.7,4.7,4.52,4.52,6277186,NYSEAMERICAN:UUUU
2025-05-14,4.52,4.65,4.46,4.57,8789168,NYSEAMERICAN:UUUU
2025-05-15,4.49,4.53,4.41,4.46,5566904,NYSEAMERICAN:UUUU
2025-05-16,4.42,4.46,4.31,4.37,7796617,NYSEAMERICAN:UUUU
2025-05-19,4.32,4.36,4.2,4.35,3861166,NYSEAMERICAN:UUUU
2025-05-20,4.33,4.41,4.24,4.4,4346488,NYSEAMERICAN:UUUU
2025-05-21,4.4,4.63,4.39,4.48,6978419,NYSEAMERICAN:UUUU
2025-05-22,4.48,4.54,4.36,4.5,7968597,NYSEAMERICAN:UUUU
2025-05-23,5,5.44,4.74,5.4,33177758,NYSEAMERICAN:UUUU
2025-05-27,5.59,5.6,5.35,5.45,17071995,NYSEAMERICAN:UUUU
2025-05-28,5.4,5.55,5.29,5.32,10053185,NYSEAMERICAN:UUUU
2025-05-29,5.27,5.32,5,5.03,10279100,NYSEAMERICAN:UUUU
2025-05-30,4.97,4.98,4.85,4.89,8620908,NYSEAMERICAN:UUUU
2025-06-02,4.95,5,4.82,4.87,6032166,NYSEAMERICAN:UUUU
2025-06-03,5.28,5.74,5.14,5.58,20613956,NYSEAMERICAN:UUUU
2025-06-04,5.61,5.82,5.43,5.72,12927998,NYSEAMERICAN:UUUU
2025-06-05,5.74,5.76,5.38,5.58,10432830,NYSEAMERICAN:UUUU
2025-06-06,5.67,5.67,5.28,5.47,11024232,NYSEAMERICAN:UUUU
2025-06-09,5.58,5.9,5.52,5.65,14323599,NYSEAMERICAN:UUUU
2025-06-10,5.7,5.7,5.3,5.36,10105490,NYSEAMERICAN:UUUU
2025-06-11,5.4,5.67,5.33,5.41,13301115,NYSEAMERICAN:UUUU
2025-06-12,5.37,5.43,5.29,5.37,10788634,NYSEAMERICAN:UUUU
2025-06-13,5.58,5.89,5.24,5.62,16678251,NYSEAMERICAN:UUUU
2025-06-16,5.9,6.24,5.69,5.8,20239967,NYSEAMERICAN:UUUU
2025-06-17,5.86,5.91,5.65,5.88,9868458,NYSEAMERICAN:UUUU
2025-06-18,5.84,6.08,5.66,5.77,10790922,NYSEAMERICAN:UUUU
2025-06-20,5.75,5.82,5.39,5.41,12796456,NYSEAMERICAN:UUUU
2025-06-23,5.4,5.6,5.33,5.48,9039119,NYSEAMERICAN:UUUU
2025-06-24,5.49,5.74,5.41,5.65,8859032,NYSEAMERICAN:UUUU
2025-06-25,5.7,5.82,5.53,5.61,7874192,NYSEAMERICAN:UUUU
2025-06-26,5.62,5.98,5.6,5.9,12029750,NYSEAMERICAN:UUUU
2025-06-27,5.9,5.99,5.45,5.55,14397756,NYSEAMERICAN:UUUU
2025-06-30,5.55,5.8,5.45,5.75,9009885,NYSEAMERICAN:UUUU
2025-07-01,5.81,5.82,5.59,5.75,5549697,NYSEAMERICAN:UUUU
2025-07-02,5.85,6.38,5.76,6.26,16648780,NYSEAMERICAN:UUUU
2025-07-03,6.24,6.25,6.05,6.17,5643386,NYSEAMERICAN:UUUU
2025-07-07,6.04,6.17,5.79,6.16,7874206,NYSEAMERICAN:UUUU
2025-07-08,6.15,6.17,5.78,5.83,7519104,NYSEAMERICAN:UUUU
2025-07-09,5.85,5.88,5.57,5.59,6963298,NYSEAMERICAN:UUUU
2025-07-10,6.05,6.7,6,6.51,31998638,NYSEAMERICAN:UUUU
2025-07-11,6.34,6.68,6.13,6.6,15683117,NYSEAMERICAN:UUUU
2025-07-14,6.6,7.02,6.43,7.01,15514360,NYSEAMERICAN:UUUU
2025-07-15,7.1,7.8,6.87,7.76,23846156,NYSEAMERICAN:UUUU
2025-07-16,7.84,8.29,7.56,8.24,22986833,NYSEAMERICAN:UUUU
2025-07-17,8.2,9.37,8.14,9.16,28973027,NYSEAMERICAN:UUUU
2025-07-18,9.05,9.52,8.85,9.36,19718233,NYSEAMERICAN:UUUU
2025-07-21,9.45,9.48,8.93,9.21,14244292,NYSEAMERICAN:UUUU
2025-07-22,8.72,9.28,8.62,9.2,11889995,NYSEAMERICAN:UUUU
2025-07-23,9.25,9.62,9.14,9.48,9898643,NYSEAMERICAN:UUUU
2025-07-24,9.4,10.03,9.35,9.96,12629077,NYSEAMERICAN:UUUU
2025-07-25,10,10.04,9.46,10.01,12237694,NYSEAMERICAN:UUUU
2025-07-28,10.3,10.41,9.88,10.04,13228346,NYSEAMERICAN:UUUU
2025-07-29,10.04,10.09,9.28,9.47,10998558,NYSEAMERICAN:UUUU
2025-07-30,9.2,9.49,8.95,9.11,10450016,NYSEAMERICAN:UUUU
2025-07-31,8.9,9.37,8.67,9.09,15672092,NYSEAMERICAN:UUUU
2025-08-01,8.68,8.91,8.23,8.85,14065804,NYSEAMERICAN:UUUU
2025-08-04,8.89,9.77,8.8,9.72,8118537,NYSEAMERICAN:UUUU
2025-08-05,9.8,10.02,9.55,9.92,10609015,NYSEAMERICAN:UUUU
2025-08-06,10.04,10.18,9.61,9.68,11459804,NYSEAMERICAN:UUUU
2025-08-07,9.38,9.96,9.03,9.6,11193412,NYSEAMERICAN:UUUU
2025-08-08,9.75,10.74,9.54,9.55,15075008,NYSEAMERICAN:UUUU
2025-08-11,9.5,10.05,9.18,9.61,8844472,NYSEAMERICAN:UUUU
2025-08-12,9.6,9.87,9.49,9.59,7085058,NYSEAMERICAN:UUUU
2025-08-13,9.79,10.15,9.19,9.51,11304233,NYSEAMERICAN:UUUU
2025-08-14,9.42,10.09,9.38,9.79,10826801,NYSEAMERICAN:UUUU
2025-08-15,9.8,9.9,9.33,9.79,7938840,NYSEAMERICAN:UUUU
2025-08-18,9.85,10.33,9.48,10.32,11837296,NYSEAMERICAN:UUUU
2025-08-19,10.45,10.48,8.16,8.47,33697475,NYSEAMERICAN:UUUU
2025-08-20,8.43,8.62,8.23,8.53,9675135,NYSEAMERICAN:UUUU
2025-08-21,8.72,9.41,8.65,9.4,16004453,NYSEAMERICAN:UUUU
2025-08-22,9.66,10.65,9.47,10.58,22548577,NYSEAMERICAN:UUUU
2025-08-25,10.75,11.19,10.53,10.93,18559865,NYSEAMERICAN:UUUU
2025-08-26,11.54,13.34,11.42,12.31,37077815,NYSEAMERICAN:UUUU
2025-08-27,12.08,12.25,11.26,11.4,16542365,NYSEAMERICAN:UUUU
2025-08-28,11.61,12.09,11.29,11.68,11837834,NYSEAMERICAN:UUUU
2025-08-29,12.24,12.5,11.29,11.56,14568961,NYSEAMERICAN:UUUU
2025-09-02,10.98,11.37,10.65,11.36,9573506,NYSEAMERICAN:UUUU
2025-09-03,11.33,11.6,11.12,11.44,8304088,NYSEAMERICAN:UUUU
2025-09-04,11.31,11.58,10.97,11.23,6637411,NYSEAMERICAN:UUUU
2025-09-05,11.23,11.57,10.94,11.56,8085727,NYSEAMERICAN:UUUU
2025-09-08,11.62,11.96,11.25,11.9,10099132,NYSEAMERICAN:UUUU
2025-09-09,12.4,13.46,11.97,13.08,24499249,NYSEAMERICAN:UUUU
2025-09-10,13.08,13.25,12.52,12.63,13070357,NYSEAMERICAN:UUUU
2025-09-11,12.51,12.87,12.32,12.53,7367159,NYSEAMERICAN:UUUU
2025-09-12,12.5,12.52,11.82,11.93,8385528,NYSEAMERICAN:UUUU
2025-09-15,11.94,14.12,11.86,13.82,19534738,NYSEAMERICAN:UUUU
2025-09-16,14.23,14.41,13.19,13.41,13494297,NYSEAMERICAN:UUUU
2025-09-17,13.75,14.15,13.48,14.08,12394143,NYSEAMERICAN:UUUU
2025-09-18,14.35,14.38,13.63,14.1,13275730,NYSEAMERICAN:UUUU
2025-09-19,14.1,15.29,14.01,14.86,20708607,NYSEAMERICAN:UUUU
2025-09-22,15,15.71,14.26,15.57,14015937,NYSEAMERICAN:UUUU
2025-09-23,15.8,16.77,15.35,16.67,17562858,NYSEAMERICAN:UUUU
2025-09-24,17.33,18.6,16.77,16.87,32472486,NYSEAMERICAN:UUUU
2025-09-25,15.12,17.67,15.11,17.26,28144021,NYSEAMERICAN:UUUU
2025-09-26,17.51,18.78,16.45,16.71,18859072,NYSEAMERICAN:UUUU
2025-09-29,17.27,17.5,16.08,16.52,12066461,NYSEAMERICAN:UUUU
2025-09-30,15.13,16.39,14.84,15.35,40546190,NYSEAMERICAN:UUUU
2025-10-01,15,15.8,14.94,15.71,33608419,NYSEAMERICAN:UUUU
2025-10-02,16,17,15.54,16.82,22460555,NYSEAMERICAN:UUUU
2025-10-03,17.06,17.85,16.03,16.52,24417170,NYSEAMERICAN:UUUU
2025-10-06,17.35,18.05,16.85,16.91,22608968,NYSEAMERICAN:UUUU
2025-10-07,17.49,19.01,16.89,17.59,26358117,NYSEAMERICAN:UUUU
2025-10-08,18,19.26,17.41,18,26409033,NYSEAMERICAN:UUUU
2025-10-09,19,20.51,18.51,19.7,36664951,NYSEAMERICAN:UUUU
2025-10-10,21.24,22.37,20.2,20.34,46707872,NYSEAMERICAN:UUUU
2025-10-13,24.34,25.69,22.71,23.77,43240461,NYSEAMERICAN:UUUU
2025-10-14,26.08,26.88,21.9,26.23,60650540,NYSEAMERICAN:UUUU
2025-10-15,26.66,27.33,23,24.99,58895145,NYSEAMERICAN:UUUU
2025-10-16,24.92,26.03,21.44,21.69,47665604,NYSEAMERICAN:UUUU
2025-10-17,19.51,21.67,19.21,21.06,29809238,NYSEAMERICAN:UUUU
2025-10-20,22.33,23.14,20.78,22.58,27531543,NYSEAMERICAN:UUUU
2025-10-21,22.49,22.49,20.37,20.63,20916149,NYSEAMERICAN:UUUU
2025-10-22,18.89,22.95,18.76,22.74,40408475,NYSEAMERICAN:UUUU
2025-10-23,23.18,23.41,20.74,21.26,33461898,NYSEAMERICAN:UUUU
2025-10-24,21.76,22.85,20.29,21.37,34006157,NYSEAMERICAN:UUUU
2025-10-27,20.05,20.26,17.78,19.1,40668180,NYSEAMERICAN:UUUU
2025-10-28,19.71,20.95,19.21,20.03,23180248,NYSEAMERICAN:UUUU
2025-10-29,19.62,21.14,19.15,20.4,20299729,NYSEAMERICAN:UUUU
2025-10-30,21,22.25,19.56,21.82,27587464,NYSEAMERICAN:UUUU
2025-10-31,22.3,22.45,20.01,20.51,25952134,NYSEAMERICAN:UUUU
2024-10-30,0.64,0.67,0.62,0.64,504690,NYSEAMERICAN:UAMY
2024-10-31,0.64,0.65,0.6,0.62,403129,NYSEAMERICAN:UAMY
2024-11-01,0.6,0.63,0.6,0.61,215480,NYSEAMERICAN:UAMY
2024-11-04,0.61,0.64,0.6,0.61,203166,NYSEAMERICAN:UAMY
2024-11-05,0.61,0.62,0.6,0.6,168166,NYSEAMERICAN:UAMY
2024-11-06,0.63,0.63,0.58,0.61,423939,NYSEAMERICAN:UAMY
2024-11-07,0.62,0.7,0.61,0.66,537266,NYSEAMERICAN:UAMY
2024-11-08,0.67,0.68,0.64,0.66,130484,NYSEAMERICAN:UAMY
2024-11-11,0.66,0.71,0.65,0.68,718602,NYSEAMERICAN:UAMY
2024-11-12,0.65,0.67,0.6,0.62,1008835,NYSEAMERICAN:UAMY
2024-11-13,0.61,0.64,0.61,0.61,562084,NYSEAMERICAN:UAMY
2024-11-14,0.6,0.6,0.52,0.52,1345110,NYSEAMERICAN:UAMY
2024-11-15,0.52,0.56,0.49,0.52,592747,NYSEAMERICAN:UAMY
2024-11-18,0.55,0.59,0.54,0.57,472407,NYSEAMERICAN:UAMY
2024-11-19,0.58,0.72,0.58,0.69,1352326,NYSEAMERICAN:UAMY
2024-11-20,0.72,0.75,0.67,0.74,1081482,NYSEAMERICAN:UAMY
2024-11-21,0.74,0.74,0.7,0.72,534509,NYSEAMERICAN:UAMY
2024-11-22,0.72,0.73,0.67,0.7,549998,NYSEAMERICAN:UAMY
2024-11-25,0.71,0.75,0.71,0.73,1585307,NYSEAMERICAN:UAMY
2024-11-26,0.75,0.8,0.73,0.78,1216181,NYSEAMERICAN:UAMY
2024-11-27,0.78,0.84,0.75,0.79,1332769,NYSEAMERICAN:UAMY
2024-11-29,0.79,0.8,0.73,0.76,511798,NYSEAMERICAN:UAMY
2024-12-02,0.77,0.81,0.71,0.71,849783,NYSEAMERICAN:UAMY
2024-12-03,0.8,1.05,0.8,0.98,16797237,NYSEAMERICAN:UAMY
2024-12-04,1.15,1.3,1.06,1.07,13524519,NYSEAMERICAN:UAMY
2024-12-05,1.21,1.37,1.06,1.35,8934379,NYSEAMERICAN:UAMY
2024-12-06,1.44,1.94,1.34,1.9,20318368,NYSEAMERICAN:UAMY
2024-12-09,2.12,2.18,1.45,1.62,20585369,NYSEAMERICAN:UAMY
2024-12-10,1.49,1.59,1.3,1.39,9133664,NYSEAMERICAN:UAMY
2024-12-11,1.45,1.66,1.42,1.5,7516794,NYSEAMERICAN:UAMY
2024-12-12,1.6,1.86,1.56,1.67,7823436,NYSEAMERICAN:UAMY
2024-12-13,1.99,2.17,1.8,1.92,18236112,NYSEAMERICAN:UAMY
2024-12-16,2.07,2.35,2.01,2.09,11283637,NYSEAMERICAN:UAMY
2024-12-17,2.1,2.3,1.9,2.13,8717249,NYSEAMERICAN:UAMY
2024-12-18,2.03,2.13,1.74,1.8,7263605,NYSEAMERICAN:UAMY
2024-12-19,1.91,1.92,1.65,1.76,5077202,NYSEAMERICAN:UAMY
2024-12-20,1.75,2,1.7,1.99,5045643,NYSEAMERICAN:UAMY
2024-12-23,1.97,1.98,1.77,1.86,2917438,NYSEAMERICAN:UAMY
2024-12-24,1.86,1.95,1.81,1.88,2430276,NYSEAMERICAN:UAMY
2024-12-26,1.94,2.18,1.9,2.06,5772770,NYSEAMERICAN:UAMY
2024-12-27,2.07,2.08,1.83,1.92,4336398,NYSEAMERICAN:UAMY
2024-12-30,1.85,1.88,1.75,1.8,3039712,NYSEAMERICAN:UAMY
2024-12-31,1.84,1.84,1.73,1.77,2681990,NYSEAMERICAN:UAMY
2025-01-02,1.78,1.82,1.71,1.73,2094882,NYSEAMERICAN:UAMY
2025-01-03,1.74,1.89,1.73,1.86,3112269,NYSEAMERICAN:UAMY
2025-01-06,1.94,1.95,1.75,1.79,3480882,NYSEAMERICAN:UAMY
2025-01-07,1.74,1.77,1.63,1.63,3020680,NYSEAMERICAN:UAMY
2025-01-08,1.63,1.65,1.46,1.48,3579328,NYSEAMERICAN:UAMY
2025-01-10,1.48,1.57,1.43,1.54,2645997,NYSEAMERICAN:UAMY
2025-01-13,1.49,1.53,1.44,1.49,1225719,NYSEAMERICAN:UAMY
2025-01-14,1.5,1.6,1.5,1.55,972572,NYSEAMERICAN:UAMY
2025-01-15,1.61,1.74,1.56,1.74,1953687,NYSEAMERICAN:UAMY
2025-01-16,1.75,1.87,1.73,1.82,2326111,NYSEAMERICAN:UAMY
2025-01-17,1.83,1.85,1.63,1.65,2272068,NYSEAMERICAN:UAMY
2025-01-21,1.71,1.81,1.66,1.78,1900312,NYSEAMERICAN:UAMY
2025-01-22,1.8,1.82,1.73,1.76,1317427,NYSEAMERICAN:UAMY
2025-01-23,1.77,1.95,1.76,1.91,3014540,NYSEAMERICAN:UAMY
2025-01-24,1.82,1.94,1.75,1.77,2397602,NYSEAMERICAN:UAMY
2025-01-27,1.69,1.73,1.59,1.67,1488383,NYSEAMERICAN:UAMY
2025-01-28,1.68,1.72,1.6,1.68,1468853,NYSEAMERICAN:UAMY
2025-01-29,1.67,1.72,1.62,1.65,1029487,NYSEAMERICAN:UAMY
2025-01-30,1.7,1.8,1.68,1.8,1392068,NYSEAMERICAN:UAMY
2025-01-31,1.8,1.81,1.68,1.72,1514518,NYSEAMERICAN:UAMY
2025-02-03,1.64,1.75,1.62,1.68,1355292,NYSEAMERICAN:UAMY
2025-02-04,1.74,1.88,1.72,1.85,2423076,NYSEAMERICAN:UAMY
2025-02-05,1.85,1.95,1.8,1.95,2062979,NYSEAMERICAN:UAMY
2025-02-06,1.95,1.99,1.83,1.86,2251409,NYSEAMERICAN:UAMY
2025-02-07,1.85,1.88,1.79,1.84,1123387,NYSEAMERICAN:UAMY
2025-02-10,1.88,2.08,1.86,2.01,4803285,NYSEAMERICAN:UAMY
2025-02-11,1.99,2.06,1.79,1.91,3929825,NYSEAMERICAN:UAMY
2025-02-12,1.9,2,1.9,1.92,1439845,NYSEAMERICAN:UAMY
2025-02-13,1.97,2.09,1.9,2.06,3983913,NYSEAMERICAN:UAMY
2025-02-14,2.07,2.07,1.88,1.9,2410227,NYSEAMERICAN:UAMY
2025-02-18,1.89,1.91,1.74,1.83,2242613,NYSEAMERICAN:UAMY
2025-02-19,1.82,1.82,1.74,1.74,1562993,NYSEAMERICAN:UAMY
2025-02-20,1.75,1.79,1.69,1.7,1394503,NYSEAMERICAN:UAMY
2025-02-21,1.7,1.71,1.55,1.57,2959226,NYSEAMERICAN:UAMY
2025-02-24,1.61,1.64,1.45,1.5,2467045,NYSEAMERICAN:UAMY
2025-02-25,1.52,1.54,1.37,1.45,2102428,NYSEAMERICAN:UAMY
2025-02-26,1.44,1.52,1.4,1.44,1819367,NYSEAMERICAN:UAMY
2025-02-27,1.46,1.5,1.35,1.37,1717864,NYSEAMERICAN:UAMY
2025-02-28,1.34,1.44,1.26,1.38,3092560,NYSEAMERICAN:UAMY
2025-03-03,1.42,1.47,1.28,1.29,2130593,NYSEAMERICAN:UAMY
2025-03-04,1.24,1.32,1.21,1.26,1697103,NYSEAMERICAN:UAMY
2025-03-05,1.35,1.47,1.34,1.44,2742592,NYSEAMERICAN:UAMY
2025-03-06,1.44,1.55,1.38,1.41,2419942,NYSEAMERICAN:UAMY
2025-03-07,1.4,1.44,1.34,1.44,1544785,NYSEAMERICAN:UAMY
2025-03-10,1.46,1.48,1.25,1.3,2060878,NYSEAMERICAN:UAMY
2025-03-11,1.29,1.46,1.29,1.44,1834320,NYSEAMERICAN:UAMY
2025-03-12,1.5,1.53,1.44,1.47,1009830,NYSEAMERICAN:UAMY
2025-03-13,1.46,1.63,1.46,1.6,2277747,NYSEAMERICAN:UAMY
2025-03-14,1.62,1.69,1.57,1.69,1541093,NYSEAMERICAN:UAMY
2025-03-17,1.72,1.75,1.65,1.72,1199061,NYSEAMERICAN:UAMY
2025-03-18,1.72,1.74,1.65,1.7,1070632,NYSEAMERICAN:UAMY
2025-03-19,1.72,1.82,1.68,1.8,1156361,NYSEAMERICAN:UAMY
2025-03-20,1.82,1.83,1.72,1.79,1591447,NYSEAMERICAN:UAMY
2025-03-21,1.89,2.2,1.8,2.11,8248450,NYSEAMERICAN:UAMY
2025-03-24,2,2.27,1.86,2.23,5616464,NYSEAMERICAN:UAMY
2025-03-25,2.36,2.41,2.2,2.21,5036157,NYSEAMERICAN:UAMY
2025-03-26,2.17,2.28,2.1,2.28,2239368,NYSEAMERICAN:UAMY
2025-03-27,2.27,2.45,2.2,2.34,3299546,NYSEAMERICAN:UAMY
2025-03-28,2.4,2.41,2.17,2.28,2982876,NYSEAMERICAN:UAMY
2025-03-31,2.23,2.32,2.16,2.2,2095754,NYSEAMERICAN:UAMY
2025-04-01,2.21,2.28,2.13,2.25,1263021,NYSEAMERICAN:UAMY
2025-04-02,2.23,2.37,2.17,2.33,1934784,NYSEAMERICAN:UAMY
2025-04-03,2.19,2.4,2.17,2.33,2621628,NYSEAMERICAN:UAMY
2025-04-04,2.25,2.26,1.87,1.97,4942351,NYSEAMERICAN:UAMY
2025-04-07,1.82,2.11,1.69,2.01,3242241,NYSEAMERICAN:UAMY
2025-04-08,2.14,2.19,1.94,1.95,1811440,NYSEAMERICAN:UAMY
2025-04-09,1.98,2.28,1.97,2.24,5111836,NYSEAMERICAN:UAMY
2025-04-10,2.24,2.59,2.2,2.55,7449266,NYSEAMERICAN:UAMY
2025-04-11,2.63,2.87,2.53,2.79,7948062,NYSEAMERICAN:UAMY
2025-04-14,3.05,3.15,2.86,3.14,7257548,NYSEAMERICAN:UAMY
2025-04-15,3.2,3.49,3,3.26,8524066,NYSEAMERICAN:UAMY
2025-04-16,3.35,3.6,3.33,3.49,8066809,NYSEAMERICAN:UAMY
2025-04-17,3.51,3.54,3.11,3.2,5693630,NYSEAMERICAN:UAMY
2025-04-21,2.95,3.26,2.91,3,3792886,NYSEAMERICAN:UAMY
2025-04-22,3.03,3.27,3.03,3.26,2865511,NYSEAMERICAN:UAMY
2025-04-23,3.33,3.52,3.28,3.44,4029991,NYSEAMERICAN:UAMY
2025-04-24,3.5,3.86,3.41,3.77,6396522,NYSEAMERICAN:UAMY
2025-04-25,3.71,3.75,3.36,3.4,4441025,NYSEAMERICAN:UAMY
2025-04-28,3.54,3.64,3.19,3.36,3099479,NYSEAMERICAN:UAMY
2025-04-29,3.23,3.34,3.08,3.29,3214884,NYSEAMERICAN:UAMY
2025-04-30,3.21,3.32,3.13,3.21,2443125,NYSEAMERICAN:UAMY
2025-05-01,3.23,3.42,3.13,3.22,3375348,NYSEAMERICAN:UAMY
2025-05-02,3.35,3.59,3.33,3.4,5535281,NYSEAMERICAN:UAMY
2025-05-05,3.45,3.52,3.23,3.41,2858635,NYSEAMERICAN:UAMY
2025-05-06,3.38,3.56,3.32,3.55,2956920,NYSEAMERICAN:UAMY
2025-05-07,3.66,3.8,3.53,3.79,5525920,NYSEAMERICAN:UAMY
2025-05-08,3.8,3.84,3.41,3.52,4441441,NYSEAMERICAN:UAMY
2025-05-09,3.65,3.7,3.28,3.28,3095592,NYSEAMERICAN:UAMY
2025-05-12,3.25,3.26,2.57,2.65,9277583,NYSEAMERICAN:UAMY
2025-05-13,2.7,2.72,2.33,2.58,6831629,NYSEAMERICAN:UAMY
2025-05-14,2.58,2.66,2.52,2.59,2397060,NYSEAMERICAN:UAMY
2025-05-15,2.59,2.69,2.5,2.58,2543536,NYSEAMERICAN:UAMY
2025-05-16,2.55,2.6,2.5,2.5,2052833,NYSEAMERICAN:UAMY
2025-05-19,2.49,2.78,2.45,2.73,3765560,NYSEAMERICAN:UAMY
2025-05-20,2.85,2.86,2.56,2.62,2598746,NYSEAMERICAN:UAMY
2025-05-21,2.58,2.68,2.47,2.5,2107917,NYSEAMERICAN:UAMY
2025-05-22,2.58,2.68,2.47,2.5,29213,NYSEAMERICAN:UAMY
2025-05-23,2.52,2.56,2.46,2.53,1966308,NYSEAMERICAN:UAMY
2025-05-27,2.57,2.62,2.5,2.57,2111551,NYSEAMERICAN:UAMY
2025-05-28,2.6,2.6,2.37,2.42,2766396,NYSEAMERICAN:UAMY
2025-05-29,2.45,2.47,2.3,2.4,2130996,NYSEAMERICAN:UAMY
2025-05-30,2.39,2.46,2.33,2.42,1724110,NYSEAMERICAN:UAMY
2025-06-02,2.43,2.81,2.43,2.53,4538074,NYSEAMERICAN:UAMY
2025-06-03,2.56,2.74,2.46,2.66,3391066,NYSEAMERICAN:UAMY
2025-06-04,2.76,2.8,2.62,2.75,3744597,NYSEAMERICAN:UAMY
2025-06-05,3.28,3.39,2.93,3,10795509,NYSEAMERICAN:UAMY
2025-06-06,3.1,3.56,3.05,3.37,6967589,NYSEAMERICAN:UAMY
2025-06-09,3.49,3.5,2.91,3.05,7801021,NYSEAMERICAN:UAMY
2025-06-10,3.05,3.16,2.9,2.94,3495629,NYSEAMERICAN:UAMY
2025-06-11,2.9,3.03,2.8,3.03,4197968,NYSEAMERICAN:UAMY
2025-06-12,3.03,3.09,2.96,3.02,2148704,NYSEAMERICAN:UAMY
2025-06-13,2.98,3.05,2.88,2.93,2700270,NYSEAMERICAN:UAMY
2025-06-16,2.97,3.1,2.86,2.9,2123377,NYSEAMERICAN:UAMY
2025-06-17,2.91,2.93,2.74,2.78,2508636,NYSEAMERICAN:UAMY
2025-06-18,2.8,2.95,2.71,2.9,3009177,NYSEAMERICAN:UAMY
2025-06-20,2.95,3.04,2.72,2.73,2869306,NYSEAMERICAN:UAMY
2025-06-23,2.74,2.79,2.58,2.72,2956040,NYSEAMERICAN:UAMY
2025-06-24,2.72,2.72,2.57,2.58,2332087,NYSEAMERICAN:UAMY
2025-06-25,2.64,2.68,2.46,2.53,2407188,NYSEAMERICAN:UAMY
2025-06-26,2.52,2.71,2.4,2.63,3513351,NYSEAMERICAN:UAMY
2025-06-27,2.53,2.53,2.22,2.39,21919048,NYSEAMERICAN:UAMY
2025-06-30,2.4,2.43,2.12,2.18,6536463,NYSEAMERICAN:UAMY
2025-07-01,2.23,2.24,1.94,1.97,7934543,NYSEAMERICAN:UAMY
2025-07-02,1.96,2.22,1.94,2.13,5249116,NYSEAMERICAN:UAMY
2025-07-03,2.16,2.25,2.1,2.22,3655541,NYSEAMERICAN:UAMY
2025-07-07,2.23,2.29,2.11,2.26,3416985,NYSEAMERICAN:UAMY
2025-07-08,2.29,2.33,2.15,2.24,3398774,NYSEAMERICAN:UAMY
2025-07-09,2.26,2.3,2.21,2.26,2446318,NYSEAMERICAN:UAMY
2025-07-10,2.45,2.67,2.42,2.66,8981966,NYSEAMERICAN:UAMY
2025-07-11,2.72,2.74,2.52,2.72,4022002,NYSEAMERICAN:UAMY
2025-07-14,2.83,3.17,2.82,2.99,9210198,NYSEAMERICAN:UAMY
2025-07-15,3.14,3.34,2.93,3.29,10495632,NYSEAMERICAN:UAMY
2025-07-16,3.4,3.8,3.2,3.74,15822930,NYSEAMERICAN:UAMY
2025-07-17,3.37,3.82,3.35,3.73,8299968,NYSEAMERICAN:UAMY
2025-07-18,3.85,4.19,3.74,3.87,11027243,NYSEAMERICAN:UAMY
2025-07-21,4.07,4.12,3.51,3.53,7684537,NYSEAMERICAN:UAMY
2025-07-22,3.47,3.56,3.28,3.56,4226830,NYSEAMERICAN:UAMY
2025-07-23,3.59,3.74,3.51,3.73,3606422,NYSEAMERICAN:UAMY
2025-07-24,3.75,3.82,3.53,3.6,3332666,NYSEAMERICAN:UAMY
2025-07-25,3.53,3.6,3.24,3.35,4324338,NYSEAMERICAN:UAMY
2025-07-28,3.35,3.41,3.16,3.34,2832084,NYSEAMERICAN:UAMY
2025-07-29,3.31,3.35,3.05,3.07,3246125,NYSEAMERICAN:UAMY
2025-07-30,3.08,3.2,2.88,2.92,5308269,NYSEAMERICAN:UAMY
2025-07-31,2.8,3.08,2.8,3.06,4182551,NYSEAMERICAN:UAMY
2025-08-01,2.95,3.11,2.88,2.96,3614971,NYSEAMERICAN:UAMY
2025-08-04,3.01,3.59,3.01,3.55,6966779,NYSEAMERICAN:UAMY
2025-08-05,3.6,3.63,3.27,3.44,4577973,NYSEAMERICAN:UAMY
2025-08-06,3.45,3.5,3.26,3.4,3092689,NYSEAMERICAN:UAMY
2025-08-07,3.48,3.62,3.44,3.52,3446241,NYSEAMERICAN:UAMY
2025-08-08,3.7,3.79,3.48,3.64,4848254,NYSEAMERICAN:UAMY
2025-08-11,3.85,4.04,3.69,3.79,7526901,NYSEAMERICAN:UAMY
2025-08-12,3.84,3.91,3.6,3.82,5019175,NYSEAMERICAN:UAMY
2025-08-13,3.84,4.01,3.41,4.01,10180968,NYSEAMERICAN:UAMY
2025-08-14,3.97,4.15,3.82,4.13,6007092,NYSEAMERICAN:UAMY
2025-08-15,4.14,4.42,3.95,4.27,7026819,NYSEAMERICAN:UAMY
2025-08-18,4.4,4.58,4.23,4.49,6411542,NYSEAMERICAN:UAMY
2025-08-19,4.5,4.62,4.07,4.26,7206116,NYSEAMERICAN:UAMY
2025-08-20,4.1,4.54,3.93,4.4,7469429,NYSEAMERICAN:UAMY
2025-08-21,4.33,4.59,4.22,4.54,5021483,NYSEAMERICAN:UAMY
2025-08-22,4.55,4.83,4.43,4.72,9232741,NYSEAMERICAN:UAMY
2025-08-25,4.79,4.98,4.55,4.82,8761596,NYSEAMERICAN:UAMY
2025-08-26,4.9,5.13,4.8,4.94,7422006,NYSEAMERICAN:UAMY
2025-08-27,4.84,4.93,4.57,4.59,6381895,NYSEAMERICAN:UAMY
2025-08-28,4.57,4.68,4.38,4.57,4591375,NYSEAMERICAN:UAMY
2025-08-29,4.6,4.69,4.43,4.55,5761307,NYSEAMERICAN:UAMY
2025-09-02,4.45,4.5,4.14,4.31,4448455,NYSEAMERICAN:UAMY
2025-09-03,4.38,4.54,4.27,4.31,3610184,NYSEAMERICAN:UAMY
2025-09-04,4.3,4.59,4.25,4.58,3905608,NYSEAMERICAN:UAMY
2025-09-05,4.65,4.72,4.26,4.51,4799836,NYSEAMERICAN:UAMY
2025-09-08,4.46,4.48,4.31,4.31,3240355,NYSEAMERICAN:UAMY
2025-09-09,4.32,4.95,4.3,4.62,5158585,NYSEAMERICAN:UAMY
2025-09-10,4.55,5,4.55,4.71,6214923,NYSEAMERICAN:UAMY
2025-09-11,4.75,4.8,4.5,4.59,4633896,NYSEAMERICAN:UAMY
2025-09-12,4.55,4.96,4.46,4.93,4918382,NYSEAMERICAN:UAMY
2025-09-15,4.91,5.09,4.84,5.07,4633997,NYSEAMERICAN:UAMY
2025-09-16,5.14,5.5,5.02,5.32,8340747,NYSEAMERICAN:UAMY
2025-09-17,5.33,5.68,5.23,5.6,5658191,NYSEAMERICAN:UAMY
2025-09-18,5.68,5.93,5.48,5.89,6740528,NYSEAMERICAN:UAMY
2025-09-19,5.98,6.68,5.94,6.49,20200422,NYSEAMERICAN:UAMY
2025-09-22,6.5,6.53,6.05,6.45,6826470,NYSEAMERICAN:UAMY
2025-09-23,7.07,8.17,6.99,7.3,29007539,NYSEAMERICAN:UAMY
2025-09-24,7.87,7.97,6.46,6.67,14867880,NYSEAMERICAN:UAMY
2025-09-25,6.5,6.96,6.15,6.31,11130257,NYSEAMERICAN:UAMY
2025-09-26,6.46,7,6.02,6.25,9873656,NYSEAMERICAN:UAMY
2025-09-29,6.42,6.68,6.23,6.39,6218085,NYSEAMERICAN:UAMY
2025-09-30,6.31,6.63,5.95,6.2,6488133,NYSEAMERICAN:UAMY
2025-10-01,6.75,7.68,6.67,7.55,18193366,NYSEAMERICAN:UAMY
2025-10-02,7.64,7.75,7.22,7.51,8271120,NYSEAMERICAN:UAMY
2025-10-03,7.6,8.4,7.46,7.75,12260818,NYSEAMERICAN:UAMY
2025-10-06,8.24,8.59,7.6,8.09,15999372,NYSEAMERICAN:UAMY
2025-10-07,8.49,9.49,8.41,8.7,20387726,NYSEAMERICAN:UAMY
2025-10-08,9.49,10.04,9.2,9.52,21930201,NYSEAMERICAN:UAMY
2025-10-09,10.26,10.97,10.09,10.88,19425105,NYSEAMERICAN:UAMY
2025-10-10,12,13.93,11.42,12.21,35904116,NYSEAMERICAN:UAMY
2025-10-13,14.69,17.27,13.36,16.71,45854808,NYSEAMERICAN:UAMY
2025-10-14,19.5,19.71,15.42,17.47,53749294,NYSEAMERICAN:UAMY
2025-10-15,15.96,16.71,12.88,13.76,41603627,NYSEAMERICAN:UAMY
2025-10-16,13.81,14.13,11.88,12.56,22815935,NYSEAMERICAN:UAMY
2025-10-17,11.01,12.4,10.68,11.19,19399554,NYSEAMERICAN:UAMY
2025-10-20,13.3,13.84,11.02,13.43,31869444,NYSEAMERICAN:UAMY
2025-10-21,12.5,12.64,11.21,12.39,24043969,NYSEAMERICAN:UAMY
2025-10-22,12.06,13.71,11.51,13.11,27890414,NYSEAMERICAN:UAMY
2025-10-23,12.52,12.56,11.65,11.73,15557921,NYSEAMERICAN:UAMY
2025-10-24,11.91,12.49,11.44,12.01,14549692,NYSEAMERICAN:UAMY
2025-10-27,10.15,10.27,8.91,9.57,27802788,NYSEAMERICAN:UAMY
2025-10-28,8.99,9.68,8.93,9.14,13061367,NYSEAMERICAN:UAMY
2025-10-29,8.95,9.14,8.15,8.4,20673810,NYSEAMERICAN:UAMY
2025-10-30,9.25,9.33,7.89,8.34,21940383,NYSEAMERICAN:UAMY
2025-10-31,8.14,8.31,7.71,8.07,13267977,NYSEAMERICAN:UAMY
2024-10-30,0.81,0.82,0.77,0.78,271199,NASDAQ:ONDS
2024-10-31,0.77,0.77,0.72,0.77,291974,NASDAQ:ONDS
2024-11-01,0.78,0.79,0.74,0.74,156899,NASDAQ:ONDS
2024-11-04,0.72,0.76,0.72,0.74,82151,NASDAQ:ONDS
2024-11-05,0.76,0.78,0.73,0.74,230813,NASDAQ:ONDS
2024-11-06,0.74,0.79,0.74,0.78,223865,NASDAQ:ONDS
2024-11-07,0.8,0.83,0.74,0.75,472093,NASDAQ:ONDS
2024-11-08,0.75,0.8,0.72,0.75,176319,NASDAQ:ONDS
2024-11-11,0.76,0.82,0.73,0.8,258417,NASDAQ:ONDS
2024-11-12,0.76,0.86,0.76,0.79,427734,NASDAQ:ONDS
2024-11-13,0.75,0.8,0.74,0.76,297136,NASDAQ:ONDS
2024-11-14,0.78,0.8,0.73,0.74,204768,NASDAQ:ONDS
2024-11-15,0.73,0.8,0.67,0.71,497482,NASDAQ:ONDS
2024-11-18,0.74,0.74,0.66,0.67,346162,NASDAQ:ONDS
2024-11-19,0.67,0.72,0.66,0.67,376281,NASDAQ:ONDS
2024-11-20,0.68,0.72,0.67,0.71,231805,NASDAQ:ONDS
2024-11-21,0.72,0.86,0.72,0.81,1043504,NASDAQ:ONDS
2024-11-22,0.87,1.02,0.85,0.89,1709914,NASDAQ:ONDS
2024-11-25,0.94,0.95,0.8,0.86,1997658,NASDAQ:ONDS
2024-11-26,0.89,0.92,0.82,0.84,782336,NASDAQ:ONDS
2024-11-27,0.84,0.89,0.79,0.87,652710,NASDAQ:ONDS
2024-11-29,1.12,1.2,0.94,0.98,16927165,NASDAQ:ONDS
2024-12-02,1.21,1.25,0.77,0.82,19789218,NASDAQ:ONDS
2024-12-03,0.85,0.86,0.7,0.8,4262144,NASDAQ:ONDS
2024-12-04,0.78,0.81,0.75,0.79,1564969,NASDAQ:ONDS
2024-12-05,0.8,0.8,0.75,0.76,2165533,NASDAQ:ONDS
2024-12-06,0.75,0.82,0.68,0.8,2617293,NASDAQ:ONDS
2024-12-09,0.8,0.82,0.76,0.81,984246,NASDAQ:ONDS
2024-12-10,0.81,1.07,0.79,0.87,3730628,NASDAQ:ONDS
2024-12-11,0.9,1.08,0.87,1.05,8070404,NASDAQ:ONDS
2024-12-12,1.04,1.07,0.96,1.02,2802414,NASDAQ:ONDS
2024-12-13,1.03,1.43,0.91,1.4,9390345,NASDAQ:ONDS
2024-12-16,1.57,1.75,1.36,1.66,14489284,NASDAQ:ONDS
2024-12-17,1.8,1.88,1.46,1.67,13607439,NASDAQ:ONDS
2024-12-18,1.71,1.77,1.06,1.29,8246459,NASDAQ:ONDS
2024-12-19,1.56,1.56,1.25,1.36,5618675,NASDAQ:ONDS
2024-12-20,1.27,1.53,1.2,1.47,5409100,NASDAQ:ONDS
2024-12-23,1.6,1.95,1.52,1.95,9984230,NASDAQ:ONDS
2024-12-24,2.06,2.2,1.8,2.02,8457278,NASDAQ:ONDS
2024-12-26,2.17,2.67,2.13,2.51,11925224,NASDAQ:ONDS
2024-12-27,2.89,3.1,2.34,2.59,15700226,NASDAQ:ONDS
2024-12-30,2.74,3.14,2.55,2.79,21302303,NASDAQ:ONDS
2024-12-31,2.71,2.73,2.28,2.56,9096659,NASDAQ:ONDS
2025-01-02,2.5,2.79,2.45,2.63,10396079,NASDAQ:ONDS
2025-01-03,3.23,3.4,2.76,2.8,37322538,NASDAQ:ONDS
2025-01-06,3.05,3.13,2.63,2.69,15491348,NASDAQ:ONDS
2025-01-07,2.69,2.76,2.4,2.65,8343441,NASDAQ:ONDS
2025-01-08,2.72,2.73,2.09,2.54,20144708,NASDAQ:ONDS
2025-01-10,2.39,2.46,2.2,2.24,6276268,NASDAQ:ONDS
2025-01-13,2.05,2.19,1.82,1.88,8172034,NASDAQ:ONDS
2025-01-14,1.9,2.13,1.9,1.99,4833755,NASDAQ:ONDS
2025-01-15,2.06,2.26,2,2.21,5071733,NASDAQ:ONDS
2025-01-16,2.27,2.27,2.01,2.2,3917815,NASDAQ:ONDS
2025-01-17,2.2,2.2,2.02,2.07,3928218,NASDAQ:ONDS
2025-01-21,2.1,2.14,1.94,2.01,4724561,NASDAQ:ONDS
2025-01-22,2.07,2.46,1.99,2.37,7804230,NASDAQ:ONDS
2025-01-23,2.17,2.3,2.1,2.11,4018154,NASDAQ:ONDS
2025-01-24,2.06,2.21,1.98,2.04,4373147,NASDAQ:ONDS
2025-01-27,1.89,2,1.83,1.94,3832350,NASDAQ:ONDS
2025-01-28,1.93,1.99,1.81,1.81,2620010,NASDAQ:ONDS
2025-01-29,1.74,1.81,1.64,1.71,3883461,NASDAQ:ONDS
2025-01-30,1.74,1.77,1.68,1.69,2345957,NASDAQ:ONDS
2025-01-31,1.69,1.84,1.67,1.75,3084959,NASDAQ:ONDS
2025-02-03,1.61,1.68,1.5,1.6,2885675,NASDAQ:ONDS
2025-02-04,1.62,1.7,1.62,1.69,1712871,NASDAQ:ONDS
2025-02-05,1.72,1.72,1.61,1.64,2167959,NASDAQ:ONDS
2025-02-06,1.68,1.85,1.68,1.76,2754260,NASDAQ:ONDS
2025-02-07,1.78,1.92,1.76,1.91,3689891,NASDAQ:ONDS
2025-02-10,2,2.12,1.82,2.1,5051669,NASDAQ:ONDS
2025-02-11,2.05,2.23,2,2.1,5500961,NASDAQ:ONDS
2025-02-12,2.03,2.14,1.93,1.94,4053551,NASDAQ:ONDS
2025-02-13,1.94,1.95,1.84,1.92,1972824,NASDAQ:ONDS
2025-02-14,1.9,1.97,1.81,1.83,1961797,NASDAQ:ONDS
2025-02-18,1.84,1.94,1.61,1.65,3484464,NASDAQ:ONDS
2025-02-19,1.64,1.68,1.4,1.43,5038067,NASDAQ:ONDS
2025-02-20,1.39,1.46,1.33,1.39,2375812,NASDAQ:ONDS
2025-02-21,1.4,1.45,1.24,1.25,2586564,NASDAQ:ONDS
2025-02-24,1.25,1.26,1.1,1.1,3109908,NASDAQ:ONDS
2025-02-25,1.17,1.21,1,1.04,4790054,NASDAQ:ONDS
2025-02-26,1.06,1.14,1.03,1.08,2303209,NASDAQ:ONDS
2025-02-27,1.08,1.13,0.97,0.97,1932761,NASDAQ:ONDS
2025-02-28,0.95,1.02,0.92,0.98,1851922,NASDAQ:ONDS
2025-03-03,0.99,1,0.84,0.85,2791769,NASDAQ:ONDS
2025-03-04,0.8,0.94,0.79,0.87,2542022,NASDAQ:ONDS
2025-03-05,0.87,0.9,0.83,0.89,1323876,NASDAQ:ONDS
2025-03-06,0.87,0.9,0.8,0.8,1486917,NASDAQ:ONDS
2025-03-07,0.83,0.83,0.75,0.81,2417508,NASDAQ:ONDS
2025-03-10,0.8,0.81,0.69,0.73,3059221,NASDAQ:ONDS
2025-03-11,1.18,1.18,0.68,0.72,104014692,NASDAQ:ONDS
2025-03-12,0.69,0.71,0.57,0.7,22566265,NASDAQ:ONDS
2025-03-13,0.67,0.72,0.65,0.68,8211714,NASDAQ:ONDS
2025-03-14,0.66,0.74,0.65,0.74,6426906,NASDAQ:ONDS
2025-03-17,0.72,0.79,0.72,0.77,5713292,NASDAQ:ONDS
2025-03-18,0.78,0.8,0.72,0.74,2430560,NASDAQ:ONDS
2025-03-19,0.73,0.77,0.72,0.76,2230532,NASDAQ:ONDS
2025-03-20,0.75,0.76,0.68,0.69,2517644,NASDAQ:ONDS
2025-03-21,0.68,0.72,0.68,0.7,1467275,NASDAQ:ONDS
2025-03-24,0.71,0.82,0.69,0.81,9963884,NASDAQ:ONDS
2025-03-25,0.85,0.9,0.8,0.89,8523499,NASDAQ:ONDS
2025-03-26,0.9,0.97,0.81,0.85,7836932,NASDAQ:ONDS
2025-03-27,0.84,1.01,0.83,1,10619455,NASDAQ:ONDS
2025-03-28,1,1.14,0.89,1.12,16871496,NASDAQ:ONDS
2025-03-31,1.05,1.25,0.89,1.07,28188344,NASDAQ:ONDS
2025-04-01,1.15,1.15,1.01,1.1,14836286,NASDAQ:ONDS
2025-04-02,1.04,1.13,0.99,1.11,7917628,NASDAQ:ONDS
2025-04-03,1.02,1.07,0.86,0.9,12366901,NASDAQ:ONDS
2025-04-04,0.88,0.97,0.83,0.92,8010019,NASDAQ:ONDS
2025-04-07,0.86,0.99,0.82,0.86,5534757,NASDAQ:ONDS
2025-04-08,0.88,0.9,0.72,0.75,7639777,NASDAQ:ONDS
2025-04-09,0.73,0.84,0.66,0.83,13336718,NASDAQ:ONDS
2025-04-10,0.81,0.82,0.71,0.78,4690750,NASDAQ:ONDS
2025-04-11,0.79,0.83,0.75,0.81,4343812,NASDAQ:ONDS
2025-04-14,0.92,0.97,0.86,0.91,13336711,NASDAQ:ONDS
2025-04-15,0.93,0.94,0.85,0.87,7549246,NASDAQ:ONDS
2025-04-16,0.84,0.88,0.82,0.86,4399647,NASDAQ:ONDS
2025-04-17,0.88,0.92,0.85,0.89,4492492,NASDAQ:ONDS
2025-04-21,0.85,0.87,0.77,0.8,4411842,NASDAQ:ONDS
2025-04-22,0.82,0.83,0.77,0.82,5087800,NASDAQ:ONDS
2025-04-23,0.87,0.9,0.83,0.84,4594318,NASDAQ:ONDS
2025-04-24,0.86,0.88,0.78,0.8,6499112,NASDAQ:ONDS
2025-04-25,0.79,0.82,0.69,0.72,10753583,NASDAQ:ONDS
2025-04-28,0.75,0.78,0.73,0.75,5364780,NASDAQ:ONDS
2025-04-29,0.76,0.83,0.73,0.81,5670440,NASDAQ:ONDS
2025-04-30,0.76,0.79,0.74,0.78,3395606,NASDAQ:ONDS
2025-05-01,0.78,0.83,0.77,0.79,4499369,NASDAQ:ONDS
2025-05-02,0.81,0.85,0.79,0.82,5630308,NASDAQ:ONDS
2025-05-05,0.79,0.8,0.76,0.76,3695243,NASDAQ:ONDS
2025-05-06,0.78,0.78,0.74,0.76,3144994,NASDAQ:ONDS
2025-05-07,0.75,0.76,0.73,0.75,2275125,NASDAQ:ONDS
2025-05-08,0.75,0.8,0.73,0.79,4742370,NASDAQ:ONDS
2025-05-09,0.79,0.8,0.76,0.77,3193106,NASDAQ:ONDS
2025-05-12,0.77,0.84,0.76,0.83,6682249,NASDAQ:ONDS
2025-05-13,0.81,0.89,0.81,0.86,7082273,NASDAQ:ONDS
2025-05-14,0.92,0.92,0.84,0.88,7950216,NASDAQ:ONDS
2025-05-15,0.85,0.87,0.76,0.86,12705438,NASDAQ:ONDS
2025-05-16,0.86,0.94,0.84,0.93,9434088,NASDAQ:ONDS
2025-05-19,0.89,1,0.86,0.98,12901356,NASDAQ:ONDS
2025-05-20,1.01,1.05,0.93,0.94,10236474,NASDAQ:ONDS
2025-05-21,0.95,1,0.83,0.87,8820513,NASDAQ:ONDS
2025-05-22,0.85,0.92,0.84,0.91,4150601,NASDAQ:ONDS
2025-05-23,0.86,0.96,0.86,0.93,5116440,NASDAQ:ONDS
2025-05-27,0.92,0.95,0.89,0.94,5190248,NASDAQ:ONDS
2025-05-28,0.95,1.15,0.93,1.07,13060980,NASDAQ:ONDS
2025-05-29,1.1,1.1,1,1.07,7789959,NASDAQ:ONDS
2025-05-30,1.08,1.23,1.07,1.22,17600733,NASDAQ:ONDS
2025-06-02,1.35,1.52,1.26,1.47,35215737,NASDAQ:ONDS
2025-06-03,1.59,1.66,1.4,1.42,31332424,NASDAQ:ONDS
2025-06-04,1.5,1.79,1.46,1.75,24422957,NASDAQ:ONDS
2025-06-05,1.89,1.89,1.5,1.58,31020428,NASDAQ:ONDS
2025-06-06,1.66,1.87,1.58,1.7,23804944,NASDAQ:ONDS
2025-06-09,1.94,2.05,1.67,1.68,43161783,NASDAQ:ONDS
2025-06-10,1.48,1.7,1.45,1.52,32790787,NASDAQ:ONDS
2025-06-11,1.6,1.6,1.4,1.48,12197557,NASDAQ:ONDS
2025-06-12,1.53,1.75,1.51,1.71,20835866,NASDAQ:ONDS
2025-06-13,1.74,1.87,1.66,1.82,29549553,NASDAQ:ONDS
2025-06-16,1.85,1.9,1.67,1.69,18985398,NASDAQ:ONDS
2025-06-17,1.69,1.7,1.52,1.56,13661558,NASDAQ:ONDS
2025-06-18,1.57,1.61,1.46,1.55,10932663,NASDAQ:ONDS
2025-06-20,1.63,1.67,1.52,1.58,14369036,NASDAQ:ONDS
2025-06-23,1.58,1.58,1.36,1.43,21290637,NASDAQ:ONDS
2025-06-24,1.54,1.6,1.47,1.59,14711436,NASDAQ:ONDS
2025-06-25,1.74,1.85,1.55,1.6,39187144,NASDAQ:ONDS
2025-06-26,1.62,1.79,1.53,1.75,31484640,NASDAQ:ONDS
2025-06-27,1.76,1.91,1.69,1.83,24201288,NASDAQ:ONDS
2025-06-30,2.02,2.29,1.91,1.92,46230147,NASDAQ:ONDS
2025-07-01,1.89,1.96,1.8,1.96,15210382,NASDAQ:ONDS
2025-07-02,1.92,1.95,1.8,1.88,12112017,NASDAQ:ONDS
2025-07-03,1.92,2.02,1.82,1.85,11619682,NASDAQ:ONDS
2025-07-07,1.84,1.97,1.72,1.75,12527214,NASDAQ:ONDS
2025-07-08,1.78,1.83,1.71,1.79,10509157,NASDAQ:ONDS
2025-07-09,1.88,1.93,1.8,1.84,18739562,NASDAQ:ONDS
2025-07-10,1.85,2.05,1.8,2.01,23516426,NASDAQ:ONDS
2025-07-11,2.12,2.24,2.05,2.12,30779837,NASDAQ:ONDS
2025-07-14,2.17,2.45,2.12,2.31,35769807,NASDAQ:ONDS
2025-07-15,2.33,2.35,2.2,2.29,14686623,NASDAQ:ONDS
2025-07-16,2.23,2.44,2.19,2.4,21250955,NASDAQ:ONDS
2025-07-17,2.48,2.64,2.28,2.4,26646732,NASDAQ:ONDS
2025-07-18,2.43,2.48,2.19,2.23,20672459,NASDAQ:ONDS
2025-07-21,2.3,2.7,2.24,2.25,40600551,NASDAQ:ONDS
2025-07-22,2.26,2.27,2.02,2.1,20187601,NASDAQ:ONDS
2025-07-23,2.13,2.2,2.05,2.18,10621683,NASDAQ:ONDS
2025-07-24,2.19,2.33,2.13,2.14,11637066,NASDAQ:ONDS
2025-07-25,2.12,2.14,2.06,2.13,8347820,NASDAQ:ONDS
2025-07-28,2.15,2.2,1.98,2,11429695,NASDAQ:ONDS
2025-07-29,2.01,2.01,1.78,1.82,18967484,NASDAQ:ONDS
2025-07-30,1.87,2.14,1.85,2.07,27107669,NASDAQ:ONDS
2025-07-31,2.17,2.22,2.03,2.12,22804572,NASDAQ:ONDS
2025-08-01,2.05,2.27,2.01,2.2,23356185,NASDAQ:ONDS
2025-08-04,2.28,2.67,2.25,2.67,41381179,NASDAQ:ONDS
2025-08-05,2.75,3.09,2.66,3.07,56284020,NASDAQ:ONDS
2025-08-06,2.98,3.37,2.92,3.33,36704639,NASDAQ:ONDS
2025-08-07,3.4,3.5,3.09,3.25,34876200,NASDAQ:ONDS
2025-08-08,3.41,3.95,3.4,3.55,41406260,NASDAQ:ONDS
2025-08-11,3.61,3.76,3.31,3.43,26386930,NASDAQ:ONDS
2025-08-12,3.94,4.39,3.86,4.29,72955324,NASDAQ:ONDS
2025-08-13,3.48,3.79,3.44,3.52,94894896,NASDAQ:ONDS
2025-08-14,3.5,3.93,3.43,3.93,53138387,NASDAQ:ONDS
2025-08-15,3.83,4.23,3.75,3.86,48996016,NASDAQ:ONDS
2025-08-18,3.92,4.09,3.73,4.01,33261942,NASDAQ:ONDS
2025-08-19,4.14,4.33,3.56,3.59,49180079,NASDAQ:ONDS
2025-08-20,3.6,3.66,3.2,3.61,43915379,NASDAQ:ONDS
2025-08-21,3.64,3.89,3.51,3.8,29854523,NASDAQ:ONDS
2025-08-22,3.8,4.51,3.8,4.49,65687059,NASDAQ:ONDS
2025-08-25,4.68,4.98,4.53,4.85,46896658,NASDAQ:ONDS
2025-08-26,4.72,5.27,4.71,4.97,45928228,NASDAQ:ONDS
2025-08-27,5.02,5.51,5.01,5.07,47846437,NASDAQ:ONDS
2025-08-28,5.25,6.01,5.2,5.7,60658921,NASDAQ:ONDS
2025-08-29,6,6.19,5.54,5.86,55680238,NASDAQ:ONDS
2025-09-02,5.48,5.95,5.33,5.46,38115436,NASDAQ:ONDS
2025-09-03,5.62,5.68,5.01,5.03,32311358,NASDAQ:ONDS
2025-09-04,5.04,5.39,4.9,5.33,32980793,NASDAQ:ONDS
2025-09-05,5.45,5.68,5.03,5.63,34703477,NASDAQ:ONDS
2025-09-08,5.63,6.5,5.6,6.06,54462556,NASDAQ:ONDS
2025-09-09,5.31,5.59,5.21,5.45,91792969,NASDAQ:ONDS
2025-09-10,5.61,6,5.39,5.56,55210835,NASDAQ:ONDS
2025-09-11,5.68,6.44,5.41,6.42,62323027,NASDAQ:ONDS
2025-09-12,6.45,6.72,6.2,6.56,47214276,NASDAQ:ONDS
2025-09-15,6.71,6.86,6.25,6.38,37226274,NASDAQ:ONDS
2025-09-16,6.32,6.35,5.92,6.09,36544684,NASDAQ:ONDS
2025-09-17,6.06,6.25,5.75,6.1,42246153,NASDAQ:ONDS
2025-09-18,6.28,6.64,6.01,6.6,36806714,NASDAQ:ONDS
2025-09-19,6.55,6.84,6.42,6.72,45026780,NASDAQ:ONDS
2025-09-22,6.82,7.36,6.58,7.26,48685347,NASDAQ:ONDS
2025-09-23,7.52,8.12,7.23,7.88,59734600,NASDAQ:ONDS
2025-09-24,7.99,8.07,7.25,7.35,45667950,NASDAQ:ONDS
2025-09-25,7.01,7.84,6.79,7.75,62131039,NASDAQ:ONDS
2025-09-26,7.7,7.89,7.36,7.66,36510743,NASDAQ:ONDS
2025-09-29,7.96,8.71,7.8,7.87,68637307,NASDAQ:ONDS
2025-09-30,7.93,8.17,7.57,7.72,41885994,NASDAQ:ONDS
2025-10-01,7.75,7.95,7.18,7.31,40181926,NASDAQ:ONDS
2025-10-02,7.8,9.34,7.66,9.21,103739075,NASDAQ:ONDS
2025-10-03,9.51,10.28,9.19,9.91,72853961,NASDAQ:ONDS
2025-10-06,10.56,11.63,10.27,10.66,82293055,NASDAQ:ONDS
2025-10-07,11,11.55,10.45,11.09,56849501,NASDAQ:ONDS
2025-10-08,11.27,11.7,10.71,11.26,45083096,NASDAQ:ONDS
2025-10-09,11.14,11.39,10.38,10.49,43374850,NASDAQ:ONDS
2025-10-10,10.48,10.51,9.19,9.22,61337540,NASDAQ:ONDS
2025-10-13,10.03,11.22,9.68,10.81,51913369,NASDAQ:ONDS
2025-10-14,10.38,10.56,9.88,10.41,36075185,NASDAQ:ONDS
2025-10-15,10.83,10.87,9.16,9.51,49685753,NASDAQ:ONDS
2025-10-16,9.63,9.63,7.92,8.2,70659372,NASDAQ:ONDS
2025-10-17,7.95,8.16,7.56,7.61,43053544,NASDAQ:ONDS
2025-10-20,8.06,8.19,7.33,7.77,37823991,NASDAQ:ONDS
2025-10-21,7.68,7.91,7.12,7.19,30813679,NASDAQ:ONDS
2025-10-22,6.85,7.26,6.47,6.74,53445979,NASDAQ:ONDS
2025-10-23,6.85,7.3,6.65,7.06,36302869,NASDAQ:ONDS
2025-10-24,7.67,8.17,7.41,7.46,51306769,NASDAQ:ONDS
2025-10-27,8.19,8.32,7.52,7.53,48346942,NASDAQ:ONDS
2025-10-28,7.52,7.64,6.66,6.79,44421394,NASDAQ:ONDS
2025-10-29,6.9,6.95,6.52,6.75,36219297,NASDAQ:ONDS
2025-10-30,6.49,6.62,6.21,6.29,125439563,NASDAQ:ONDS
2025-10-31,6.25,6.5,6.12,6.44,103849069,NASDAQ:ONDS
2024-10-30,3.28,3.29,3.09,3.17,835217,NASDAQ:RCAT
2024-10-31,3.14,3.23,2.96,3.06,991397,NASDAQ:RCAT
2024-11-01,3.15,3.22,2.97,3.06,850551,NASDAQ:RCAT
2024-11-04,3.08,3.28,2.97,3.27,1214625,NASDAQ:RCAT
2024-11-05,3.26,3.45,3.17,3.42,1140634,NASDAQ:RCAT
2024-11-06,3.44,3.5,3.27,3.33,763175,NASDAQ:RCAT
2024-11-07,3.31,3.6,3.21,3.57,1128787,NASDAQ:RCAT
2024-11-08,3.55,3.67,3.41,3.64,962632,NASDAQ:RCAT
2024-11-11,3.73,3.83,3.48,3.75,1446638,NASDAQ:RCAT
2024-11-12,3.72,3.99,3.55,3.97,1565820,NASDAQ:RCAT
2024-11-13,4.04,4.22,3.81,3.82,1652069,NASDAQ:RCAT
2024-11-14,3.85,4.1,3.78,4.02,1686876,NASDAQ:RCAT
2024-11-15,4.6,5.01,4.43,4.7,7470718,NASDAQ:RCAT
2024-11-18,5,5.62,4.83,4.9,5968938,NASDAQ:RCAT
2024-11-19,4.97,5.15,4.43,4.74,8084996,NASDAQ:RCAT
2024-11-20,5.64,6.9,5.62,6.37,19483034,NASDAQ:RCAT
2024-11-21,7.06,7.86,6.56,7.3,14742017,NASDAQ:RCAT
2024-11-22,7.82,9.6,7.6,8.97,17753984,NASDAQ:RCAT
2024-11-25,9.9,10.25,8.55,9.61,13623365,NASDAQ:RCAT
2024-11-26,8.97,9.46,7.87,8.36,10491862,NASDAQ:RCAT
2024-11-27,8.56,9.65,8.55,9.27,7388075,NASDAQ:RCAT
2024-11-29,9.9,11.88,9.78,11.77,13276285,NASDAQ:RCAT
2024-12-02,12.4,12.57,10.11,10.57,11411888,NASDAQ:RCAT
2024-12-03,9.7,10.33,8.88,9.18,8230596,NASDAQ:RCAT
2024-12-04,9.5,10.03,8.11,8.39,9226878,NASDAQ:RCAT
2024-12-05,8.42,9.92,8.4,8.66,7168346,NASDAQ:RCAT
2024-12-06,8.64,8.75,8.09,8.17,4943282,NASDAQ:RCAT
2024-12-09,8.23,8.27,7.59,7.68,5627385,NASDAQ:RCAT
2024-12-10,7.53,7.88,7.07,7.7,4451004,NASDAQ:RCAT
2024-12-11,7.91,8.13,7.13,7.29,4078896,NASDAQ:RCAT
2024-12-12,7.01,7.44,6.71,7.19,4119026,NASDAQ:RCAT
2024-12-13,7.2,8.46,7.16,8.23,7337522,NASDAQ:RCAT
2024-12-16,9.86,11.33,8.9,10.45,49646030,NASDAQ:RCAT
2024-12-17,9.06,9.75,8.35,9.67,16559021,NASDAQ:RCAT
2024-12-18,9.92,9.99,7.8,8.15,14308758,NASDAQ:RCAT
2024-12-19,7.98,9.29,7.76,9.09,8751327,NASDAQ:RCAT
2024-12-20,8.86,11.32,8.77,10.75,23046678,NASDAQ:RCAT
2024-12-23,11.96,13.89,10.02,11.03,21573707,NASDAQ:RCAT
2024-12-24,10.74,12.3,10.51,11.89,9872980,NASDAQ:RCAT
2024-12-26,12.16,14.91,11.59,13.41,20364121,NASDAQ:RCAT
2024-12-27,13.99,14.22,11.88,12.26,15460305,NASDAQ:RCAT
2024-12-30,12.39,14.74,11.22,14.09,18030409,NASDAQ:RCAT
2024-12-31,13.8,13.8,12.1,12.85,9801663,NASDAQ:RCAT
2025-01-02,12.89,12.96,11.31,11.93,8479056,NASDAQ:RCAT
2025-01-03,12.32,13.98,12.05,13.2,11874911,NASDAQ:RCAT
2025-01-06,13.5,15.27,12.84,14.19,16451680,NASDAQ:RCAT
2025-01-07,14.28,14.96,12.87,13.06,12426241,NASDAQ:RCAT
2025-01-08,12.26,13.13,11.35,11.83,9840992,NASDAQ:RCAT
2025-01-10,11.5,11.6,9.93,10.03,10300860,NASDAQ:RCAT
2025-01-13,9.53,9.79,8.98,9.33,7212638,NASDAQ:RCAT
2025-01-14,9.89,10.2,9,9.37,7144311,NASDAQ:RCAT
2025-01-15,10.18,11.16,10.03,10.91,12277720,NASDAQ:RCAT
2025-01-16,11,11.25,9.59,10.11,12797485,NASDAQ:RCAT
2025-01-17,10.1,10.1,8.29,8.56,13262663,NASDAQ:RCAT
2025-01-21,8.56,8.89,8.11,8.46,9411524,NASDAQ:RCAT
2025-01-22,8.91,9.44,8.47,8.75,12814711,NASDAQ:RCAT
2025-01-23,8.71,9.61,8.25,8.31,9685232,NASDAQ:RCAT
2025-01-24,8.41,9.83,8.29,8.63,12973874,NASDAQ:RCAT
2025-01-27,8.34,8.36,7.72,8.05,8352934,NASDAQ:RCAT
2025-01-28,8.06,9.34,7.82,9.26,8010593,NASDAQ:RCAT
2025-01-29,9.11,9.87,9.11,9.35,9721910,NASDAQ:RCAT
2025-01-30,9.5,9.55,8.71,8.71,6021170,NASDAQ:RCAT
2025-01-31,8.75,9.69,8.57,8.79,8047740,NASDAQ:RCAT
2025-02-03,8.2,8.9,7.82,8.82,8473731,NASDAQ:RCAT
2025-02-04,9.02,10.13,9.02,10.06,9287437,NASDAQ:RCAT
2025-02-05,10,10.24,9.55,9.8,7189853,NASDAQ:RCAT
2025-02-06,10.01,10.85,9.57,10.61,10104089,NASDAQ:RCAT
2025-02-07,10.92,11.22,10.2,10.76,8559248,NASDAQ:RCAT
2025-02-10,10.73,11.2,10.01,10.75,6886089,NASDAQ:RCAT
2025-02-11,10.5,11.03,9.51,9.62,7682887,NASDAQ:RCAT
2025-02-12,9.39,9.58,9.15,9.3,6168350,NASDAQ:RCAT
2025-02-13,9.52,9.7,8.82,9.43,6728223,NASDAQ:RCAT
2025-02-14,9.18,9.35,8.71,8.92,6595383,NASDAQ:RCAT
2025-02-18,8.8,9.05,8.6,8.91,6260597,NASDAQ:RCAT
2025-02-19,9.13,9.69,8.73,8.74,7502050,NASDAQ:RCAT
2025-02-20,8.74,8.77,8.2,8.5,4923406,NASDAQ:RCAT
2025-02-21,8.59,8.74,7.73,7.76,5330703,NASDAQ:RCAT
2025-02-24,7.72,7.73,6.97,6.99,7301833,NASDAQ:RCAT
2025-02-25,6.82,7.1,6.4,6.62,4713402,NASDAQ:RCAT
2025-02-26,6.8,7.14,6.63,6.78,4492955,NASDAQ:RCAT
2025-02-27,6.84,7.03,6.28,6.3,6294422,NASDAQ:RCAT
2025-02-28,6.07,6.34,5.92,6.2,5746021,NASDAQ:RCAT
2025-03-03,6.34,6.63,5.46,5.57,6516820,NASDAQ:RCAT
2025-03-04,5.07,5.57,5.04,5.42,7872784,NASDAQ:RCAT
2025-03-05,5.4,5.43,5.16,5.39,5187666,NASDAQ:RCAT
2025-03-06,5.27,5.5,5.07,5.28,3682299,NASDAQ:RCAT
2025-03-07,5.2,5.56,5.05,5.39,3969176,NASDAQ:RCAT
2025-03-10,5.16,5.27,4.61,4.82,4993882,NASDAQ:RCAT
2025-03-11,4.94,4.99,4.58,4.94,2834826,NASDAQ:RCAT
2025-03-12,5.16,5.32,4.78,4.95,3485444,NASDAQ:RCAT
2025-03-13,4.94,5.24,4.78,4.92,2613570,NASDAQ:RCAT
2025-03-14,5.09,5.68,5.09,5.66,4186180,NASDAQ:RCAT
2025-03-17,5.91,6.3,5.69,5.79,6439576,NASDAQ:RCAT
2025-03-18,5.52,5.55,5.09,5.15,4299499,NASDAQ:RCAT
2025-03-19,5.26,5.44,5.16,5.4,2728942,NASDAQ:RCAT
2025-03-20,5.35,5.48,5.03,5.23,3201705,NASDAQ:RCAT
2025-03-21,5.08,5.44,5.06,5.42,2991114,NASDAQ:RCAT
2025-03-24,5.73,6.12,5.73,5.98,4581549,NASDAQ:RCAT
2025-03-25,5.99,6.18,5.9,6.16,3068692,NASDAQ:RCAT
2025-03-26,6.15,6.2,5.65,5.82,2899891,NASDAQ:RCAT
2025-03-27,5.71,6.06,5.44,6,2986306,NASDAQ:RCAT
2025-03-28,5.94,5.96,5.48,5.89,2917036,NASDAQ:RCAT
2025-03-31,5.47,5.91,5.38,5.88,3792297,NASDAQ:RCAT
2025-04-01,5.91,6.45,5.37,6.39,5235407,NASDAQ:RCAT
2025-04-02,6.37,7.49,6.35,7.42,7626252,NASDAQ:RCAT
2025-04-03,6.7,7.26,6.65,6.79,4898484,NASDAQ:RCAT
2025-04-04,6.35,6.43,5.55,6.17,4567774,NASDAQ:RCAT
2025-04-07,5.8,7.01,5.51,6.49,3808004,NASDAQ:RCAT
2025-04-08,6.92,7.34,6.37,6.62,5449445,NASDAQ:RCAT
2025-04-09,6.58,7.95,6.5,7.45,7261731,NASDAQ:RCAT
2025-04-10,6.62,6.75,5.39,5.8,12499972,NASDAQ:RCAT
2025-04-11,5.82,6.27,5.5,6.16,4784647,NASDAQ:RCAT
2025-04-14,6.34,6.42,5.83,5.96,4257881,NASDAQ:RCAT
2025-04-15,5.88,6.06,5.68,5.73,2694587,NASDAQ:RCAT
2025-04-16,5.51,5.57,4.97,5.18,7388889,NASDAQ:RCAT
2025-04-17,5.22,5.26,5,5.13,2978640,NASDAQ:RCAT
2025-04-21,4.98,5.01,4.6,4.66,3855689,NASDAQ:RCAT
2025-04-22,4.77,4.86,4.63,4.79,3000224,NASDAQ:RCAT
2025-04-23,5.06,5.26,4.98,5,3216285,NASDAQ:RCAT
2025-04-24,5,5.36,4.92,5.28,3369589,NASDAQ:RCAT
2025-04-25,5.28,5.31,5.06,5.19,2514197,NASDAQ:RCAT
2025-04-28,5.24,5.34,5.02,5.21,2125078,NASDAQ:RCAT
2025-04-29,5.1,5.2,5.01,5.09,2674105,NASDAQ:RCAT
2025-04-30,4.88,5.06,4.79,5.02,4510050,NASDAQ:RCAT
2025-05-01,5.26,5.31,5.03,5.07,3527851,NASDAQ:RCAT
2025-05-02,5.24,6.16,5.21,5.95,7728298,NASDAQ:RCAT
2025-05-05,5.61,5.73,5.36,5.54,4608575,NASDAQ:RCAT
2025-05-06,5.32,5.34,5.12,5.32,3866325,NASDAQ:RCAT
2025-05-07,5.3,5.51,5.23,5.38,2908121,NASDAQ:RCAT
2025-05-08,5.55,5.86,5.43,5.7,3294114,NASDAQ:RCAT
2025-05-09,5.76,6.03,5.73,5.93,3203006,NASDAQ:RCAT
2025-05-12,6.3,6.37,6.01,6.15,5016863,NASDAQ:RCAT
2025-05-13,6.19,6.54,6.15,6.38,6003523,NASDAQ:RCAT
2025-05-14,6.82,6.94,6.43,6.65,10662661,NASDAQ:RCAT
2025-05-15,5.98,7.15,5.97,6.49,9285924,NASDAQ:RCAT
2025-05-16,6.67,6.93,6.45,6.88,5004353,NASDAQ:RCAT
2025-05-19,6.65,6.98,6.44,6.88,3690863,NASDAQ:RCAT
2025-05-20,6.95,7.28,6.71,6.78,4701538,NASDAQ:RCAT
2025-05-21,6.59,6.92,6.33,6.35,4026209,NASDAQ:RCAT
2025-05-22,6.59,6.92,6.33,6.35,68801,NASDAQ:RCAT
2025-05-23,6.51,7.05,6.48,6.82,4443766,NASDAQ:RCAT
2025-05-27,7.04,7.16,5.81,6.32,12582602,NASDAQ:RCAT
2025-05-28,6.45,6.75,6.02,6.13,6248568,NASDAQ:RCAT
2025-05-29,6.24,6.26,5.96,5.99,3179186,NASDAQ:RCAT
2025-05-30,5.84,6,5.71,5.95,2955611,NASDAQ:RCAT
2025-06-02,6.46,7.13,6.13,6.46,11533613,NASDAQ:RCAT
2025-06-03,6.53,7.32,6.24,6.93,9070877,NASDAQ:RCAT
2025-06-04,7.22,8.23,7.18,8.07,17601502,NASDAQ:RCAT
2025-06-05,8.25,8.29,7.16,7.32,8529405,NASDAQ:RCAT
2025-06-06,7.63,8.8,7.44,8.16,16086866,NASDAQ:RCAT
2025-06-09,8.75,9.13,7.96,8.8,15003647,NASDAQ:RCAT
2025-06-10,8.8,9.21,8.41,8.59,6629437,NASDAQ:RCAT
2025-06-11,8.82,9.08,8.28,8.43,7699253,NASDAQ:RCAT
2025-06-12,8.38,9.44,8.3,8.75,12020000,NASDAQ:RCAT
2025-06-13,8.89,9.49,8.13,8.34,13014009,NASDAQ:RCAT
2025-06-16,8.5,9.47,8.26,9.19,11041531,NASDAQ:RCAT
2025-06-17,8.17,8.2,7.18,7.32,30932124,NASDAQ:RCAT
2025-06-18,7.38,7.87,7.2,7.3,14153766,NASDAQ:RCAT
2025-06-20,7.37,7.42,6.86,6.87,9435882,NASDAQ:RCAT
2025-06-23,6.7,7.27,6.64,7.18,9394474,NASDAQ:RCAT
2025-06-24,7.2,7.37,7.11,7.14,5408064,NASDAQ:RCAT
2025-06-25,7.16,7.39,6.89,7.08,6835346,NASDAQ:RCAT
2025-06-26,7.13,7.6,7.08,7.48,8175659,NASDAQ:RCAT
2025-06-27,7.48,7.51,6.98,7.17,18135652,NASDAQ:RCAT
2025-06-30,7.28,7.54,7.23,7.28,5641613,NASDAQ:RCAT
2025-07-01,7.18,7.23,6.86,6.92,5042500,NASDAQ:RCAT
2025-07-02,6.9,7.16,6.75,7.14,4183002,NASDAQ:RCAT
2025-07-03,7.16,7.23,7.01,7.08,2365284,NASDAQ:RCAT
2025-07-07,6.99,7,6.72,6.79,3641558,NASDAQ:RCAT
2025-07-08,6.86,7.02,6.69,6.9,3749935,NASDAQ:RCAT
2025-07-09,6.95,7.06,6.79,6.89,3578378,NASDAQ:RCAT
2025-07-10,6.88,6.92,6.65,6.78,7892867,NASDAQ:RCAT
2025-07-11,8.1,9.06,7.71,8.57,42750231,NASDAQ:RCAT
2025-07-14,8.69,10.36,8.35,10.33,28258645,NASDAQ:RCAT
2025-07-15,10.15,10.41,9.63,10.27,14732334,NASDAQ:RCAT
2025-07-16,10.35,11.55,10.11,11.46,15069611,NASDAQ:RCAT
2025-07-17,11.8,12.77,11.79,12.21,14668233,NASDAQ:RCAT
2025-07-18,12.3,12.73,11.25,11.27,12076133,NASDAQ:RCAT
2025-07-21,11.5,11.62,9.33,9.41,17479796,NASDAQ:RCAT
2025-07-22,9.66,9.66,8.78,8.98,9521630,NASDAQ:RCAT
2025-07-23,9.07,9.57,9.07,9.56,8451110,NASDAQ:RCAT
2025-07-24,9.51,10.23,9.33,9.9,7492237,NASDAQ:RCAT
2025-07-25,9.85,9.95,9.37,9.46,4573317,NASDAQ:RCAT
2025-07-28,9.7,9.99,8.8,9.05,6297447,NASDAQ:RCAT
2025-07-29,9.04,9.05,8.21,8.24,6014922,NASDAQ:RCAT
2025-07-30,8.38,8.52,7.96,8.19,4115035,NASDAQ:RCAT
2025-07-31,8.35,8.6,8.21,8.28,4799002,NASDAQ:RCAT
2025-08-01,7.81,8.36,7.79,8.2,3809688,NASDAQ:RCAT
2025-08-04,8.33,8.97,8.33,8.83,5679784,NASDAQ:RCAT
2025-08-05,9.11,10.41,9.02,10.01,17455196,NASDAQ:RCAT
2025-08-06,9.76,9.95,9.31,9.48,6839240,NASDAQ:RCAT
2025-08-07,9.9,9.97,9.26,9.33,6081194,NASDAQ:RCAT
2025-08-08,9.56,9.99,9.31,9.33,5731077,NASDAQ:RCAT
2025-08-11,9.5,10.13,9.21,9.37,7750056,NASDAQ:RCAT
2025-08-12,9.32,9.57,9.02,9.5,5201913,NASDAQ:RCAT
2025-08-13,9.67,9.84,9.27,9.39,4331211,NASDAQ:RCAT
2025-08-14,9.39,9.82,8.91,9.37,8470237,NASDAQ:RCAT
2025-08-15,8.7,8.75,7.9,8.41,18131851,NASDAQ:RCAT
2025-08-18,8.33,9.38,8.33,9.19,9890278,NASDAQ:RCAT
2025-08-19,9.15,9.22,8.66,9.01,6680124,NASDAQ:RCAT
2025-08-20,8.7,9.03,8.2,8.99,5594124,NASDAQ:RCAT
2025-08-21,9.05,9.82,9.01,9.74,8605604,NASDAQ:RCAT
2025-08-22,9.58,10.06,9.51,9.82,6018694,NASDAQ:RCAT
2025-08-25,9.63,10.24,9.36,10.07,5990358,NASDAQ:RCAT
2025-08-26,10,10.4,9.37,9.39,8659510,NASDAQ:RCAT
2025-08-27,9.36,9.36,8.84,8.98,7060507,NASDAQ:RCAT
2025-08-28,9.07,9.35,8.97,9.04,3851172,NASDAQ:RCAT
2025-08-29,9.06,9.07,8.6,8.94,3629628,NASDAQ:RCAT
2025-09-02,8.58,8.9,8.48,8.88,3630048,NASDAQ:RCAT
2025-09-03,8.96,9.09,8.53,8.57,2812513,NASDAQ:RCAT
2025-09-04,8.57,8.72,8.38,8.51,2838341,NASDAQ:RCAT
2025-09-05,8.68,8.82,8.33,8.52,2979445,NASDAQ:RCAT
2025-09-08,8.57,9.05,8.57,8.87,5372178,NASDAQ:RCAT
2025-09-09,8.83,8.84,8.48,8.62,3690924,NASDAQ:RCAT
2025-09-10,8.73,8.85,8.45,8.52,2752110,NASDAQ:RCAT
2025-09-11,9.28,11.21,9.22,11,30887731,NASDAQ:RCAT
2025-09-12,10.55,11.23,9.9,10.99,13422507,NASDAQ:RCAT
2025-09-15,11.18,11.21,10.23,10.52,10741339,NASDAQ:RCAT
2025-09-16,9.89,10.85,9.58,10.83,8557345,NASDAQ:RCAT
2025-09-17,10.44,11.57,10.2,11.27,12977851,NASDAQ:RCAT
2025-09-18,10.13,10.47,9.83,10.04,26610897,NASDAQ:RCAT
2025-09-19,10.21,10.62,9.98,10.46,17451344,NASDAQ:RCAT
2025-09-22,10.4,11.67,10.22,11.32,21981884,NASDAQ:RCAT
2025-09-23,11.6,13.07,11.42,11.77,29911313,NASDAQ:RCAT
2025-09-24,11.6,13.07,11.42,11.77,667196,NASDAQ:RCAT
2025-09-26,10.15,10.4,9.82,10.14,8491184,NASDAQ:RCAT
2025-09-29,10.56,11.13,10.15,10.16,14952087,NASDAQ:RCAT
2025-09-30,10.24,10.86,10.05,10.35,9991642,NASDAQ:RCAT
2025-10-01,10.27,10.94,10.2,10.47,10706971,NASDAQ:RCAT
2025-10-02,10.73,11.72,10.62,11.52,16194788,NASDAQ:RCAT
2025-10-03,12.37,14.31,12.01,12.89,35709544,NASDAQ:RCAT
2025-10-06,14,15.09,13.43,14.58,24203592,NASDAQ:RCAT
2025-10-07,15.07,15.53,13.84,14.79,16562788,NASDAQ:RCAT
2025-10-08,15.24,15.3,14.18,14.35,11717871,NASDAQ:RCAT
2025-10-09,14.23,16.7,14.15,14.66,22905966,NASDAQ:RCAT
2025-10-10,14.45,14.65,13.01,13.12,18696320,NASDAQ:RCAT
2025-10-13,13.84,15.65,13.2,15.38,15605843,NASDAQ:RCAT
2025-10-14,14.92,15.68,14.19,15.26,11852398,NASDAQ:RCAT
2025-10-15,15.98,16.2,13.71,14.67,11671618,NASDAQ:RCAT
2025-10-16,14.92,14.92,12.73,12.86,11590485,NASDAQ:RCAT
2025-10-17,12.45,12.55,11.38,11.74,11078130,NASDAQ:RCAT
2025-10-20,12.45,12.52,11.46,11.57,8939696,NASDAQ:RCAT
2025-10-21,11.44,11.5,10.77,10.93,8506250,NASDAQ:RCAT
2025-10-22,10.64,10.84,9.52,9.99,12843784,NASDAQ:RCAT
2025-10-23,10.19,10.47,10.04,10.14,7842186,NASDAQ:RCAT
2025-10-24,10.71,11.28,10.53,11.15,12614665,NASDAQ:RCAT
2025-10-27,12,12.37,11.46,11.47,13211447,NASDAQ:RCAT
2025-10-28,11.6,12.1,10.95,11.07,10828013,NASDAQ:RCAT
2025-10-29,11.19,11.6,10.82,11.38,9915139,NASDAQ:RCAT
2025-10-30,11.03,11.67,10.52,10.56,13172720,NASDAQ:RCAT
2025-10-31,10.7,11.49,10.52,11.25,7900096,NASDAQ:RCAT
2024-10-30,106.16,108.73,99.85,103.29,1011307,NYSEAMERICAN:LEU
2024-10-31,102,108.25,98,103.81,845085,NYSEAMERICAN:LEU
2024-11-01,106.3,118.36,102.77,109.53,1314103,NYSEAMERICAN:LEU
2024-11-04,93.5,94.99,76,78,5727338,NYSEAMERICAN:LEU
2024-11-05,75.81,78,72.71,75.73,5244948,NYSEAMERICAN:LEU
2024-11-06,81.5,87.99,78,87.09,2799429,NYSEAMERICAN:LEU
2024-11-07,88.47,91.76,84.31,86.6,1857461,NYSEAMERICAN:LEU
2024-11-08,88.7,94.59,86.66,91.76,1711490,NYSEAMERICAN:LEU
2024-11-11,94.75,95,87.67,91.59,1082724,NYSEAMERICAN:LEU
2024-11-12,89.11,92.43,86.17,91.51,1385192,NYSEAMERICAN:LEU
2024-11-13,93.49,95,80.3,81.6,1596453,NYSEAMERICAN:LEU
2024-11-14,82.36,83.38,78.39,79.34,832572,NYSEAMERICAN:LEU
2024-11-15,76.49,81.8,68.65,70.16,2605725,NYSEAMERICAN:LEU
2024-11-18,72,79.37,70.5,76.46,1247728,NYSEAMERICAN:LEU
2024-11-19,71.45,71.85,64.56,68.5,2514377,NYSEAMERICAN:LEU
2024-11-20,70,75.8,66.37,75.14,1453465,NYSEAMERICAN:LEU
2024-11-21,76.09,82.14,72.92,79.9,1269488,NYSEAMERICAN:LEU
2024-11-22,83.92,87.85,78.5,86.85,1802377,NYSEAMERICAN:LEU
2024-11-25,88.42,88.77,81.8,83.17,935596,NYSEAMERICAN:LEU
2024-11-26,82.76,89.18,81.41,81.45,725624,NYSEAMERICAN:LEU
2024-11-27,82.3,86.35,82.09,82.49,787072,NYSEAMERICAN:LEU
2024-11-29,83.55,92.4,83.04,91,838138,NYSEAMERICAN:LEU
2024-12-02,92.82,92.82,82.1,82.47,1011661,NYSEAMERICAN:LEU
2024-12-03,82,82.5,74.4,76.92,1211725,NYSEAMERICAN:LEU
2024-12-04,77.3,80.72,76.05,76.55,967954,NYSEAMERICAN:LEU
2024-12-05,76,80.04,73.75,78.8,776897,NYSEAMERICAN:LEU
2024-12-06,79.73,81.95,76.63,78.29,625682,NYSEAMERICAN:LEU
2024-12-09,78.41,79.12,72.2,72.61,690730,NYSEAMERICAN:LEU
2024-12-10,72.16,74.96,70.7,71.57,506064,NYSEAMERICAN:LEU
2024-12-11,76,79.34,74.35,75.11,994733,NYSEAMERICAN:LEU
2024-12-12,75.61,78,73.6,74.54,486564,NYSEAMERICAN:LEU
2024-12-13,74.62,76.99,72.08,72.42,333910,NYSEAMERICAN:LEU
2024-12-16,72.42,78,70.06,76.74,714963,NYSEAMERICAN:LEU
2024-12-17,76.74,76.74,68.8,71.9,769354,NYSEAMERICAN:LEU
2024-12-18,73,74.65,68,69.32,703253,NYSEAMERICAN:LEU
2024-12-19,70,71.42,67,68.23,667298,NYSEAMERICAN:LEU
2024-12-20,66.74,70.61,66.51,66.8,721964,NYSEAMERICAN:LEU
2024-12-23,67.05,68.66,65.6,68.24,535088,NYSEAMERICAN:LEU
2024-12-24,68.47,69.57,66.51,69.04,215797,NYSEAMERICAN:LEU
2024-12-26,68.25,73,67.8,72.63,471422,NYSEAMERICAN:LEU
2024-12-27,73.3,74.77,68.76,70.71,458813,NYSEAMERICAN:LEU
2024-12-30,69.76,70.76,67.15,67.86,503968,NYSEAMERICAN:LEU
2024-12-31,68.79,69.88,65.11,66.61,576250,NYSEAMERICAN:LEU
2025-01-02,67.52,74.34,67.52,74.05,642846,NYSEAMERICAN:LEU
2025-01-03,75.16,82.01,74.77,80.8,763398,NYSEAMERICAN:LEU
2025-01-06,83.8,84.24,80.5,81.58,568688,NYSEAMERICAN:LEU
2025-01-07,81.07,82.03,72.53,73.65,806421,NYSEAMERICAN:LEU
2025-01-08,72.33,73.61,69.51,72.42,715674,NYSEAMERICAN:LEU
2025-01-10,72.42,74.66,69.5,70.83,379005,NYSEAMERICAN:LEU
2025-01-13,69.45,72.44,68.1,69.76,580495,NYSEAMERICAN:LEU
2025-01-14,72.03,72.75,68.6,69.86,250047,NYSEAMERICAN:LEU
2025-01-15,72,74.14,70.15,73.62,782465,NYSEAMERICAN:LEU
2025-01-16,74.51,75.05,72.02,74.06,295477,NYSEAMERICAN:LEU
2025-01-17,75.22,79.12,74.13,77.83,699612,NYSEAMERICAN:LEU
2025-01-21,81.63,89.38,79.07,88.53,1369485,NYSEAMERICAN:LEU
2025-01-22,94.39,94.39,88.64,90.81,1199393,NYSEAMERICAN:LEU
2025-01-23,89.35,97.7,89,94.2,1111854,NYSEAMERICAN:LEU
2025-01-24,97.9,99.57,91.31,92,882985,NYSEAMERICAN:LEU
2025-01-27,83.5,84.23,76.5,78.19,1896407,NYSEAMERICAN:LEU
2025-01-28,80,81.03,75,78.92,629495,NYSEAMERICAN:LEU
2025-01-29,79.58,82.7,79.2,81.38,508408,NYSEAMERICAN:LEU
2025-01-30,82.78,86.88,82.64,85.38,552729,NYSEAMERICAN:LEU
2025-01-31,86.91,87.46,82.14,82.3,689987,NYSEAMERICAN:LEU
2025-02-03,78,83.23,77.01,81.87,390297,NYSEAMERICAN:LEU
2025-02-04,85.33,85.6,78.75,80.4,517079,NYSEAMERICAN:LEU
2025-02-05,79.65,86.83,79.51,84.4,700465,NYSEAMERICAN:LEU
2025-02-06,85.24,85.54,78.84,81.81,669491,NYSEAMERICAN:LEU
2025-02-07,94.9,111.9,86.9,108.91,4301548,NYSEAMERICAN:LEU
2025-02-10,107,119.42,104.5,114.39,1627757,NYSEAMERICAN:LEU
2025-02-11,112.57,118.97,112.4,114,1124019,NYSEAMERICAN:LEU
2025-02-12,113.37,122.95,113,118.71,1221097,NYSEAMERICAN:LEU
2025-02-13,121.5,122,111.78,117.77,938996,NYSEAMERICAN:LEU
2025-02-14,118,118,112.5,113.99,562690,NYSEAMERICAN:LEU
2025-02-18,112.23,115.77,108.08,111.66,653308,NYSEAMERICAN:LEU
2025-02-19,108.81,110,104.34,106,963200,NYSEAMERICAN:LEU
2025-02-20,105.32,106.13,101,104.16,660335,NYSEAMERICAN:LEU
2025-02-21,104.62,104.95,94.64,98.27,989702,NYSEAMERICAN:LEU
2025-02-24,97.33,97.33,88.09,89.58,909419,NYSEAMERICAN:LEU
2025-02-25,92.35,93.67,85.5,87.63,909722,NYSEAMERICAN:LEU
2025-02-26,90.36,95.5,88.86,93.5,741220,NYSEAMERICAN:LEU
2025-02-27,96.5,98,89.33,89.52,707019,NYSEAMERICAN:LEU
2025-02-28,88.53,91.89,84.7,90.73,739339,NYSEAMERICAN:LEU
2025-03-03,92.66,93.33,82.62,84,912690,NYSEAMERICAN:LEU
2025-03-04,80.66,90.47,79.61,88.8,939778,NYSEAMERICAN:LEU
2025-03-05,90.34,90.34,81.41,84.56,929240,NYSEAMERICAN:LEU
2025-03-06,81.5,82.76,78.05,79.72,632542,NYSEAMERICAN:LEU
2025-03-07,79.34,81.5,75.92,79.81,570222,NYSEAMERICAN:LEU
2025-03-10,77.5,77.5,71.63,74.01,749590,NYSEAMERICAN:LEU
2025-03-11,73,77.34,72.11,73.96,600269,NYSEAMERICAN:LEU
2025-03-12,77,78.6,73.1,74.24,596633,NYSEAMERICAN:LEU
2025-03-13,74.08,75.2,70.99,71.96,323825,NYSEAMERICAN:LEU
2025-03-14,75.05,77.6,73.65,76.38,478996,NYSEAMERICAN:LEU
2025-03-17,76.75,80.12,74.2,76.05,488959,NYSEAMERICAN:LEU
2025-03-18,75.9,76.71,72.35,73.1,402938,NYSEAMERICAN:LEU
2025-03-19,73.56,77.58,72.79,75.97,555716,NYSEAMERICAN:LEU
2025-03-20,74.37,78.56,74.07,74.28,635972,NYSEAMERICAN:LEU
2025-03-21,73.16,74.57,71.88,74.02,667540,NYSEAMERICAN:LEU
2025-03-24,76.45,77.7,75.2,76.87,514386,NYSEAMERICAN:LEU
2025-03-25,76.07,77.24,72.76,73.73,490416,NYSEAMERICAN:LEU
2025-03-26,74.23,74.36,69.18,69.99,474841,NYSEAMERICAN:LEU
2025-03-27,69.47,70.63,67.31,69.1,411423,NYSEAMERICAN:LEU
2025-03-28,68.5,69.76,65.58,66.25,366938,NYSEAMERICAN:LEU
2025-03-31,63.6,63.9,61.01,62.21,980686,NYSEAMERICAN:LEU
2025-04-01,64.66,68.19,60.65,64.91,888708,NYSEAMERICAN:LEU
2025-04-02,62.71,65.77,62.22,63.01,728617,NYSEAMERICAN:LEU
2025-04-03,60.1,62,57.22,57.71,862876,NYSEAMERICAN:LEU
2025-04-04,54.8,56,49.4,54.43,1243556,NYSEAMERICAN:LEU
2025-04-07,50.75,63.4,50,58.56,1327933,NYSEAMERICAN:LEU
2025-04-08,63.66,64.3,53.75,55.45,687433,NYSEAMERICAN:LEU
2025-04-09,55.21,65.42,53.79,64.35,1298650,NYSEAMERICAN:LEU
2025-04-10,62.34,63.13,58.81,60.38,617987,NYSEAMERICAN:LEU
2025-04-11,60.46,64.7,59.86,64.34,522442,NYSEAMERICAN:LEU
2025-04-14,67.18,67.18,61.41,64.87,613318,NYSEAMERICAN:LEU
2025-04-15,64.39,66.14,62.17,63.66,378057,NYSEAMERICAN:LEU
2025-04-16,62.3,68.38,62.1,65.15,634912,NYSEAMERICAN:LEU
2025-04-17,65.47,68.23,65.47,67.26,441152,NYSEAMERICAN:LEU
2025-04-21,66.63,67.13,60.52,62.63,564667,NYSEAMERICAN:LEU
2025-04-22,64.01,65.79,63,65.23,300504,NYSEAMERICAN:LEU
2025-04-23,67.61,68.88,65.93,67.27,413908,NYSEAMERICAN:LEU
2025-04-24,67.37,69.58,67.37,68.75,388605,NYSEAMERICAN:LEU
2025-04-25,67.4,70.66,67.27,69.56,232850,NYSEAMERICAN:LEU
2025-04-28,72,72.53,67.7,70.37,277031,NYSEAMERICAN:LEU
2025-04-29,70,71.25,68.49,70.96,226395,NYSEAMERICAN:LEU
2025-04-30,67.69,69.84,66.38,69.29,300773,NYSEAMERICAN:LEU
2025-05-01,70.88,72.05,69.5,71.09,323961,NYSEAMERICAN:LEU
2025-05-02,72.43,74.53,72,73.42,341979,NYSEAMERICAN:LEU
2025-05-05,73,73.87,71,71.66,330701,NYSEAMERICAN:LEU
2025-05-06,70.43,75.56,70.43,74.46,474592,NYSEAMERICAN:LEU
2025-05-07,76,76,71.53,72.5,701093,NYSEAMERICAN:LEU
2025-05-08,80.75,89.9,80.45,88.46,1899830,NYSEAMERICAN:LEU
2025-05-09,90.84,94.06,88.47,93.6,1266587,NYSEAMERICAN:LEU
2025-05-12,99.85,101.53,92.1,94.71,1046304,NYSEAMERICAN:LEU
2025-05-13,94.91,97.5,92.14,92.57,769291,NYSEAMERICAN:LEU
2025-05-14,94.07,98.68,92.78,96.92,2138094,NYSEAMERICAN:LEU
2025-05-15,95.16,96.53,91.63,96.31,626745,NYSEAMERICAN:LEU
2025-05-16,96.39,97.49,94,95.75,566071,NYSEAMERICAN:LEU
2025-05-19,93.36,95.54,90.25,95.2,466987,NYSEAMERICAN:LEU
2025-05-20,96.48,97,92.99,95.09,357084,NYSEAMERICAN:LEU
2025-05-21,94.31,98.71,92.84,93.34,839333,NYSEAMERICAN:LEU
2025-05-22,92.91,94.76,90.83,93.17,576733,NYSEAMERICAN:LEU
2025-05-23,111.75,118.27,100.5,113.29,4260230,NYSEAMERICAN:LEU
2025-05-27,115.81,129.12,115.81,127.86,3199381,NYSEAMERICAN:LEU
2025-05-28,130.55,136,126.5,127.74,2487698,NYSEAMERICAN:LEU
2025-05-29,129.6,130,122.39,123.5,1255844,NYSEAMERICAN:LEU
2025-05-30,118,128.69,117.64,126.92,1169314,NYSEAMERICAN:LEU
2025-06-02,125.04,127.99,123.26,124.58,771716,NYSEAMERICAN:LEU
2025-06-03,135.47,139,130.21,131.45,1905089,NYSEAMERICAN:LEU
2025-06-04,133.99,142.69,128.18,141,1903237,NYSEAMERICAN:LEU
2025-06-05,144.38,146.83,130.81,136.34,1871532,NYSEAMERICAN:LEU
2025-06-06,136.98,143.65,133,143.11,995745,NYSEAMERICAN:LEU
2025-06-09,149.34,152.72,144.15,146.08,1263457,NYSEAMERICAN:LEU
2025-06-10,147.59,149.39,140.65,145.92,970149,NYSEAMERICAN:LEU
2025-06-11,147.12,165,147.12,158.13,2092568,NYSEAMERICAN:LEU
2025-06-12,155.96,160.56,154.05,158.44,692025,NYSEAMERICAN:LEU
2025-06-13,153.95,165.25,152.16,162.24,1045620,NYSEAMERICAN:LEU
2025-06-16,172.6,176.62,166.5,169.93,1303630,NYSEAMERICAN:LEU
2025-06-17,175,176.47,168.58,173.03,1129435,NYSEAMERICAN:LEU
2025-06-18,176,182.39,174.63,180.96,1101282,NYSEAMERICAN:LEU
2025-06-20,192.94,211.31,188.48,190.04,2947270,NYSEAMERICAN:LEU
2025-06-23,198.76,204.95,183.61,192.25,1892014,NYSEAMERICAN:LEU
2025-06-24,198.1,203.46,184.88,192.18,1965353,NYSEAMERICAN:LEU
2025-06-25,195.7,195.7,177,181.18,1639676,NYSEAMERICAN:LEU
2025-06-26,163.46,184,151,174.96,2570335,NYSEAMERICAN:LEU
2025-06-27,177.31,178.66,161.74,168.65,1712878,NYSEAMERICAN:LEU
2025-06-30,168.95,184.43,163.31,183.18,1367047,NYSEAMERICAN:LEU
2025-07-01,173.17,176.84,166.8,168.71,1055252,NYSEAMERICAN:LEU
2025-07-02,167.89,176.8,164.91,176.46,853759,NYSEAMERICAN:LEU
2025-07-03,174.59,177.42,170.95,175.65,462090,NYSEAMERICAN:LEU
2025-07-07,174,186.23,167.26,183.65,1050611,NYSEAMERICAN:LEU
2025-07-08,185.5,188.5,171.14,173.85,1087347,NYSEAMERICAN:LEU
2025-07-09,180.15,180.15,172.06,179.37,476015,NYSEAMERICAN:LEU
2025-07-10,182.91,197.98,178,197.46,1518818,NYSEAMERICAN:LEU
2025-07-11,192.5,206.96,192,206.4,1244947,NYSEAMERICAN:LEU
2025-07-14,204,217,199.23,216.27,1014962,NYSEAMERICAN:LEU
2025-07-15,219.34,221,208,215.26,1119780,NYSEAMERICAN:LEU
2025-07-16,216,229.49,210.28,227.26,1217862,NYSEAMERICAN:LEU
2025-07-17,228.3,235.82,225.4,233.89,1051996,NYSEAMERICAN:LEU
2025-07-18,239,249.42,234.95,249.34,1219634,NYSEAMERICAN:LEU
2025-07-21,249.66,250.88,222.22,224,1928983,NYSEAMERICAN:LEU
2025-07-22,219.45,225.24,208,215.83,1350210,NYSEAMERICAN:LEU
2025-07-23,221.5,233.9,218,229.51,1454067,NYSEAMERICAN:LEU
2025-07-24,235,246.59,232.73,242.33,1084100,NYSEAMERICAN:LEU
2025-07-25,245,246,239,241,747739,NYSEAMERICAN:LEU
2025-07-28,246,246.12,227.57,239.4,821666,NYSEAMERICAN:LEU
2025-07-29,239.63,242,222.9,224.08,1127639,NYSEAMERICAN:LEU
2025-07-30,217,233.87,216,225.19,1003791,NYSEAMERICAN:LEU
2025-07-31,225.16,227.24,213,215.4,1072968,NYSEAMERICAN:LEU
2025-08-01,201.22,214.21,192.94,208.33,1298988,NYSEAMERICAN:LEU
2025-08-04,212,212,198.6,210.05,1065088,NYSEAMERICAN:LEU
2025-08-05,212.79,218.96,206.12,213.8,1086135,NYSEAMERICAN:LEU
2025-08-06,237,264.9,230.1,232.39,2838158,NYSEAMERICAN:LEU
2025-08-07,235,237.83,222.22,234.94,1528445,NYSEAMERICAN:LEU
2025-08-08,230.16,246,217.02,223.15,1282750,NYSEAMERICAN:LEU
2025-08-11,219.77,225,211,219.1,774671,NYSEAMERICAN:LEU
2025-08-12,216,229.96,215,217.37,1057662,NYSEAMERICAN:LEU
2025-08-13,200.99,201.8,183.33,187.44,5105536,NYSEAMERICAN:LEU
2025-08-14,188.61,192.65,182.47,189.08,2849831,NYSEAMERICAN:LEU
2025-08-15,187,187.56,177.05,183.41,1666487,NYSEAMERICAN:LEU
2025-08-18,182.16,182.25,175.21,177.57,1075173,NYSEAMERICAN:LEU
2025-08-19,178.71,179,164.76,166.58,1368245,NYSEAMERICAN:LEU
2025-08-20,168,177.67,162.1,175.99,1543386,NYSEAMERICAN:LEU
2025-08-21,177.07,179.94,173.82,177.28,833949,NYSEAMERICAN:LEU
2025-08-22,178.93,191.99,174.32,186.47,1713630,NYSEAMERICAN:LEU
2025-08-25,192,193.1,184.41,185.28,978608,NYSEAMERICAN:LEU
2025-08-26,194.25,211.52,192.16,208.67,2440480,NYSEAMERICAN:LEU
2025-08-27,205.59,210.48,197.68,198.29,1394577,NYSEAMERICAN:LEU
2025-08-28,206.06,215.29,202,209.38,1529783,NYSEAMERICAN:LEU
2025-08-29,211.69,212,195,201.73,1440297,NYSEAMERICAN:LEU
2025-09-02,192.3,205,186.5,203.89,956133,NYSEAMERICAN:LEU
2025-09-03,207.5,209.95,197.88,201.54,1061710,NYSEAMERICAN:LEU
2025-09-04,202,205.88,198.06,199.01,619566,NYSEAMERICAN:LEU
2025-09-05,201,205.4,191.68,205.39,928353,NYSEAMERICAN:LEU
2025-09-08,205.5,208.22,198.2,204.68,767656,NYSEAMERICAN:LEU
2025-09-09,205,223.98,202.44,217.9,1521739,NYSEAMERICAN:LEU
2025-09-10,221.53,225.5,215.76,219.3,884228,NYSEAMERICAN:LEU
2025-09-11,218,232.67,214,224.32,1182141,NYSEAMERICAN:LEU
2025-09-12,220.33,228,219.9,222.13,663185,NYSEAMERICAN:LEU
2025-09-15,222.7,243.8,220.13,243.48,1491582,NYSEAMERICAN:LEU
2025-09-16,243,243.24,226.43,233.62,1311354,NYSEAMERICAN:LEU
2025-09-17,233,235,221.23,230.15,950807,NYSEAMERICAN:LEU
2025-09-18,236.02,264.88,231.62,262.65,1886106,NYSEAMERICAN:LEU
2025-09-19,260,301.57,260,294.49,3395635,NYSEAMERICAN:LEU
2025-09-22,296.88,312.54,282.56,306.22,1943723,NYSEAMERICAN:LEU
2025-09-23,310,312,295.05,302.59,1287470,NYSEAMERICAN:LEU
2025-09-24,310,312,295.05,302.59,23954,NYSEAMERICAN:LEU
2025-09-26,316.15,338,297,305.35,1763822,NYSEAMERICAN:LEU
2025-09-29,316.7,322,299.46,315.62,1350380,NYSEAMERICAN:LEU
2025-09-30,307.99,320.76,306,310.07,1056845,NYSEAMERICAN:LEU
2025-10-01,303.99,334.78,303.58,331.11,1124759,NYSEAMERICAN:LEU
2025-10-02,339.97,350.03,325.5,349.09,1005791,NYSEAMERICAN:LEU
2025-10-03,351.5,360.14,334.05,343.49,1076985,NYSEAMERICAN:LEU
2025-10-06,348.96,361.37,339,356.28,977263,NYSEAMERICAN:LEU
2025-10-07,357.9,388.62,357,370.07,1303213,NYSEAMERICAN:LEU
2025-10-08,378.88,386,359.01,364.22,1266746,NYSEAMERICAN:LEU
2025-10-09,367.12,389.41,362.98,371.09,1101178,NYSEAMERICAN:LEU
2025-10-10,380.98,423.24,362.65,363.71,2618459,NYSEAMERICAN:LEU
2025-10-13,414.76,430,387.05,400.74,1944316,NYSEAMERICAN:LEU
2025-10-14,387,415.13,370,396.16,1373663,NYSEAMERICAN:LEU
2025-10-15,430,460.5,412.16,436,2025922,NYSEAMERICAN:LEU
2025-10-16,454,464.25,406.01,415.43,2058201,NYSEAMERICAN:LEU
2025-10-17,398.68,411.51,365.64,380.18,2461098,NYSEAMERICAN:LEU
2025-10-20,400,408.99,372.6,399.87,1452032,NYSEAMERICAN:LEU
2025-10-21,385,395,367.77,377.01,1063434,NYSEAMERICAN:LEU
2025-10-22,351.23,365,293.82,314.83,3386987,NYSEAMERICAN:LEU
2025-10-23,320,349.96,308,344.23,1691045,NYSEAMERICAN:LEU
2025-10-24,364.33,388,354,383,1539625,NYSEAMERICAN:LEU
2025-10-27,391.15,391.8,350.6,359.73,1540098,NYSEAMERICAN:LEU
2025-10-28,374,382.27,354.1,363.7,1232993,NYSEAMERICAN:LEU
2025-10-29,366.24,402,355.99,390.82,1538492,NYSEAMERICAN:LEU
2025-10-30,375,393.98,371,383.31,817519,NYSEAMERICAN:LEU
2025-10-31,386,390,360.18,367.46,1041364,NYSEAMERICAN:LEU
2024-10-30,22.24,22.75,20.01,20.8,12803391,NYSE:SMR
2024-10-31,20.57,20.77,18.93,19.14,9810829,NYSE:SMR
2024-11-01,19.9,20.45,18.71,19.01,9940340,NYSE:SMR
2024-11-04,18.26,18.79,17.46,18.47,8202101,NYSE:SMR
2024-11-05,18.67,19.03,18.02,18.82,5062253,NYSE:SMR
2024-11-06,19.98,21.41,18.9,21.41,10502496,NYSE:SMR
2024-11-07,21.58,22.36,21.19,21.67,12204201,NYSE:SMR
2024-11-08,21,25.82,20.06,24.49,24689226,NYSE:SMR
2024-11-11,23.82,25.08,21.3,23.49,16073649,NYSE:SMR
2024-11-12,23.35,26.55,22.38,23.24,14941493,NYSE:SMR
2024-11-13,24.28,26.67,23.75,24.98,16784288,NYSE:SMR
2024-11-14,26.6,27.54,24.13,24.66,12614401,NYSE:SMR
2024-11-15,24,24.13,22.41,23.01,8955282,NYSE:SMR
2024-11-18,23.75,27.55,22.7,27.27,13106751,NYSE:SMR
2024-11-19,26.54,27.67,26.2,27.02,9722614,NYSE:SMR
2024-11-20,27.09,27.16,24.72,25.74,8739783,NYSE:SMR
2024-11-21,25.8,28.74,24.54,27.67,11882033,NYSE:SMR
2024-11-22,28.4,30.84,27.75,30.21,11893204,NYSE:SMR
2024-11-25,31.97,31.97,27.29,28.06,11298897,NYSE:SMR
2024-11-26,28,29.19,25.93,26.34,8647688,NYSE:SMR
2024-11-27,27.21,28.42,25.95,28.06,10872091,NYSE:SMR
2024-11-29,28.64,32.3,28.46,29.65,11582344,NYSE:SMR
2024-12-02,31.47,31.87,27.17,27.22,9770097,NYSE:SMR
2024-12-03,26.53,27.14,24.62,24.87,11204817,NYSE:SMR
2024-12-04,25.66,26.85,24.36,24.85,9122088,NYSE:SMR
2024-12-05,24.29,24.89,22.77,24.35,9114161,NYSE:SMR
2024-12-06,24.09,25.92,23.04,25.7,8153678,NYSE:SMR
2024-12-09,26.34,26.75,23.76,23.94,8512802,NYSE:SMR
2024-12-10,23.46,24.04,21.73,22.14,9025002,NYSE:SMR
2024-12-11,22.09,22.91,20.4,22.4,10024529,NYSE:SMR
2024-12-12,22.99,24.03,21.6,21.66,9630154,NYSE:SMR
2024-12-13,22.07,22.28,20.95,21.13,6403270,NYSE:SMR
2024-12-16,20.28,21.95,19.37,21.72,8640124,NYSE:SMR
2024-12-17,21.49,22.83,20.32,21.71,7752633,NYSE:SMR
2024-12-18,22.5,23.5,18.71,19.11,15219287,NYSE:SMR
2024-12-19,19.81,20.04,18.44,19.01,9441761,NYSE:SMR
2024-12-20,18.35,20.48,18.07,19.77,9671246,NYSE:SMR
2024-12-23,19.71,20.16,18.85,19.73,5377299,NYSE:SMR
2024-12-24,19.65,21.05,18.86,21.01,5321488,NYSE:SMR
2024-12-26,21.22,21.99,20.21,21.82,7317253,NYSE:SMR
2024-12-27,21.83,22.35,19.35,19.51,9949909,NYSE:SMR
2024-12-30,19.05,19.06,17.56,18.21,8921865,NYSE:SMR
2024-12-31,18.42,18.45,17.36,17.93,7136660,NYSE:SMR
2025-01-02,18.57,18.8,17.22,17.71,7225914,NYSE:SMR
2025-01-03,17.95,20.99,17.93,20.85,10461208,NYSE:SMR
2025-01-06,22.25,24.1,21.58,23.66,15193049,NYSE:SMR
2025-01-07,23.59,24,20.81,21.72,11266659,NYSE:SMR
2025-01-08,20.53,21.31,18.65,19.68,9006815,NYSE:SMR
2025-01-10,19.55,20.26,18.77,20.13,7177745,NYSE:SMR
2025-01-13,18.86,19.43,18.13,18.8,7403878,NYSE:SMR
2025-01-14,19.65,20.12,18.83,19.23,5023621,NYSE:SMR
2025-01-15,20.18,21.34,20.1,20.82,6835749,NYSE:SMR
2025-01-16,21.24,22.18,20.28,20.28,6261573,NYSE:SMR
2025-01-17,21,23.23,20.38,21.97,11100610,NYSE:SMR
2025-01-21,23.86,25.63,22.44,25.61,14810790,NYSE:SMR
2025-01-22,25.89,26.5,24.58,25.57,10858616,NYSE:SMR
2025-01-23,24.75,29.66,24.61,29.08,22725246,NYSE:SMR
2025-01-24,28.78,29.55,27.77,27.97,14408278,NYSE:SMR
2025-01-27,23.15,23.75,19.66,20.27,25701129,NYSE:SMR
2025-01-28,21.35,21.65,19.01,20.95,16903659,NYSE:SMR
2025-01-29,21.25,23.28,21.14,22,14534761,NYSE:SMR
2025-01-30,22.21,24.35,22.09,23.58,13956030,NYSE:SMR
2025-01-31,23.97,26.75,23.66,23.84,19651078,NYSE:SMR
2025-02-03,21.45,24.3,21.11,23.85,13391056,NYSE:SMR
2025-02-04,23.72,24.05,22.3,22.98,10229706,NYSE:SMR
2025-02-05,23.01,26.09,22.69,24.55,15125152,NYSE:SMR
2025-02-06,25.08,26.1,22.98,23.25,10217533,NYSE:SMR
2025-02-07,23.46,27.3,23.44,25.84,20254433,NYSE:SMR
2025-02-10,25.64,28.22,25.04,27.46,13740437,NYSE:SMR
2025-02-11,27.44,28,25.37,25.86,8989360,NYSE:SMR
2025-02-12,24.95,27.1,24.43,26.4,9229251,NYSE:SMR
2025-02-13,26.4,26.45,23.64,24.71,13010579,NYSE:SMR
2025-02-14,25.02,25.24,22.92,23.08,9566173,NYSE:SMR
2025-02-18,23.31,23.51,21.71,22.04,10860719,NYSE:SMR
2025-02-19,21.98,22.25,20.91,21.13,9323648,NYSE:SMR
2025-02-20,21.66,21.71,19.53,20.78,10248761,NYSE:SMR
2025-02-21,21.17,21.44,18.93,19.04,10767129,NYSE:SMR
2025-02-24,18.69,19.23,17.35,18.46,11216501,NYSE:SMR
2025-02-25,17.73,18.09,16.4,17.61,10645860,NYSE:SMR
2025-02-26,18.7,19.09,17.68,17.95,11667566,NYSE:SMR
2025-02-27,18.35,18.69,16.62,16.71,9460734,NYSE:SMR
2025-02-28,16,17.27,15.84,17.19,8395754,NYSE:SMR
2025-03-03,17.93,18.2,15.16,15.45,12207377,NYSE:SMR
2025-03-04,14.7,18.2,14.45,17.23,16062565,NYSE:SMR
2025-03-05,17.37,17.51,16.17,17.32,11104873,NYSE:SMR
2025-03-06,16.99,16.99,15.58,15.95,8490230,NYSE:SMR
2025-03-07,15.71,16.12,14.4,15.63,11056370,NYSE:SMR
2025-03-10,15.17,15.75,14.54,14.67,10783231,NYSE:SMR
2025-03-11,14.43,16.7,14.43,16.21,12628411,NYSE:SMR
2025-03-12,16.97,17.55,15.89,15.98,9649062,NYSE:SMR
2025-03-13,16.34,16.34,15.09,15.21,5729838,NYSE:SMR
2025-03-14,15.86,17.6,15.63,17.51,7618558,NYSE:SMR
2025-03-17,17.59,18.16,17.34,17.6,6534749,NYSE:SMR
2025-03-18,17.25,17.31,16.39,16.58,4202452,NYSE:SMR
2025-03-19,16.77,18.88,16.77,18.53,8083804,NYSE:SMR
2025-03-20,17.84,19.09,17.79,18.2,5779785,NYSE:SMR
2025-03-21,17.77,18.2,17.36,18.13,7804765,NYSE:SMR
2025-03-24,18.98,19.68,18.54,18.88,6813230,NYSE:SMR
2025-03-25,18.5,18.77,18.06,18.71,4278196,NYSE:SMR
2025-03-26,18.6,18.81,16.84,17.12,4746005,NYSE:SMR
2025-03-27,16.72,17.05,15.97,16.1,5513994,NYSE:SMR
2025-03-28,15.82,16.09,14.75,14.97,5971334,NYSE:SMR
2025-03-31,14.37,14.72,13.78,14.16,5593789,NYSE:SMR
2025-04-01,14.75,14.95,13.89,14.64,5751160,NYSE:SMR
2025-04-02,14.3,15.5,14.15,15.11,4716517,NYSE:SMR
2025-04-03,13.81,14.48,13.78,14.14,6285072,NYSE:SMR
2025-04-04,13.4,13.58,11.08,12.6,10987571,NYSE:SMR
2025-04-07,11.74,14.94,11.58,14.1,12531135,NYSE:SMR
2025-04-08,15.3,15.34,13.56,13.91,8034165,NYSE:SMR
2025-04-09,14,16.54,13.47,16.06,10023806,NYSE:SMR
2025-04-10,15.25,15.77,14.4,14.85,6637145,NYSE:SMR
2025-04-11,15.01,15.48,14.72,15.15,6439046,NYSE:SMR
2025-04-14,15.77,15.83,14.81,15.25,4315480,NYSE:SMR
2025-04-15,15.29,16.29,15.06,15.38,4581004,NYSE:SMR
2025-04-16,14.79,15.14,14.25,14.5,4876703,NYSE:SMR
2025-04-17,14.8,15.07,14.16,14.61,4126712,NYSE:SMR
2025-04-21,14.26,14.47,13.33,13.64,4078617,NYSE:SMR
2025-04-22,13.9,15.42,13.9,15.09,6187179,NYSE:SMR
2025-04-23,16.38,16.6,15.17,15.44,7446811,NYSE:SMR
2025-04-24,15.7,16.85,15.7,16.56,5918027,NYSE:SMR
2025-04-25,16.29,16.85,15.92,16.66,4597440,NYSE:SMR
2025-04-28,16.9,17.49,16.3,16.96,3862940,NYSE:SMR
2025-04-29,17.11,17.17,16.56,16.89,3945025,NYSE:SMR
2025-04-30,16.38,16.59,15.64,16.57,3454618,NYSE:SMR
2025-05-01,17.28,17.64,16.75,17.11,4774678,NYSE:SMR
2025-05-02,17.59,18.03,17.35,17.46,6250433,NYSE:SMR
2025-05-05,17,17.4,16.57,17.11,3243301,NYSE:SMR
2025-05-06,16.94,18.24,16.6,17.67,11247941,NYSE:SMR
2025-05-07,17.44,17.51,16.38,16.61,7814449,NYSE:SMR
2025-05-08,17.1,17.25,16.19,16.93,5707681,NYSE:SMR
2025-05-09,17.18,17.62,16.52,17.45,7728490,NYSE:SMR
2025-05-12,18.45,18.64,17.64,17.79,10077455,NYSE:SMR
2025-05-13,18.65,22.5,18.51,21.64,25050767,NYSE:SMR
2025-05-14,22.38,23.36,21.6,22.94,14844337,NYSE:SMR
2025-05-15,22.3,24.2,22.28,24,11551696,NYSE:SMR
2025-05-16,24.4,25.12,23.5,24.17,11695122,NYSE:SMR
2025-05-19,22.49,24.56,22.49,24.52,7185598,NYSE:SMR
2025-05-20,24.75,24.75,22.75,23.48,7344693,NYSE:SMR
2025-05-21,23.2,25.37,23.02,23.87,11605198,NYSE:SMR
2025-05-22,23.3,25.52,22.52,25.32,12221666,NYSE:SMR
2025-05-23,28.5,31.38,26.71,30.24,48870367,NYSE:SMR
2025-05-27,30.37,35.77,29.43,35.52,34964131,NYSE:SMR
2025-05-28,34.58,36.85,34.55,35.37,24672841,NYSE:SMR
2025-05-29,35.99,36,32.44,32.98,20837885,NYSE:SMR
2025-05-30,31.42,33.09,30.6,31.99,15538182,NYSE:SMR
2025-06-02,31.61,33.23,30.84,32.03,10618535,NYSE:SMR
2025-06-03,34.85,36.5,31.5,31.79,19429438,NYSE:SMR
2025-06-04,31.67,33.44,29.66,31.19,14002003,NYSE:SMR
2025-06-05,31.2,32.4,29.82,31.05,14344177,NYSE:SMR
2025-06-06,31.28,34.57,30.74,34.36,14203528,NYSE:SMR
2025-06-09,35.1,35.53,33.25,35.24,11572721,NYSE:SMR
2025-06-10,35.61,38.39,33.68,34.55,17364099,NYSE:SMR
2025-06-11,35.66,41.89,35.1,41.6,32819426,NYSE:SMR
2025-06-12,39.92,42.91,39.4,40.38,18131296,NYSE:SMR
2025-06-13,39.71,41.28,38.7,38.82,9819505,NYSE:SMR
2025-06-16,41.42,45.31,40.61,42.49,17909877,NYSE:SMR
2025-06-17,44,44.76,39.01,39.24,15126426,NYSE:SMR
2025-06-18,40.5,40.77,38.6,39.16,10568311,NYSE:SMR
2025-06-20,40.59,40.59,37.03,37.2,12288656,NYSE:SMR
2025-06-23,37.72,39.58,35.02,36.5,12979152,NYSE:SMR
2025-06-24,38.68,43.4,38.32,43.24,21270534,NYSE:SMR
2025-06-25,41.94,42.46,38.06,38.66,15243027,NYSE:SMR
2025-06-26,39.69,39.8,37.89,38.24,9834600,NYSE:SMR
2025-06-27,40.04,41.05,37.07,38.2,19169605,NYSE:SMR
2025-06-30,39.14,40.17,37.91,39.56,10735587,NYSE:SMR
2025-07-01,39,39,35.4,36.12,13562923,NYSE:SMR
2025-07-02,36.48,36.91,35.01,35.21,8222730,NYSE:SMR
2025-07-03,35.52,36.46,34.61,35.88,5842801,NYSE:SMR
2025-07-07,35.5,36.94,34.15,36.7,6922229,NYSE:SMR
2025-07-08,37,37.5,34.62,35.08,9832561,NYSE:SMR
2025-07-09,35.38,35.91,33.63,35.46,7638767,NYSE:SMR
2025-07-10,35.46,36.42,34.52,36.02,8646456,NYSE:SMR
2025-07-11,35.6,37.94,35.27,37.48,10642585,NYSE:SMR
2025-07-14,37.51,42.7,36.61,42.12,22373618,NYSE:SMR
2025-07-15,41.85,43.71,40.37,42.98,14511485,NYSE:SMR
2025-07-16,42.12,46.31,41.56,46.09,15747408,NYSE:SMR
2025-07-17,46.66,49.27,45.55,46.83,15631042,NYSE:SMR
2025-07-18,47.11,50.88,46.12,50.25,14382336,NYSE:SMR
2025-07-21,50.77,50.94,45.29,45.44,13695934,NYSE:SMR
2025-07-22,45.87,45.87,42.12,44.44,10660434,NYSE:SMR
2025-07-23,47,49.24,45.01,47.85,13539258,NYSE:SMR
2025-07-24,47.34,53.39,46.74,51.03,17648622,NYSE:SMR
2025-07-25,49.2,52.24,48.6,51.67,9932703,NYSE:SMR
2025-07-28,53.3,53.5,49.39,50.99,9616813,NYSE:SMR
2025-07-29,50.99,52.98,47.61,48.97,9449691,NYSE:SMR
2025-07-30,49.59,52.24,49.01,50.51,10481071,NYSE:SMR
2025-07-31,50.96,53.45,49.88,50.21,12515912,NYSE:SMR
2025-08-01,45.72,45.98,41.91,44.43,26341435,NYSE:SMR
2025-08-04,46.18,46.8,42.38,43.38,14471053,NYSE:SMR
2025-08-05,44.5,48.56,43.7,45.13,16985955,NYSE:SMR
2025-08-06,45.7,47.36,44.33,45.93,11221151,NYSE:SMR
2025-08-07,46.5,46.72,43.34,44.68,12678603,NYSE:SMR
2025-08-08,44.22,44.74,38.85,39.35,21723336,NYSE:SMR
2025-08-11,39.98,40.74,38.02,38.25,13769785,NYSE:SMR
2025-08-12,38.69,39.79,38.06,38.17,11139819,NYSE:SMR
2025-08-13,39.24,39.5,36.31,37.3,13281567,NYSE:SMR
2025-08-14,36.95,37.73,35.22,35.93,10882030,NYSE:SMR
2025-08-15,35.98,36.14,34.43,35.47,9087444,NYSE:SMR
2025-08-18,35.43,36,34.48,34.98,7240884,NYSE:SMR
2025-08-19,35.05,35.32,32.5,32.65,11004754,NYSE:SMR
2025-08-20,31.8,34.03,30.62,33.79,14611249,NYSE:SMR
2025-08-21,34.63,34.77,33.04,33.49,10181650,NYSE:SMR
2025-08-22,33.51,35.52,32.61,35.04,11240560,NYSE:SMR
2025-08-25,36.04,36.46,34.3,35.9,9671352,NYSE:SMR
2025-08-26,36.15,38.2,35.2,36.02,13630139,NYSE:SMR
2025-08-27,36.06,36.43,34.85,35.16,7621336,NYSE:SMR
2025-08-28,35.83,37.2,35.56,36.48,9570731,NYSE:SMR
2025-08-29,36.3,36.58,34.3,34.65,8497666,NYSE:SMR
2025-09-02,33.1,38.49,32.6,37.24,20743112,NYSE:SMR
2025-09-03,39.27,43.11,38.5,40.42,32491281,NYSE:SMR
2025-09-04,40.87,41.08,35.9,36.03,19563143,NYSE:SMR
2025-09-05,37.65,37.65,34.5,34.53,13121700,NYSE:SMR
2025-09-08,34.92,35.57,33.82,33.95,10257119,NYSE:SMR
2025-09-09,34.3,35.36,33.98,35.34,11157488,NYSE:SMR
2025-09-10,36.46,36.7,34.31,34.31,15044448,NYSE:SMR
2025-09-11,35.04,35.6,34.4,35.18,12726966,NYSE:SMR
2025-09-12,35.38,36.53,34.73,36.34,12267842,NYSE:SMR
2025-09-15,37.79,39.46,35.88,39.09,23182911,NYSE:SMR
2025-09-16,38.3,39,36.76,37.26,16497194,NYSE:SMR
2025-09-17,36.97,37,35.13,36.13,12722138,NYSE:SMR
2025-09-18,37.28,41.03,36.35,38.12,25964608,NYSE:SMR
2025-09-19,39.2,47,39,46.77,52070386,NYSE:SMR
2025-09-22,44.7,47.26,42.25,45,26290388,NYSE:SMR
2025-09-23,44.5,44.7,41.07,41.64,21098411,NYSE:SMR
2025-09-24,44.5,44.7,41.07,41.64,865202,NYSE:SMR
2025-09-26,38,38.85,36.96,38,12613205,NYSE:SMR
2025-09-29,39.75,40.33,37.82,38.16,15753886,NYSE:SMR
2025-09-30,37.3,37.81,35.92,36,20559252,NYSE:SMR
2025-10-01,36.02,37.05,35.25,36.61,13151390,NYSE:SMR
2025-10-02,37.39,39.59,36.96,39.51,18790638,NYSE:SMR
2025-10-03,39.37,41.25,38.67,40.12,17498447,NYSE:SMR
2025-10-06,41.52,43.96,41.32,41.94,18427931,NYSE:SMR
2025-10-07,42.31,44.2,39.05,39.21,19406605,NYSE:SMR
2025-10-08,39.86,40.64,37.92,38.2,15443385,NYSE:SMR
2025-10-09,38.95,41.61,38.43,40.61,22078397,NYSE:SMR
2025-10-10,41.02,44.83,39.1,39.24,36466933,NYSE:SMR
2025-10-13,41.84,46.4,41.7,45.02,30071283,NYSE:SMR
2025-10-14,43.31,47.42,41.62,45.79,23524701,NYSE:SMR
2025-10-15,48.24,56.16,47.95,53.43,61078570,NYSE:SMR
2025-10-16,56.33,57.42,47.51,47.64,41118402,NYSE:SMR
2025-10-17,48,48.67,42.67,44.25,30755019,NYSE:SMR
2025-10-20,46.4,46.4,43.41,44.21,15883785,NYSE:SMR
2025-10-21,41.13,41.74,38.32,38.37,30772159,NYSE:SMR
2025-10-22,38.72,38.9,32.69,34.72,39024319,NYSE:SMR
2025-10-23,35.21,38.26,34.38,37.56,21950136,NYSE:SMR
2025-10-24,39,40.3,37.5,37.73,23940907,NYSE:SMR
2025-10-27,38.87,39.59,36.92,38.71,14938420,NYSE:SMR
2025-10-28,39.76,44.48,39.17,42.12,32305058,NYSE:SMR
2025-10-29,42.16,44.43,40.53,43.17,18613562,NYSE:SMR
2025-10-30,41.99,44.37,40.7,42.25,14854254,NYSE:SMR
2025-10-31,43.75,45.54,42.08,44.87,17574995,NYSE:SMR
2024-10-30,10,10.55,9.86,10.1,8674327,NYSE:BE
2024-10-31,10.1,10.18,9.59,9.6,4526577,NYSE:BE
2024-11-01,9.81,10.3,9.65,9.94,5949711,NYSE:BE
2024-11-04,10,10.94,10,10.82,9878191,NYSE:BE
2024-11-05,10.83,11.42,10.63,11.4,9984277,NYSE:BE
2024-11-06,10.99,11.21,10.42,10.97,12236073,NYSE:BE
2024-11-07,10.69,11.18,10.49,10.67,11030077,NYSE:BE
2024-11-08,11.05,13.39,11.02,13.17,23196127,NYSE:BE
2024-11-11,13.56,13.88,12.96,13.62,9914300,NYSE:BE
2024-11-12,13.08,13.58,12.8,13.54,5861889,NYSE:BE
2024-11-13,13.71,14.22,13.48,13.6,6127180,NYSE:BE
2024-11-14,13.65,13.72,12.78,13.28,4366137,NYSE:BE
2024-11-15,20.95,22.5,17.8,21.14,64764263,NYSE:BE
2024-11-18,21.41,24.92,21.09,22.81,38508222,NYSE:BE
2024-11-19,22.4,24.25,22.17,23.75,14486530,NYSE:BE
2024-11-20,23.02,25.12,22.86,24.8,14335155,NYSE:BE
2024-11-21,24.76,25.01,23.51,23.94,9669019,NYSE:BE
2024-11-22,24,26.26,23.61,25.76,10584638,NYSE:BE
2024-11-25,26.3,26.92,25.07,25.95,11093221,NYSE:BE
2024-11-26,26.01,26.9,25.56,26.17,8654105,NYSE:BE
2024-11-27,26.95,28.7,26.83,27.21,12066167,NYSE:BE
2024-11-29,27.67,27.92,26.97,27.45,3830521,NYSE:BE
2024-12-02,27.55,28,26.68,26.92,6863630,NYSE:BE
2024-12-03,26.06,26.52,25.43,26.14,7944749,NYSE:BE
2024-12-04,26.44,26.67,25.17,26.28,6546666,NYSE:BE
2024-12-05,26.45,26.91,25.48,25.96,5943607,NYSE:BE
2024-12-06,26.72,27.5,25.71,27.08,6876995,NYSE:BE
2024-12-09,27.68,28.48,26.21,26.58,7017605,NYSE:BE
2024-12-10,25.95,25.95,22.73,23.47,15036816,NYSE:BE
2024-12-11,24.67,25.2,23.55,23.6,8092518,NYSE:BE
2024-12-12,24.1,26.03,23.93,24.81,6309883,NYSE:BE
2024-12-13,24.34,25.88,24.25,25.59,4808764,NYSE:BE
2024-12-16,25.74,27.06,24.4,26.15,7075874,NYSE:BE
2024-12-17,26,26.78,24.51,24.77,5461407,NYSE:BE
2024-12-18,24.67,25.46,22.89,23.46,4937426,NYSE:BE
2024-12-19,24,24.18,21.91,22.88,9334511,NYSE:BE
2024-12-20,22.68,24.47,22.57,24.12,6380383,NYSE:BE
2024-12-23,23.85,24.37,23.28,24.2,4265487,NYSE:BE
2024-12-24,24.13,24.62,23.53,24.33,1697156,NYSE:BE
2024-12-26,24.3,24.46,23.67,24.33,2657261,NYSE:BE
2024-12-27,24.05,24.84,22.65,22.9,5036644,NYSE:BE
2024-12-30,22.35,22.99,22.05,22.51,4244006,NYSE:BE
2024-12-31,22.58,22.82,22.07,22.21,3816138,NYSE:BE
2025-01-02,22.5,23.65,22.37,23.37,4201170,NYSE:BE
2025-01-03,23.75,25.37,23.45,24.32,6441726,NYSE:BE
2025-01-06,24.89,26.09,24.5,25.48,6592466,NYSE:BE
2025-01-07,25.6,26.24,24.42,25.06,4844026,NYSE:BE
2025-01-08,24.22,24.77,23.53,24.38,6433809,NYSE:BE
2025-01-10,23.9,24.14,22.84,23.58,4714934,NYSE:BE
2025-01-13,23.1,23.27,21.57,23.03,5348614,NYSE:BE
2025-01-14,23.69,24.42,22.17,22.3,5132077,NYSE:BE
2025-01-15,23.25,23.81,22.65,22.65,3403598,NYSE:BE
2025-01-16,23.27,23.73,22.82,23.56,3024762,NYSE:BE
2025-01-17,24.25,25.22,23.69,23.92,5494830,NYSE:BE
2025-01-21,24.17,25.9,23.33,25.75,7224246,NYSE:BE
2025-01-22,26.95,27.56,25.47,25.53,8185969,NYSE:BE
2025-01-23,25.1,28.25,24.55,27.67,9690940,NYSE:BE
2025-01-24,27.72,29.83,27.72,29.81,12243973,NYSE:BE
2025-01-27,24.63,24.82,21,22.42,21453211,NYSE:BE
2025-01-28,22.79,22.79,19.82,20.4,16582402,NYSE:BE
2025-01-29,21.1,22.79,21.07,22.38,9895866,NYSE:BE
2025-01-30,23.12,24.16,23.03,23.52,7167929,NYSE:BE
2025-01-31,23.43,24.55,23.15,23.58,6091014,NYSE:BE
2025-02-03,22,24.54,21.9,23.57,5291904,NYSE:BE
2025-02-04,23.61,24.12,23.05,23.11,3243881,NYSE:BE
2025-02-05,23.89,25.31,23.69,24.26,5364854,NYSE:BE
2025-02-06,24.37,25.41,24.1,24.78,4140785,NYSE:BE
2025-02-07,24.93,25.46,24.08,24.78,4088277,NYSE:BE
2025-02-10,24.85,25.6,24.5,25.39,3011975,NYSE:BE
2025-02-11,24.54,25.06,24.04,24.07,4440635,NYSE:BE
2025-02-12,23.49,23.87,23.1,23.48,3008106,NYSE:BE
2025-02-13,24.03,24.75,23.52,24.71,4872677,NYSE:BE
2025-02-14,24.78,25.64,24.4,25.41,4476296,NYSE:BE
2025-02-18,25.36,26.6,24.89,26.02,5065798,NYSE:BE
2025-02-19,25.91,26.79,25.42,26.5,3360600,NYSE:BE
2025-02-20,27.25,27.8,25.48,25.99,6353044,NYSE:BE
2025-02-21,26.5,26.63,24,24.17,4801353,NYSE:BE
2025-02-24,24.21,24.23,21.73,22.7,8496762,NYSE:BE
2025-02-25,22.65,22.71,20.69,21.97,8031782,NYSE:BE
2025-02-26,22.91,23.95,22.7,23.4,5152034,NYSE:BE
2025-02-27,23.79,24.76,22.7,23.04,9853734,NYSE:BE
2025-02-28,23.36,24.22,22.33,24.02,11936050,NYSE:BE
2025-03-03,24.38,25.31,23.05,23.42,9017969,NYSE:BE
2025-03-04,21.99,23.14,20.25,22.7,12901050,NYSE:BE
2025-03-05,23.04,24.38,22.25,24.12,6891716,NYSE:BE
2025-03-06,23.29,24.28,21.74,22.39,7825223,NYSE:BE
2025-03-07,22.96,23.43,21.56,23.08,5728183,NYSE:BE
2025-03-10,22.38,23.29,22.04,22.62,5498023,NYSE:BE
2025-03-11,22.69,25.23,22.62,25,6878853,NYSE:BE
2025-03-12,25.49,25.86,24.2,24.55,5797017,NYSE:BE
2025-03-13,24.5,24.63,23.66,23.93,4922129,NYSE:BE
2025-03-14,24.37,25.07,24.01,24.47,4503877,NYSE:BE
2025-03-17,24.4,25.28,24.07,24.19,4471217,NYSE:BE
2025-03-18,23.25,24,22.39,23.81,5423634,NYSE:BE
2025-03-19,23.65,25.16,23.3,24.31,4565113,NYSE:BE
2025-03-20,25.2,26.53,24.55,25.41,11365417,NYSE:BE
2025-03-21,25,25.15,23.23,23.95,7839384,NYSE:BE
2025-03-24,24.49,24.54,23.01,23.03,5737957,NYSE:BE
2025-03-25,23,23.75,22.81,23.11,3695709,NYSE:BE
2025-03-26,23.08,23.68,22.07,22.28,4826334,NYSE:BE
2025-03-27,22,22.11,21.13,21.99,4480298,NYSE:BE
2025-03-28,21.42,22.03,20.03,20.33,7790934,NYSE:BE
2025-03-31,19.51,20.05,19.18,19.66,6767390,NYSE:BE
2025-04-01,19.86,21.38,19.72,21.24,6294371,NYSE:BE
2025-04-02,20.55,21.58,20.38,21.12,3612103,NYSE:BE
2025-04-03,19.45,20.1,18.59,19.34,6468409,NYSE:BE
2025-04-04,18.11,18.13,15.8,16.6,16343628,NYSE:BE
2025-04-07,15.5,18.5,15.3,17.24,10308013,NYSE:BE
2025-04-08,18.57,18.57,16.36,17.02,8092262,NYSE:BE
2025-04-09,15.98,18.61,15.15,17.87,13333271,NYSE:BE
2025-04-10,17.33,17.81,16.31,16.85,8235862,NYSE:BE
2025-04-11,16.62,17.77,16.58,17.64,6741530,NYSE:BE
2025-04-14,18.2,18.42,17.33,17.9,6064732,NYSE:BE
2025-04-15,17.87,18.9,17.87,18.31,4321328,NYSE:BE
2025-04-16,17.59,18.01,17.23,17.83,4660106,NYSE:BE
2025-04-17,17.79,17.9,16.85,17,6155591,NYSE:BE
2025-04-21,16.8,16.93,16.01,16.38,4437443,NYSE:BE
2025-04-22,16.45,17.35,16.43,16.88,3801638,NYSE:BE
2025-04-23,18,18.7,17.16,17.26,6169282,NYSE:BE
2025-04-24,17.27,18.41,17.27,18.14,9676945,NYSE:BE
2025-04-25,18.15,19.14,17.96,18.93,5913362,NYSE:BE
2025-04-28,18.92,19.52,18.83,19.24,4634320,NYSE:BE
2025-04-29,19.31,19.44,18.72,18.91,3762724,NYSE:BE
2025-04-30,18.16,18.51,17.66,18.32,9363364,NYSE:BE
2025-05-01,18.85,19,16.75,16.81,12350727,NYSE:BE
2025-05-02,17.23,17.23,16.25,16.44,9813132,NYSE:BE
2025-05-05,16.92,17.3,16.29,16.32,6428073,NYSE:BE
2025-05-06,16.09,16.63,16.05,16.34,6675745,NYSE:BE
2025-05-07,16.43,16.72,16.18,16.53,5910659,NYSE:BE
2025-05-08,16.77,17.72,16.47,17.24,11278438,NYSE:BE
2025-05-09,17.37,17.64,17.13,17.62,3473305,NYSE:BE
2025-05-12,18.61,19.19,18.45,18.91,6689067,NYSE:BE
2025-05-13,19.2,19.48,18.76,19.16,4949137,NYSE:BE
2025-05-14,19.35,20.29,19.3,20.25,6761740,NYSE:BE
2025-05-15,20.07,20.16,19.18,19.82,4106040,NYSE:BE
2025-05-16,20,20.23,19.69,20.11,6557324,NYSE:BE
2025-05-19,19.25,19.53,18.78,19.23,4543843,NYSE:BE
2025-05-20,19.29,19.58,18.93,19.11,3205387,NYSE:BE
2025-05-21,18.74,18.94,18.08,18.21,3482188,NYSE:BE
2025-05-22,18.74,18.94,18.08,18.21,165525,NYSE:BE
2025-05-23,18,19.58,17.85,19.48,5067611,NYSE:BE
2025-05-27,19.7,19.84,19.33,19.76,4052630,NYSE:BE
2025-05-28,19.8,19.95,19.17,19.59,2561826,NYSE:BE
2025-05-29,19.77,19.81,18.47,18.57,4626484,NYSE:BE
2025-05-30,18.43,18.79,18.16,18.47,3325316,NYSE:BE
2025-06-02,18.55,18.72,18.12,18.28,3497775,NYSE:BE
2025-06-03,18.78,20.62,18.39,20.41,7376720,NYSE:BE
2025-06-04,20.6,21.35,20.06,20.25,6535853,NYSE:BE
2025-06-05,20.34,21.12,19.97,20.45,5333346,NYSE:BE
2025-06-06,20.82,21.82,20.81,21.78,5254144,NYSE:BE
2025-06-09,22.15,22.15,21.36,21.43,3603659,NYSE:BE
2025-06-10,21.6,22.23,21.42,21.63,4701366,NYSE:BE
2025-06-11,21.73,22.72,21.61,22.53,4465645,NYSE:BE
2025-06-12,22.02,22.41,21.82,22.25,3998110,NYSE:BE
2025-06-13,21.5,22.17,21.41,21.95,2815696,NYSE:BE
2025-06-16,22.36,23,22.07,22.91,5358819,NYSE:BE
2025-06-17,21.61,22.25,21.27,21.34,4143030,NYSE:BE
2025-06-18,21.02,21.82,20.93,21.5,5149375,NYSE:BE
2025-06-20,21.69,21.84,21.41,21.75,2972739,NYSE:BE
2025-06-23,21.81,22.79,21.43,22.56,3685315,NYSE:BE
2025-06-24,22.94,23.07,22.09,22.95,4609652,NYSE:BE
2025-06-25,23,23,21.55,21.6,4071949,NYSE:BE
2025-06-26,21.84,22.34,21.5,22.33,4175303,NYSE:BE
2025-06-27,22.65,22.78,21.86,22.18,5084091,NYSE:BE
2025-06-30,24.65,24.91,23.55,23.92,11413284,NYSE:BE
2025-07-01,23.42,23.7,21.52,22.13,10357372,NYSE:BE
2025-07-02,22.33,23.21,21.88,22.56,5431820,NYSE:BE
2025-07-03,22.81,24.62,22.81,24.24,4391006,NYSE:BE
2025-07-07,23.99,24.84,23.75,24.36,6809253,NYSE:BE
2025-07-08,24.22,24.85,23.94,24.3,4644295,NYSE:BE
2025-07-09,26.08,29.44,25.84,28.71,21937375,NYSE:BE
2025-07-10,26.26,26.76,25.25,25.85,18557279,NYSE:BE
2025-07-11,25.73,26.08,24.94,25.4,7239828,NYSE:BE
2025-07-14,25.6,26.35,25.3,25.96,7162793,NYSE:BE
2025-07-15,26.35,26.49,25.11,25.31,7000848,NYSE:BE
2025-07-16,25.23,25.38,24.14,24.69,6375109,NYSE:BE
2025-07-17,24.69,25.42,24.31,24.31,5813230,NYSE:BE
2025-07-18,24.44,25.02,24.04,24.99,4998881,NYSE:BE
2025-07-21,25.38,26.37,25.2,25.36,6665568,NYSE:BE
2025-07-22,25.31,26.03,24.39,25.93,5071014,NYSE:BE
2025-07-23,26.28,26.93,25.74,26.89,6069066,NYSE:BE
2025-07-24,30.45,33.91,29.9,33.06,39241177,NYSE:BE
2025-07-25,33.55,34.78,33.21,34.34,16435605,NYSE:BE
2025-07-28,34.9,34.9,33.51,34.78,12965154,NYSE:BE
2025-07-29,34.49,35.56,34,34.75,9682541,NYSE:BE
2025-07-30,35.09,38.08,34.54,37.62,16357451,NYSE:BE
2025-07-31,37,39.09,36.81,37.39,18527497,NYSE:BE
2025-08-01,32.74,38.03,32.52,36.72,17502356,NYSE:BE
2025-08-04,37.72,37.8,35,36.1,7913773,NYSE:BE
2025-08-05,36.51,39.15,36.38,37.61,12722158,NYSE:BE
2025-08-06,38.01,39.75,37.8,38.86,9392535,NYSE:BE
2025-08-07,39.35,39.85,35.85,36.8,9586820,NYSE:BE
2025-08-08,37.16,37.86,36.47,36.8,4753468,NYSE:BE
2025-08-11,37.13,38.57,36.8,37.65,5760425,NYSE:BE
2025-08-12,38.52,41.72,38.18,41.25,13313228,NYSE:BE
2025-08-13,43,46.5,42.65,44.08,17088506,NYSE:BE
2025-08-14,41.46,45.18,41.42,45.11,9761083,NYSE:BE
2025-08-15,46.11,47.21,43.72,45.28,12431934,NYSE:BE
2025-08-18,45.4,47.12,44.75,46.5,9804556,NYSE:BE
2025-08-19,45.98,46.3,41.92,43.1,12378454,NYSE:BE
2025-08-20,41.8,44.88,40.56,44.51,14718454,NYSE:BE
2025-08-21,43.76,45.8,43.62,44.83,9620702,NYSE:BE
2025-08-22,44.8,48.97,44.64,48.54,13924040,NYSE:BE
2025-08-25,48.45,49.83,47.83,49.35,10668121,NYSE:BE
2025-08-26,49.01,51.01,48.94,49.94,9307891,NYSE:BE
2025-08-27,49.46,50.97,49.25,50.85,6844380,NYSE:BE
2025-08-28,51.95,55.07,51.02,54.8,13062600,NYSE:BE
2025-08-29,53.88,54.52,52.59,52.94,10197420,NYSE:BE
2025-09-02,50,52.12,48.87,51.35,10226501,NYSE:BE
2025-09-03,51.89,53.35,50.05,52.45,7663283,NYSE:BE
2025-09-04,52.75,55.25,52.75,54.91,9831926,NYSE:BE
2025-09-05,56.44,57.33,54.37,57.07,9229242,NYSE:BE
2025-09-08,57.48,58.75,53.32,53.44,8561081,NYSE:BE
2025-09-09,54,55.8,52,55,10151280,NYSE:BE
2025-09-10,60.13,65.63,60,62.96,21923952,NYSE:BE
2025-09-11,64.11,68.74,63.85,67.29,12241442,NYSE:BE
2025-09-12,66.02,67.26,62.62,67.26,13499559,NYSE:BE
2025-09-15,68,68.55,63.94,67.02,11143558,NYSE:BE
2025-09-16,71.85,73.42,69.94,73.29,14054637,NYSE:BE
2025-09-17,73.75,80.71,72.35,79.67,16355518,NYSE:BE
2025-09-18,80.5,84.02,77.61,80.97,15379834,NYSE:BE
2025-09-19,84,85.4,81.61,84.93,16593580,NYSE:BE
2025-09-22,83.73,86.89,81,86.27,10907745,NYSE:BE
2025-09-23,82,86,75.6,77.38,22135766,NYSE:BE
2025-09-24,69.28,69.57,64.27,69.18,33315669,NYSE:BE
2025-09-25,63,69.49,61.37,68.69,17712779,NYSE:BE
2025-09-26,67.25,71.46,66.62,70.32,9355488,NYSE:BE
2025-09-29,72.91,75.55,71.92,73.6,10757895,NYSE:BE
2025-09-30,72.6,85.67,70.89,84.57,25107878,NYSE:BE
2025-10-01,82.67,91.23,82.67,90.19,20299800,NYSE:BE
2025-10-02,89.14,92.16,85.03,88,15349226,NYSE:BE
2025-10-03,88.96,93.8,86.5,90.29,14071010,NYSE:BE
2025-10-06,92.99,95.7,86.27,86.97,12271429,NYSE:BE
2025-10-07,88.83,92.34,83.47,86.06,10816906,NYSE:BE
2025-10-08,88.15,90,85.5,87.58,7972917,NYSE:BE
2025-10-09,87.71,89.44,85.08,86.65,8237133,NYSE:BE
2025-10-10,86.1,92.73,85.11,86.87,13482608,NYSE:BE
2025-10-13,105.99,115.21,102.34,109.91,28744790,NYSE:BE
2025-10-14,107.58,116.88,101.55,114.06,14160852,NYSE:BE
2025-10-15,120.81,125.75,115.93,116.58,16734878,NYSE:BE
2025-10-16,119.44,122.9,112.72,115.09,13381977,NYSE:BE
2025-10-17,112.4,114.21,106.35,111.5,10327219,NYSE:BE
2025-10-20,116.14,119.6,108.21,109.06,8369791,NYSE:BE
2025-10-21,108.35,108.92,98.46,104.38,9655146,NYSE:BE
2025-10-22,100.68,103.62,88.23,94.37,16244395,NYSE:BE
2025-10-23,94.24,103.81,93.23,101.42,8228065,NYSE:BE
2025-10-24,106,111.37,104.25,110.38,10390165,NYSE:BE
2025-10-27,112.66,113.16,103,108.53,9114364,NYSE:BE
2025-10-28,108,113.52,105.84,113.28,12989327,NYSE:BE
2025-10-29,129.3,144.2,122.22,133.71,26830367,NYSE:BE
2025-10-30,131.96,137.04,127.11,127.85,18005473,NYSE:BE
2025-10-31,131.69,135.01,121.3,132.16,17365336,NYSE:BE
2024-10-30,127.05,128.46,121.5,124.11,4166528,NYSE:VST
2024-10-31,124.31,125.73,122.42,124.96,4073477,NYSE:VST
2024-11-01,124.6,126.34,119.09,119.51,5979565,NYSE:VST
2024-11-04,117.69,118.8,111.5,115.74,10742732,NYSE:VST
2024-11-05,116.31,122.27,115.89,121.9,6438761,NYSE:VST
2024-11-06,125.17,127,121.07,126.09,7411320,NYSE:VST
2024-11-07,138.11,143.79,130.02,135.73,14877347,NYSE:VST
2024-11-08,135.24,144.77,135.24,141.9,9826064,NYSE:VST
2024-11-11,146.35,149.8,141.95,145.8,7850401,NYSE:VST
2024-11-12,143.92,145.98,137.24,142.16,5314726,NYSE:VST
2024-11-13,145.43,147.6,141.31,142.12,3863155,NYSE:VST
2024-11-14,142.23,143.41,138.17,138.46,3230222,NYSE:VST
2024-11-15,137.6,142.6,137.03,142.15,3562142,NYSE:VST
2024-11-18,142.72,152.64,142.72,146.63,5753270,NYSE:VST
2024-11-19,144.14,154.95,143.13,154.86,6372412,NYSE:VST
2024-11-20,155.77,157.72,151.26,154.63,4446714,NYSE:VST
2024-11-21,157.74,167.6,156.86,166.61,7868541,NYSE:VST
2024-11-22,168.67,168.67,158.12,161.92,6993281,NYSE:VST
2024-11-25,166,166.38,152.72,154.14,7673782,NYSE:VST
2024-11-26,154.38,164.14,153.61,162.66,5331061,NYSE:VST
2024-11-27,161.68,163.15,153.4,154.52,4819867,NYSE:VST
2024-11-29,158.96,160.9,156.73,159.84,2475784,NYSE:VST
2024-12-02,161.6,163.33,153.53,154.11,4843847,NYSE:VST
2024-12-03,155.64,158.88,153.9,154.16,3898821,NYSE:VST
2024-12-04,158.94,164.25,157.01,161.31,5327192,NYSE:VST
2024-12-05,161,164.86,159.58,160.88,3554231,NYSE:VST
2024-12-06,161.1,163.49,157.29,159.98,3220359,NYSE:VST
2024-12-09,160.17,160.71,146.15,148.31,6844247,NYSE:VST
2024-12-10,145.88,147.8,139.3,141.52,7109745,NYSE:VST
2024-12-11,145.94,148.41,143.44,146,6209303,NYSE:VST
2024-12-12,146.43,148.98,144.6,145.08,3703005,NYSE:VST
2024-12-13,146.35,149.35,143.59,144.89,4016382,NYSE:VST
2024-12-16,144.71,147.22,143.28,145.33,4801267,NYSE:VST
2024-12-17,142.88,143.37,136.1,139.77,5475158,NYSE:VST
2024-12-18,141.25,141.25,131.64,132.89,5690551,NYSE:VST
2024-12-19,134.61,139.73,133.32,137.2,7554355,NYSE:VST
2024-12-20,132.45,141.63,132,139.95,8735096,NYSE:VST
2024-12-23,140,141.37,135.62,140.79,2871442,NYSE:VST
2024-12-24,142.03,144.16,141.02,143.36,1642685,NYSE:VST
2024-12-26,142.9,144.88,141.45,144.11,1929165,NYSE:VST
2024-12-27,143,143,136.74,139.68,3214672,NYSE:VST
2024-12-30,136.05,141.18,134.86,140.09,4930578,NYSE:VST
2024-12-31,139.91,140.44,137.02,137.87,2761579,NYSE:VST
2025-01-02,139.63,149.89,138.26,149.66,6169614,NYSE:VST
2025-01-03,154.36,162.66,151.66,162.36,8762610,NYSE:VST
2025-01-06,165.16,166,159.5,163.95,7406885,NYSE:VST
2025-01-07,164.61,165.21,155.8,163.37,5258711,NYSE:VST
2025-01-08,162.97,163,152.61,160.81,7198722,NYSE:VST
2025-01-10,161.5,169.19,154.4,166.73,9743449,NYSE:VST
2025-01-13,161.71,164.74,156.31,162.13,6289177,NYSE:VST
2025-01-14,166.68,175,165.69,170.51,7486299,NYSE:VST
2025-01-15,175,178.08,167.09,169.17,7817337,NYSE:VST
2025-01-16,170.93,178.4,170,174,5771979,NYSE:VST
2025-01-17,169.03,173.28,166.5,170.86,8263482,NYSE:VST
2025-01-21,178.35,188.77,174.85,185.35,10678236,NYSE:VST
2025-01-22,192.99,194.67,183.3,186.86,9003524,NYSE:VST
2025-01-23,189,199.84,188.22,191.89,10217834,NYSE:VST
2025-01-24,194.02,194.44,189.11,191.11,5265563,NYSE:VST
2025-01-27,154.09,156.93,132.59,137.08,32356914,NYSE:VST
2025-01-28,142.18,149.9,134.92,149.64,20930978,NYSE:VST
2025-01-29,147.25,160,146.63,155.21,14323395,NYSE:VST
2025-01-30,159.02,176.49,157,176.3,18034761,NYSE:VST
2025-01-31,175,176.42,167.14,168.03,12211844,NYSE:VST
2025-02-03,157.5,171.5,156.28,168.53,9849798,NYSE:VST
2025-02-04,168.52,170.77,162.97,168.33,5652731,NYSE:VST
2025-02-05,172.38,176.36,168.67,171.61,7017680,NYSE:VST
2025-02-06,171.61,174.95,167.28,169.88,5943833,NYSE:VST
2025-02-07,170.88,174.97,165.13,166.9,6438577,NYSE:VST
2025-02-10,169,172.7,165.53,168.39,5726441,NYSE:VST
2025-02-11,166.51,170.4,164.33,167.61,4000039,NYSE:VST
2025-02-12,163.43,170.98,161.07,166.61,5265433,NYSE:VST
2025-02-13,168.14,169.34,161.25,165.65,7820681,NYSE:VST
2025-02-14,165.61,170.45,161.5,167.66,5713275,NYSE:VST
2025-02-18,168.87,172.77,166.88,169.28,5963745,NYSE:VST
2025-02-19,168.1,173.32,167.14,169.35,6213400,NYSE:VST
2025-02-20,167.5,168.2,157.87,163.18,7134945,NYSE:VST
2025-02-21,163.65,163.65,147.8,150.44,9974287,NYSE:VST
2025-02-24,151.2,151.59,139.01,142.76,9860019,NYSE:VST
2025-02-25,139.42,141,127.67,137.92,13529864,NYSE:VST
2025-02-26,143,150.2,142.56,148.19,9248591,NYSE:VST
2025-02-27,149.11,152.94,129.77,130.01,16672922,NYSE:VST
2025-02-28,128,134.71,124.05,133.66,13060874,NYSE:VST
2025-03-03,133.66,134.28,121.72,123.95,10900500,NYSE:VST
2025-03-04,122.98,131.98,116.4,126.94,15914826,NYSE:VST
2025-03-05,123.75,128.27,121.4,126.87,8481800,NYSE:VST
2025-03-06,120.22,122.35,112.15,114.41,11789260,NYSE:VST
2025-03-07,117,118.69,109.55,114.32,9798013,NYSE:VST
2025-03-10,109.44,111.91,104.34,108.49,11399899,NYSE:VST
2025-03-11,109.5,115.41,107.18,114.36,11062655,NYSE:VST
2025-03-12,119.53,127.83,118.4,121.92,14722629,NYSE:VST
2025-03-13,122.01,122.01,115.79,118,8033139,NYSE:VST
2025-03-14,121.05,124.72,118.54,124.46,6613099,NYSE:VST
2025-03-17,123.6,129.84,123.4,126.29,6259885,NYSE:VST
2025-03-18,124.88,126.81,122.28,124.46,4648448,NYSE:VST
2025-03-19,125,132.66,124,129.85,5973588,NYSE:VST
2025-03-20,127.53,133.25,126.24,131.9,5639071,NYSE:VST
2025-03-21,129.79,131.54,126.27,130.58,7484279,NYSE:VST
2025-03-24,134.98,138.74,133.5,134.94,7760458,NYSE:VST
2025-03-25,134.01,134.44,128,131.81,8146524,NYSE:VST
2025-03-26,129.8,130.5,122,124.01,6753631,NYSE:VST
2025-03-27,120.25,124.5,118.39,119.31,7259349,NYSE:VST
2025-03-28,118.5,122.34,117.46,119.05,7023717,NYSE:VST
2025-03-31,113.9,118.34,112,117.44,7766207,NYSE:VST
2025-04-01,118.28,122.29,116,122.24,8054782,NYSE:VST
2025-04-02,118.85,127.61,118,127.19,5714302,NYSE:VST
2025-04-03,114.22,118.84,107.31,108.21,12729033,NYSE:VST
2025-04-04,103.57,103.91,92.12,98.07,17707409,NYSE:VST
2025-04-07,92.66,109.18,90.51,102.69,12926826,NYSE:VST
2025-04-08,109.46,112.39,99.9,102.19,11458134,NYSE:VST
2025-04-09,102.34,120.96,99.24,118.02,14023750,NYSE:VST
2025-04-10,113.63,115.51,107.03,109.26,8735410,NYSE:VST
2025-04-11,109.26,112.34,105.75,111.71,5268006,NYSE:VST
2025-04-14,117.31,118.2,110.51,112.69,5007354,NYSE:VST
2025-04-15,113.26,116.35,112.38,115.75,4279362,NYSE:VST
2025-04-16,112.51,117.62,111.95,115.87,5956660,NYSE:VST
2025-04-17,117.83,120.18,114,115.42,4853127,NYSE:VST
2025-04-21,112.52,114,103.34,106.52,6092363,NYSE:VST
2025-04-22,109.5,113.7,108.59,112.63,4882202,NYSE:VST
2025-04-23,122,125.58,118.33,120,7046187,NYSE:VST
2025-04-24,120.77,126.29,120.51,124.23,5468699,NYSE:VST
2025-04-25,124.38,128.24,123.52,126.64,4323311,NYSE:VST
2025-04-28,126.25,129.95,125.8,129.62,4334980,NYSE:VST
2025-04-29,128.58,130.41,126.42,129.33,4289005,NYSE:VST
2025-04-30,125.09,130.01,122.3,129.63,5047112,NYSE:VST
2025-05-01,137.67,140.53,135.81,137.3,10589914,NYSE:VST
2025-05-02,138.92,141.11,137.73,139.28,5615761,NYSE:VST
2025-05-05,136.59,141.09,135.68,140,5941422,NYSE:VST
2025-05-06,138.48,146.88,137.44,144.8,10113734,NYSE:VST
2025-05-07,137.63,140.98,133.95,139.5,12506674,NYSE:VST
2025-05-08,141.14,143.28,137.44,140.91,7363457,NYSE:VST
2025-05-09,140.95,141.26,133.73,135.75,5859904,NYSE:VST
2025-05-12,145.4,147.47,143.01,146.09,8358698,NYSE:VST
2025-05-13,144.16,156.99,144.08,155,9075915,NYSE:VST
2025-05-14,156.5,157,152.54,154.72,5370233,NYSE:VST
2025-05-15,151,154.09,150.84,152.06,3953548,NYSE:VST
2025-05-16,156.24,157.48,154.51,156.62,6263883,NYSE:VST
2025-05-19,150.38,157.65,150.38,157.32,5141281,NYSE:VST
2025-05-20,157,158.24,155.67,157.03,3426539,NYSE:VST
2025-05-21,154.94,156.51,150.92,152.07,4067436,NYSE:VST
2025-05-22,152.3,155.11,149.59,154.72,4624123,NYSE:VST
2025-05-23,156.56,159.43,154.65,158.16,7253956,NYSE:VST
2025-05-27,160.17,163.87,157.18,163.86,7192489,NYSE:VST
2025-05-28,164.4,165.74,161.42,162.36,5027415,NYSE:VST
2025-05-29,165.94,166,158.78,159.73,3551489,NYSE:VST
2025-05-30,158.97,160.6,157.07,160.57,5306115,NYSE:VST
2025-06-02,160.6,169.29,160.59,167.47,5612964,NYSE:VST
2025-06-03,175,178.35,171.86,176,10019917,NYSE:VST
2025-06-04,176,177.39,171.89,172.69,5290614,NYSE:VST
2025-06-05,173.42,173.91,169.57,170.87,4306819,NYSE:VST
2025-06-06,173.5,173.95,170.24,173.62,3302206,NYSE:VST
2025-06-09,173.67,174,168.41,169.37,5349976,NYSE:VST
2025-06-10,170.1,170.63,160.18,164.65,7818240,NYSE:VST
2025-06-11,168.03,169.5,165.54,166.79,4029302,NYSE:VST
2025-06-12,165.27,173.89,164.67,173.87,4357323,NYSE:VST
2025-06-13,171.51,175.95,170.66,173.75,3960729,NYSE:VST
2025-06-16,175.57,179.14,175.57,177.2,4177686,NYSE:VST
2025-06-17,179.01,181.2,175.3,177.75,4170428,NYSE:VST
2025-06-18,177,182.06,175.22,181.13,5591569,NYSE:VST
2025-06-20,180.83,185.5,178.76,185.1,6585665,NYSE:VST
2025-06-23,184.24,187.57,179.94,186.55,4150413,NYSE:VST
2025-06-24,188.13,189.37,184.89,186.17,6851924,NYSE:VST
2025-06-25,188.02,190.6,185.95,186.32,3813851,NYSE:VST
2025-06-26,187.85,191.28,185,190.4,3677932,NYSE:VST
2025-06-27,192,198.2,189.11,195.04,8903705,NYSE:VST
2025-06-30,197.5,197.5,192.18,193.81,4753928,NYSE:VST
2025-07-01,192.82,193.47,180.51,185.1,6125707,NYSE:VST
2025-07-02,184.7,188.44,182.71,187.02,3264934,NYSE:VST
2025-07-03,188.14,194.3,188,192.2,3342447,NYSE:VST
2025-07-07,191.23,194.28,190.35,193.7,4313374,NYSE:VST
2025-07-08,194.62,194.62,184.82,190.18,5076197,NYSE:VST
2025-07-09,192.72,200.25,189.85,197.01,6931531,NYSE:VST
2025-07-10,196.71,197.79,190.18,195.78,4360539,NYSE:VST
2025-07-11,194.31,197.72,191.8,196.58,3714500,NYSE:VST
2025-07-14,196.55,197.67,191.55,194.81,3793831,NYSE:VST
2025-07-15,195.18,195.18,189.2,191.37,4259399,NYSE:VST
2025-07-16,191.1,192.44,180.25,184.13,6605356,NYSE:VST
2025-07-17,186.42,187.82,181.2,182,3948088,NYSE:VST
2025-07-18,182.82,195.12,182.8,193.01,6416286,NYSE:VST
2025-07-21,193.64,193.69,186.91,188.23,4315933,NYSE:VST
2025-07-22,187.67,189.58,181.73,189.09,4187354,NYSE:VST
2025-07-23,198.82,207.12,197.84,200.12,8849495,NYSE:VST
2025-07-24,202.1,203.6,195.89,196.24,4919293,NYSE:VST
2025-07-25,195.02,196.3,190.72,192.2,5492145,NYSE:VST
2025-07-28,193.11,196.27,190.51,195.88,3211410,NYSE:VST
2025-07-29,197.2,199.41,194.01,198,4255831,NYSE:VST
2025-07-30,199.4,207.63,198.9,207.05,5511827,NYSE:VST
2025-07-31,209.74,213.05,205.73,208.54,5635352,NYSE:VST
2025-08-01,200.15,211.86,197.2,208.05,5737095,NYSE:VST
2025-08-04,210.55,215.13,208.29,214.06,4625621,NYSE:VST
2025-08-05,214.95,216.85,206.55,209.6,4601442,NYSE:VST
2025-08-06,208.64,208.64,199.21,200.85,7360617,NYSE:VST
2025-08-07,190.21,211.75,190,205.59,8944439,NYSE:VST
2025-08-08,206.11,208.88,201.69,202.12,4064623,NYSE:VST
2025-08-11,203.6,206.21,198.69,200.08,3690605,NYSE:VST
2025-08-12,202.36,209.96,200.49,209.56,4062255,NYSE:VST
2025-08-13,210.19,213.19,200.29,205.28,4111671,NYSE:VST
2025-08-14,204.14,207.9,202.29,202.35,3005032,NYSE:VST
2025-08-15,203,204.46,194.81,197.33,4025151,NYSE:VST
2025-08-18,196.63,199.4,195.3,198.96,2890359,NYSE:VST
2025-08-19,197.46,198.55,191.21,193.52,3358922,NYSE:VST
2025-08-20,191,193.37,183.85,192.91,5225263,NYSE:VST
2025-08-21,193,196.68,190,190.28,3028781,NYSE:VST
2025-08-22,191.14,195.5,187.14,190.46,3447279,NYSE:VST
2025-08-25,191.54,194.67,189.3,190.08,2723125,NYSE:VST
2025-08-26,190.45,195.65,189.35,195.12,3430807,NYSE:VST
2025-08-27,194.32,197.25,192.28,194.6,2665452,NYSE:VST
2025-08-28,195.2,201.38,194.62,196.7,3376224,NYSE:VST
2025-08-29,195.55,195.73,186.68,189.11,3999345,NYSE:VST
2025-09-02,183.83,186.88,182.09,185.81,4234696,NYSE:VST
2025-09-03,186,188.55,184.34,188.12,2815296,NYSE:VST
2025-09-04,189,192.11,188.8,189.73,2771810,NYSE:VST
2025-09-05,190.25,191.43,178.43,188,5199557,NYSE:VST
2025-09-08,189.59,190.56,184.61,188.01,4153391,NYSE:VST
2025-09-09,190,195.5,189.21,193.78,4451703,NYSE:VST
2025-09-10,200.52,212.88,200,209.21,9715842,NYSE:VST
2025-09-11,208.78,211.9,203.1,204.05,4408911,NYSE:VST
2025-09-12,202.93,210.22,202.01,209.7,3824901,NYSE:VST
2025-09-15,209.7,217.9,209.7,213.52,4750642,NYSE:VST
2025-09-16,213.8,213.8,207.31,209.43,3828376,NYSE:VST
2025-09-17,211.3,213.8,204.67,208.31,3468115,NYSE:VST
2025-09-18,213.31,214.46,208.05,210.16,3589561,NYSE:VST
2025-09-19,211.43,213.84,205.18,211.28,9188465,NYSE:VST
2025-09-22,211,219.82,207.8,217.92,4819523,NYSE:VST
2025-09-23,210.11,212.77,203.46,204.24,6525208,NYSE:VST
2025-09-24,203.26,206.19,201.87,202.06,3844371,NYSE:VST
2025-09-25,198,204.26,196.01,201.62,4262643,NYSE:VST
2025-09-26,201.2,207.5,200.98,207.22,3096233,NYSE:VST
2025-09-29,202,207.13,197.7,197.94,8373872,NYSE:VST
2025-09-30,199.19,200.5,190.7,195.92,5828378,NYSE:VST
2025-10-01,195,204.93,192.17,201.51,5387716,NYSE:VST
2025-10-02,204.04,205,198.71,202.65,4224153,NYSE:VST
2025-10-03,204.35,210.2,201.5,201.99,5306939,NYSE:VST
2025-10-06,206.16,207.93,197.43,200.41,6019791,NYSE:VST
2025-10-07,201.57,203.83,195.89,199.62,2865843,NYSE:VST
2025-10-08,201.58,206.61,200.13,206.55,3705960,NYSE:VST
2025-10-09,207,211.07,205.33,210,3796063,NYSE:VST
2025-10-10,209.76,212.37,196.84,196.86,4388190,NYSE:VST
2025-10-13,201.12,209.95,200.4,209.55,3868849,NYSE:VST
2025-10-14,205.79,208.85,201.4,205.51,3088175,NYSE:VST
2025-10-15,209.32,216.04,206.4,210.85,5411967,NYSE:VST
2025-10-16,214.79,217.1,208.68,210.4,3562171,NYSE:VST
2025-10-17,207.67,210.05,200.05,201.35,4004732,NYSE:VST
2025-10-20,204.13,205.5,192.81,194.24,4058350,NYSE:VST
2025-10-21,192.88,193.42,185.57,186.52,5781710,NYSE:VST
2025-10-22,187.55,189.5,179.65,185.83,5344396,NYSE:VST
2025-10-23,185.71,192.2,185.71,191.37,3033744,NYSE:VST
2025-10-24,196.6,202,194.6,201.47,4787532,NYSE:VST
2025-10-27,203.66,203.66,196.5,199.3,4539545,NYSE:VST
2025-10-28,197.32,197.32,184.47,190.59,9390524,NYSE:VST
2025-10-29,192.3,200.73,189.47,199.37,6158919,NYSE:VST
2025-10-30,194.68,198.82,188.54,189.71,3805401,NYSE:VST
2025-10-31,192,192.89,183.52,188.3,4231269,NYSE:VST
2024-10-30,3.45,3.56,3.34,3.44,4082880,NASDAQ:EOSE
2024-10-31,3.38,3.42,3.02,3.11,11262954,NASDAQ:EOSE
2024-11-01,3.38,3.5,3.13,3.15,6916091,NASDAQ:EOSE
2024-11-04,3.12,3.16,2.91,2.92,6285329,NASDAQ:EOSE
2024-11-05,2.99,3.2,2.92,3.18,7658271,NASDAQ:EOSE
2024-11-06,2.67,2.78,2.23,2.55,22213072,NASDAQ:EOSE
2024-11-07,2.65,2.87,2.58,2.76,8772187,NASDAQ:EOSE
2024-11-08,2.78,2.8,2.59,2.67,6567967,NASDAQ:EOSE
2024-11-11,2.6,2.62,2.42,2.5,7186911,NASDAQ:EOSE
2024-11-12,2.45,2.45,2.32,2.38,6976248,NASDAQ:EOSE
2024-11-13,2.36,2.52,2.3,2.31,6187662,NASDAQ:EOSE
2024-11-14,2.32,2.35,2.22,2.23,5342549,NASDAQ:EOSE
2024-11-15,2.23,2.31,2.15,2.19,16398154,NASDAQ:EOSE
2024-11-18,2.21,2.22,2.06,2.15,6456171,NASDAQ:EOSE
2024-11-19,2.11,2.36,2.07,2.31,6024820,NASDAQ:EOSE
2024-11-20,2.32,2.36,2.22,2.28,4118732,NASDAQ:EOSE
2024-11-21,2.28,2.61,2.23,2.51,6944312,NASDAQ:EOSE
2024-11-22,2.51,2.74,2.46,2.7,5642821,NASDAQ:EOSE
2024-11-25,2.73,2.85,2.59,2.79,8531937,NASDAQ:EOSE
2024-11-26,2.8,2.82,2.66,2.68,3447847,NASDAQ:EOSE
2024-11-27,2.73,2.85,2.64,2.7,3864127,NASDAQ:EOSE
2024-11-29,2.73,3,2.73,2.95,5469946,NASDAQ:EOSE
2024-12-02,2.97,2.98,2.82,2.89,4237219,NASDAQ:EOSE
2024-12-03,3.3,3.45,2.9,2.93,15926911,NASDAQ:EOSE
2024-12-04,2.94,3.15,2.9,2.97,7641307,NASDAQ:EOSE
2024-12-05,2.98,3.2,2.9,3.07,8293859,NASDAQ:EOSE
2024-12-06,3.12,3.27,3.1,3.21,8418225,NASDAQ:EOSE
2024-12-09,3.26,3.42,3.22,3.32,6176988,NASDAQ:EOSE
2024-12-10,3.28,3.28,3.05,3.07,5622978,NASDAQ:EOSE
2024-12-11,3.11,3.25,2.99,3.22,4941318,NASDAQ:EOSE
2024-12-12,3.22,3.41,3.16,3.25,5843315,NASDAQ:EOSE
2024-12-13,3.24,3.41,3.22,3.4,4907447,NASDAQ:EOSE
2024-12-16,3.41,4.15,3.36,4.04,21304634,NASDAQ:EOSE
2024-12-17,3.98,4.09,3.73,3.91,11843699,NASDAQ:EOSE
2024-12-18,4.33,4.6,4,4.04,17434573,NASDAQ:EOSE
2024-12-19,4.24,4.5,4.02,4.32,11440934,NASDAQ:EOSE
2024-12-20,4.21,4.68,4.08,4.57,14939137,NASDAQ:EOSE
2024-12-23,4.6,4.81,4.42,4.64,9380171,NASDAQ:EOSE
2024-12-24,4.67,4.69,4.42,4.56,4092077,NASDAQ:EOSE
2024-12-26,4.5,5.3,4.47,5.17,14602663,NASDAQ:EOSE
2024-12-27,5.3,5.42,5.07,5.17,11800588,NASDAQ:EOSE
2024-12-30,5.08,5.27,4.87,5.14,8140663,NASDAQ:EOSE
2024-12-31,5.12,5.15,4.74,4.86,9691319,NASDAQ:EOSE
2025-01-02,4.98,5.7,4.94,5.53,13367245,NASDAQ:EOSE
2025-01-03,5.53,5.82,5.29,5.67,9043812,NASDAQ:EOSE
2025-01-06,5.79,6.01,5.48,5.52,10333535,NASDAQ:EOSE
2025-01-07,5.56,5.7,5.36,5.39,6291489,NASDAQ:EOSE
2025-01-08,5.3,5.39,4.96,5.18,9789749,NASDAQ:EOSE
2025-01-10,5.06,5.17,4.76,4.96,7841841,NASDAQ:EOSE
2025-01-13,4.75,4.79,4.5,4.74,8323929,NASDAQ:EOSE
2025-01-14,4.87,4.95,4.46,4.6,6434978,NASDAQ:EOSE
2025-01-15,4.68,5.27,4.66,5.2,9536109,NASDAQ:EOSE
2025-01-16,5.29,6.35,5.09,6.16,17837803,NASDAQ:EOSE
2025-01-17,6.14,6.47,5.92,6.02,9392649,NASDAQ:EOSE
2025-01-21,6.08,6.14,5.1,5.74,14775395,NASDAQ:EOSE
2025-01-22,5.77,5.91,5.58,5.84,5473715,NASDAQ:EOSE
2025-01-23,5.88,6.23,5.72,6.19,7878033,NASDAQ:EOSE
2025-01-24,6.25,6.64,5.97,6.08,7668678,NASDAQ:EOSE
2025-01-27,5.84,6.16,5.67,5.85,6663511,NASDAQ:EOSE
2025-01-28,5.89,5.99,5.27,5.68,8908256,NASDAQ:EOSE
2025-01-29,5.65,5.86,5.32,5.44,4875970,NASDAQ:EOSE
2025-01-30,5.54,6.28,5.54,5.81,11750100,NASDAQ:EOSE
2025-01-31,5.86,6.2,5.73,5.74,6099898,NASDAQ:EOSE
2025-02-03,5.36,5.8,5.29,5.61,4934879,NASDAQ:EOSE
2025-02-04,5.61,6.12,5.43,5.94,7367162,NASDAQ:EOSE
2025-02-05,5.97,6.08,5.33,5.39,8063898,NASDAQ:EOSE
2025-02-06,5.51,5.63,5.34,5.46,4531461,NASDAQ:EOSE
2025-02-07,5.48,5.72,5.3,5.33,4760272,NASDAQ:EOSE
2025-02-10,5.33,5.6,5.14,5.4,5977031,NASDAQ:EOSE
2025-02-11,5.21,5.42,4.81,4.91,12411377,NASDAQ:EOSE
2025-02-12,4.7,5.09,4.6,4.97,6987580,NASDAQ:EOSE
2025-02-13,5.01,5.28,4.91,5.23,4302262,NASDAQ:EOSE
2025-02-14,5.26,5.26,4.89,4.9,4031966,NASDAQ:EOSE
2025-02-18,4.9,5.01,4.68,4.98,5568493,NASDAQ:EOSE
2025-02-19,5.02,5.11,4.78,4.82,5355831,NASDAQ:EOSE
2025-02-20,4.63,4.81,4.38,4.75,8242808,NASDAQ:EOSE
2025-02-21,4.79,4.83,4.47,4.48,4967053,NASDAQ:EOSE
2025-02-24,4.47,4.48,4.13,4.26,6582471,NASDAQ:EOSE
2025-02-25,4.21,4.24,3.86,4.09,9055286,NASDAQ:EOSE
2025-02-26,4.12,4.47,4.1,4.28,5692622,NASDAQ:EOSE
2025-02-27,4.31,4.35,4.07,4.07,3066257,NASDAQ:EOSE
2025-02-28,3.97,4.47,3.92,4.37,5902603,NASDAQ:EOSE
2025-03-03,4.45,4.48,3.9,3.99,6734346,NASDAQ:EOSE
2025-03-04,3.84,4.08,3.66,3.94,6998703,NASDAQ:EOSE
2025-03-05,4.2,4.98,4.14,4.97,13082339,NASDAQ:EOSE
2025-03-06,4.72,4.9,4.44,4.53,7290214,NASDAQ:EOSE
2025-03-07,4.51,4.7,4.26,4.6,5707530,NASDAQ:EOSE
2025-03-10,4.44,4.44,3.84,3.94,8266538,NASDAQ:EOSE
2025-03-11,3.94,4.06,3.8,3.95,4562120,NASDAQ:EOSE
2025-03-12,4.12,4.18,4,4.11,4838820,NASDAQ:EOSE
2025-03-13,4.11,4.21,3.84,3.95,3939872,NASDAQ:EOSE
2025-03-14,4.07,4.2,4.04,4.13,3435344,NASDAQ:EOSE
2025-03-17,4.14,4.26,4.09,4.16,2807917,NASDAQ:EOSE
2025-03-18,4.12,4.16,3.93,4.1,2698489,NASDAQ:EOSE
2025-03-19,4.12,4.54,4.12,4.44,5178945,NASDAQ:EOSE
2025-03-20,4.4,4.58,4.25,4.26,3875740,NASDAQ:EOSE
2025-03-21,4.17,4.43,4.09,4.39,3668380,NASDAQ:EOSE
2025-03-24,4.5,4.58,4.34,4.35,3281493,NASDAQ:EOSE
2025-03-25,4.33,4.37,4.18,4.19,2536374,NASDAQ:EOSE
2025-03-26,4.18,4.21,4.02,4.12,3166226,NASDAQ:EOSE
2025-03-27,4.08,4.1,3.93,4.04,2797355,NASDAQ:EOSE
2025-03-28,3.96,4.01,3.84,3.94,3686172,NASDAQ:EOSE
2025-03-31,3.78,3.87,3.62,3.78,4229456,NASDAQ:EOSE
2025-04-01,3.74,4.01,3.7,4.01,4460937,NASDAQ:EOSE
2025-04-02,3.91,4.17,3.9,3.99,2792970,NASDAQ:EOSE
2025-04-03,3.72,4,3.72,3.97,4494890,NASDAQ:EOSE
2025-04-04,3.78,3.86,3.35,3.82,6504897,NASDAQ:EOSE
2025-04-07,3.5,3.99,3.46,3.54,9304098,NASDAQ:EOSE
2025-04-08,3.78,3.8,3.14,3.3,7665215,NASDAQ:EOSE
2025-04-09,3.25,3.94,3.07,3.86,9726808,NASDAQ:EOSE
2025-04-10,3.79,3.87,3.47,3.87,5287716,NASDAQ:EOSE
2025-04-11,3.86,4.25,3.76,4.23,7587951,NASDAQ:EOSE
2025-04-14,4.32,4.42,4.11,4.22,4615336,NASDAQ:EOSE
2025-04-15,4.43,5.09,4.43,5.05,13178349,NASDAQ:EOSE
2025-04-16,4.93,5.09,4.76,4.89,5884534,NASDAQ:EOSE
2025-04-17,4.96,5.21,4.72,4.74,5611053,NASDAQ:EOSE
2025-04-21,4.63,4.71,4.41,4.52,4424822,NASDAQ:EOSE
2025-04-22,4.68,4.9,4.61,4.65,5273450,NASDAQ:EOSE
2025-04-23,4.87,5.09,4.77,4.86,6166056,NASDAQ:EOSE
2025-04-24,4.87,5.09,4.77,4.88,5235910,NASDAQ:EOSE
2025-04-25,4.85,5.24,4.78,5.22,5407114,NASDAQ:EOSE
2025-04-28,5.3,5.58,5.18,5.48,6681427,NASDAQ:EOSE
2025-04-29,5.41,5.47,5.15,5.42,4248876,NASDAQ:EOSE
2025-04-30,5.18,5.23,4.98,5.22,4681744,NASDAQ:EOSE
2025-05-01,5.33,5.38,5.12,5.14,4018851,NASDAQ:EOSE
2025-05-02,5.24,5.42,5.18,5.33,4730134,NASDAQ:EOSE
2025-05-05,5.27,5.29,5.02,5.06,4289278,NASDAQ:EOSE
2025-05-06,4.93,5.1,4.86,5.04,7250494,NASDAQ:EOSE
2025-05-07,5.36,6.89,5.34,6.67,37215226,NASDAQ:EOSE
2025-05-08,6.45,6.5,5.91,6,12887490,NASDAQ:EOSE
2025-05-09,6.06,6.28,5.79,6.21,7109848,NASDAQ:EOSE
2025-05-12,6.46,6.73,6.24,6.33,7884814,NASDAQ:EOSE
2025-05-13,6.46,7.06,6.45,6.8,15203208,NASDAQ:EOSE
2025-05-14,6.8,7.05,6.64,6.94,8391678,NASDAQ:EOSE
2025-05-15,6.9,7.36,6.75,7.11,12625978,NASDAQ:EOSE
2025-05-16,7.12,7.12,6.73,6.98,11005610,NASDAQ:EOSE
2025-05-19,6.72,6.75,6.35,6.51,8909632,NASDAQ:EOSE
2025-05-20,6.47,6.59,6.15,6.2,5382493,NASDAQ:EOSE
2025-05-21,6.07,6.25,5.85,5.93,9350660,NASDAQ:EOSE
2025-05-22,6.07,6.25,5.85,5.93,245106,NASDAQ:EOSE
2025-05-23,5.85,6.51,5.83,6.38,8818424,NASDAQ:EOSE
2025-05-27,5.99,6.01,5.57,5.89,19378203,NASDAQ:EOSE
2025-05-28,5.9,6.11,5.58,6,7923243,NASDAQ:EOSE
2025-05-29,5.05,5.36,4.51,4.51,60725621,NASDAQ:EOSE
2025-05-30,4.28,4.29,4.03,4.16,60776625,NASDAQ:EOSE
2025-06-02,4.17,4.21,4.03,4.15,19209086,NASDAQ:EOSE
2025-06-03,4.18,4.18,3.81,3.86,25292741,NASDAQ:EOSE
2025-06-04,3.91,3.93,3.69,3.8,18372821,NASDAQ:EOSE
2025-06-05,3.82,4.05,3.78,3.92,17628888,NASDAQ:EOSE
2025-06-06,3.94,4.03,3.81,3.84,9926758,NASDAQ:EOSE
2025-06-09,3.94,4.35,3.92,4.18,21946456,NASDAQ:EOSE
2025-06-10,4.24,4.33,4.04,4.07,12979212,NASDAQ:EOSE
2025-06-11,4.08,4.14,3.88,4.01,8419362,NASDAQ:EOSE
2025-06-12,4.04,4.29,4,4.16,10136022,NASDAQ:EOSE
2025-06-13,4.04,4.16,3.96,4.03,9493170,NASDAQ:EOSE
2025-06-16,4.2,4.66,4.2,4.63,21377161,NASDAQ:EOSE
2025-06-17,4.55,4.75,4.39,4.43,9533376,NASDAQ:EOSE
2025-06-18,4.47,4.78,4.43,4.58,9195775,NASDAQ:EOSE
2025-06-20,4.79,4.87,4.48,4.49,13016784,NASDAQ:EOSE
2025-06-23,4.39,4.57,4.18,4.19,13319639,NASDAQ:EOSE
2025-06-24,4.24,4.43,4.21,4.37,8160380,NASDAQ:EOSE
2025-06-25,4.42,4.44,4.2,4.21,7293183,NASDAQ:EOSE
2025-06-26,4.25,4.59,4.22,4.54,9260714,NASDAQ:EOSE
2025-06-27,4.59,4.6,4.28,4.41,44729630,NASDAQ:EOSE
2025-06-30,4.51,5.23,4.5,5.12,18495799,NASDAQ:EOSE
2025-07-01,5.03,5.05,4.71,4.87,13262545,NASDAQ:EOSE
2025-07-02,5.23,5.28,4.86,4.9,14822304,NASDAQ:EOSE
2025-07-03,4.96,5.11,4.93,5.08,5747513,NASDAQ:EOSE
2025-07-07,5.21,5.48,5.08,5.15,15159237,NASDAQ:EOSE
2025-07-08,5.15,5.19,4.77,4.79,15759568,NASDAQ:EOSE
2025-07-09,4.84,4.86,4.56,4.66,10250705,NASDAQ:EOSE
2025-07-10,4.62,4.67,4.52,4.65,7960733,NASDAQ:EOSE
2025-07-11,4.6,4.64,4.45,4.63,7954940,NASDAQ:EOSE
2025-07-14,4.65,5.38,4.59,5.37,16646475,NASDAQ:EOSE
2025-07-15,5.44,5.48,5.08,5.17,16080775,NASDAQ:EOSE
2025-07-16,5.28,5.39,4.82,5.07,11825672,NASDAQ:EOSE
2025-07-17,5.1,5.35,4.9,5.3,17475041,NASDAQ:EOSE
2025-07-18,5.95,6.5,5.76,5.87,42044201,NASDAQ:EOSE
2025-07-21,6.11,6.23,5.85,6,24322507,NASDAQ:EOSE
2025-07-22,5.95,6.12,5.66,6.03,14708451,NASDAQ:EOSE
2025-07-23,6.25,6.45,5.91,6.24,16759942,NASDAQ:EOSE
2025-07-24,6.23,6.52,6.12,6.36,13469565,NASDAQ:EOSE
2025-07-25,6.26,6.66,6.18,6.37,11904858,NASDAQ:EOSE
2025-07-28,6.45,6.54,6.05,6.18,10380037,NASDAQ:EOSE
2025-07-29,6.29,6.31,5.79,5.96,10232477,NASDAQ:EOSE
2025-07-30,5.93,6.3,5.91,5.92,15768156,NASDAQ:EOSE
2025-07-31,5.47,6.55,5.41,5.7,24980300,NASDAQ:EOSE
2025-08-01,5.47,5.64,5.27,5.51,13993286,NASDAQ:EOSE
2025-08-04,5.67,6.35,5.65,6.21,15657692,NASDAQ:EOSE
2025-08-05,6.21,6.54,6.06,6.51,16632494,NASDAQ:EOSE
2025-08-06,6.51,6.76,6.3,6.46,13892151,NASDAQ:EOSE
2025-08-07,6.57,6.91,6.51,6.56,15975142,NASDAQ:EOSE
2025-08-08,6.6,6.69,6.2,6.37,11401571,NASDAQ:EOSE
2025-08-11,6.37,6.54,6.29,6.35,8545259,NASDAQ:EOSE
2025-08-12,6.21,6.26,6,6.11,11764870,NASDAQ:EOSE
2025-08-13,6.14,6.35,5.84,6.34,15201524,NASDAQ:EOSE
2025-08-14,6.12,6.61,6.1,6.33,9905087,NASDAQ:EOSE
2025-08-15,6.35,6.35,5.83,5.86,15502045,NASDAQ:EOSE
2025-08-18,5.96,6.4,5.93,6.33,13499808,NASDAQ:EOSE
2025-08-19,6.25,6.27,5.95,6.05,7951256,NASDAQ:EOSE
2025-08-20,5.91,6.01,5.77,5.99,7629911,NASDAQ:EOSE
2025-08-21,5.94,6.03,5.84,6.02,4582861,NASDAQ:EOSE
2025-08-22,6.03,6.38,5.96,6.32,8341785,NASDAQ:EOSE
2025-08-25,6.32,6.38,6.15,6.27,5349831,NASDAQ:EOSE
2025-08-26,6.35,6.94,6.31,6.92,15722183,NASDAQ:EOSE
2025-08-27,6.95,7.14,6.8,7.12,11215688,NASDAQ:EOSE
2025-08-28,7.27,7.34,6.87,7.13,11205604,NASDAQ:EOSE
2025-08-29,7.13,7.21,6.76,6.9,8689457,NASDAQ:EOSE
2025-09-02,6.71,7.6,6.51,7.51,19824525,NASDAQ:EOSE
2025-09-03,7.67,8.09,7.55,7.62,16714549,NASDAQ:EOSE
2025-09-04,7.62,7.67,7.04,7.34,12364809,NASDAQ:EOSE
2025-09-05,7.54,7.62,7,7.21,12937394,NASDAQ:EOSE
2025-09-08,7.2,7.47,6.81,6.87,14809257,NASDAQ:EOSE
2025-09-09,6.93,7.05,6.66,6.98,9915863,NASDAQ:EOSE
2025-09-10,7.05,7.37,6.8,6.87,12893948,NASDAQ:EOSE
2025-09-11,6.81,7.28,6.72,7.22,8507447,NASDAQ:EOSE
2025-09-12,7.24,8.24,7.17,8.2,19132773,NASDAQ:EOSE
2025-09-15,8.44,8.55,8.21,8.28,15747192,NASDAQ:EOSE
2025-09-16,8.32,8.4,7.93,8.29,11235553,NASDAQ:EOSE
2025-09-17,8.27,8.74,8.12,8.5,14132615,NASDAQ:EOSE
2025-09-18,8.78,9.25,8.44,9,21845666,NASDAQ:EOSE
2025-09-19,9.23,10.15,9.17,9.76,36023517,NASDAQ:EOSE
2025-09-22,10.46,10.48,9.85,10.24,30620742,NASDAQ:EOSE
2025-09-23,10.3,10.61,9.93,10.16,21212882,NASDAQ:EOSE
2025-09-24,10.27,11.36,10.21,10.65,32690816,NASDAQ:EOSE
2025-09-25,10.12,10.71,9.77,10.49,22783362,NASDAQ:EOSE
2025-09-26,10.5,10.61,9.83,10.12,12632110,NASDAQ:EOSE
2025-09-29,10.43,11.45,10.23,11.17,23838381,NASDAQ:EOSE
2025-09-30,11,11.57,10.8,11.39,14085305,NASDAQ:EOSE
2025-10-01,11.37,12.4,11.12,12.37,20342172,NASDAQ:EOSE
2025-10-02,12.96,13.13,12.18,12.36,27124584,NASDAQ:EOSE
2025-10-03,12.47,13.51,12.29,12.6,24711379,NASDAQ:EOSE
2025-10-06,14.44,15.19,13.55,13.86,35332608,NASDAQ:EOSE
2025-10-07,14.2,14.56,13.57,13.66,19129066,NASDAQ:EOSE
2025-10-08,13.55,15.34,13.31,14.82,27538258,NASDAQ:EOSE
2025-10-09,15.05,15.09,14.38,14.64,17324494,NASDAQ:EOSE
2025-10-10,14.69,14.69,13.54,13.82,22062684,NASDAQ:EOSE
2025-10-13,15.1,17.36,14.94,17.05,41965993,NASDAQ:EOSE
2025-10-14,16.61,17.81,16.1,16.98,34127259,NASDAQ:EOSE
2025-10-15,18.28,19.05,16.94,18.28,32574692,NASDAQ:EOSE
2025-10-16,18.1,18.21,15.34,15.45,31587694,NASDAQ:EOSE
2025-10-17,15.14,15.49,14.5,15.04,20353602,NASDAQ:EOSE
2025-10-20,16.2,16.2,14.59,15.01,14600192,NASDAQ:EOSE
2025-10-21,17.02,17.33,15.64,16.3,50357403,NASDAQ:EOSE
2025-10-22,15.6,16.34,14.19,15.06,27469647,NASDAQ:EOSE
2025-10-23,15.2,15.9,14.32,14.36,16645326,NASDAQ:EOSE
2025-10-24,15.05,16.36,14.96,16.06,21351970,NASDAQ:EOSE
2025-10-27,16.24,16.95,15.24,15.38,21176471,NASDAQ:EOSE
2025-10-28,15.2,16.04,14.64,15.01,16255821,NASDAQ:EOSE
2025-10-29,14.83,15.46,13.9,14.37,20825581,NASDAQ:EOSE
2025-10-30,13.26,14.77,13.15,14.32,24661089,NASDAQ:EOSE
2025-10-31,14.65,16.29,14.53,16.03,24103585,NASDAQ:EOSE
2024-10-30,0.61,0.63,0.61,0.61,158939,NYSEAMERICAN:WWR
2024-10-31,0.61,0.62,0.61,0.62,263227,NYSEAMERICAN:WWR
2024-11-01,0.63,0.63,0.61,0.62,243653,NYSEAMERICAN:WWR
2024-11-04,0.6,0.6,0.55,0.57,358794,NYSEAMERICAN:WWR
2024-11-05,0.57,0.58,0.57,0.57,118286,NYSEAMERICAN:WWR
2024-11-06,0.57,0.59,0.55,0.57,212475,NYSEAMERICAN:WWR
2024-11-07,0.56,0.6,0.55,0.59,552975,NYSEAMERICAN:WWR
2024-11-08,0.59,0.6,0.58,0.59,242999,NYSEAMERICAN:WWR
2024-11-11,0.58,0.58,0.55,0.56,228434,NYSEAMERICAN:WWR
2024-11-12,0.55,0.57,0.53,0.55,295250,NYSEAMERICAN:WWR
2024-11-13,0.53,0.56,0.53,0.55,218623,NYSEAMERICAN:WWR
2024-11-14,0.57,0.6,0.55,0.56,108128,NYSEAMERICAN:WWR
2024-11-15,0.59,0.59,0.54,0.55,186824,NYSEAMERICAN:WWR
2024-11-18,0.53,0.55,0.53,0.54,179759,NYSEAMERICAN:WWR
2024-11-19,0.54,0.55,0.53,0.54,120149,NYSEAMERICAN:WWR
2024-11-20,0.54,0.56,0.53,0.55,172869,NYSEAMERICAN:WWR
2024-11-21,0.54,0.55,0.53,0.54,175208,NYSEAMERICAN:WWR
2024-11-22,0.54,0.56,0.53,0.55,181558,NYSEAMERICAN:WWR
2024-11-25,0.55,0.58,0.55,0.55,251924,NYSEAMERICAN:WWR
2024-11-26,0.56,0.57,0.56,0.57,225866,NYSEAMERICAN:WWR
2024-11-27,0.57,0.62,0.57,0.59,776046,NYSEAMERICAN:WWR
2024-11-29,0.62,0.62,0.58,0.59,235107,NYSEAMERICAN:WWR
2024-12-02,0.6,0.6,0.57,0.58,397318,NYSEAMERICAN:WWR
2024-12-03,0.6,0.62,0.59,0.62,895161,NYSEAMERICAN:WWR
2024-12-04,0.65,0.65,0.61,0.62,766654,NYSEAMERICAN:WWR
2024-12-05,0.64,0.64,0.59,0.6,440181,NYSEAMERICAN:WWR
2024-12-06,0.6,0.6,0.58,0.59,255773,NYSEAMERICAN:WWR
2024-12-09,0.59,0.6,0.58,0.6,238638,NYSEAMERICAN:WWR
2024-12-10,0.61,0.61,0.58,0.6,221720,NYSEAMERICAN:WWR
2024-12-11,0.59,0.6,0.59,0.59,134519,NYSEAMERICAN:WWR
2024-12-12,0.59,0.6,0.56,0.57,418739,NYSEAMERICAN:WWR
2024-12-13,0.56,0.57,0.55,0.55,316337,NYSEAMERICAN:WWR
2024-12-16,0.56,0.57,0.55,0.56,319801,NYSEAMERICAN:WWR
2024-12-17,0.58,0.58,0.55,0.55,286688,NYSEAMERICAN:WWR
2024-12-18,0.56,0.58,0.53,0.53,925272,NYSEAMERICAN:WWR
2024-12-19,0.54,0.54,0.5,0.52,611128,NYSEAMERICAN:WWR
2024-12-20,0.52,0.53,0.52,0.53,393675,NYSEAMERICAN:WWR
2024-12-23,0.54,0.55,0.49,0.5,665976,NYSEAMERICAN:WWR
2024-12-24,0.5,0.59,0.5,0.59,1766020,NYSEAMERICAN:WWR
2024-12-26,0.6,0.6,0.56,0.58,1186379,NYSEAMERICAN:WWR
2024-12-27,0.58,0.91,0.56,0.85,8043074,NYSEAMERICAN:WWR
2024-12-30,0.85,0.92,0.78,0.86,3128454,NYSEAMERICAN:WWR
2024-12-31,0.85,0.85,0.7,0.71,1798579,NYSEAMERICAN:WWR
2025-01-02,0.74,0.83,0.72,0.8,967540,NYSEAMERICAN:WWR
2025-01-03,0.8,0.89,0.75,0.81,876115,NYSEAMERICAN:WWR
2025-01-06,0.83,0.84,0.66,0.8,1102886,NYSEAMERICAN:WWR
2025-01-07,0.83,0.84,0.78,0.81,613685,NYSEAMERICAN:WWR
2025-01-08,0.85,0.87,0.81,0.84,1063488,NYSEAMERICAN:WWR
2025-01-10,0.85,0.87,0.79,0.81,909940,NYSEAMERICAN:WWR
2025-01-13,0.8,0.82,0.76,0.8,440792,NYSEAMERICAN:WWR
2025-01-14,0.8,0.8,0.75,0.76,349825,NYSEAMERICAN:WWR
2025-01-15,0.79,0.79,0.76,0.77,304340,NYSEAMERICAN:WWR
2025-01-16,0.78,0.78,0.75,0.77,369272,NYSEAMERICAN:WWR
2025-01-17,0.81,0.81,0.78,0.79,351971,NYSEAMERICAN:WWR
2025-01-21,0.81,0.81,0.76,0.79,447022,NYSEAMERICAN:WWR
2025-01-22,0.78,0.87,0.77,0.85,426960,NYSEAMERICAN:WWR
2025-01-23,0.87,1.13,0.86,1.09,3202053,NYSEAMERICAN:WWR
2025-01-24,1.1,1.32,1.07,1.16,2814707,NYSEAMERICAN:WWR
2025-01-27,1.12,1.14,0.99,1.04,1250930,NYSEAMERICAN:WWR
2025-01-28,1.06,1.08,0.85,0.93,1561259,NYSEAMERICAN:WWR
2025-01-29,0.92,1,0.88,0.96,428006,NYSEAMERICAN:WWR
2025-01-30,0.98,1,0.95,0.98,577381,NYSEAMERICAN:WWR
2025-01-31,0.99,0.99,0.9,0.94,405581,NYSEAMERICAN:WWR
2025-02-03,0.9,0.94,0.86,0.92,335384,NYSEAMERICAN:WWR
2025-02-04,0.94,0.94,0.88,0.9,1453855,NYSEAMERICAN:WWR
2025-02-05,0.91,0.91,0.88,0.9,474746,NYSEAMERICAN:WWR
2025-02-06,0.9,0.9,0.84,0.85,542984,NYSEAMERICAN:WWR
2025-02-07,0.85,1.09,0.85,1.03,2143712,NYSEAMERICAN:WWR
2025-02-10,1.06,1.06,0.94,0.96,1159458,NYSEAMERICAN:WWR
2025-02-11,0.97,1.12,0.87,0.89,2097050,NYSEAMERICAN:WWR
2025-02-12,0.92,0.97,0.89,0.94,820967,NYSEAMERICAN:WWR
2025-02-13,0.93,0.94,0.88,0.89,786944,NYSEAMERICAN:WWR
2025-02-14,0.9,0.91,0.81,0.85,1064534,NYSEAMERICAN:WWR
2025-02-18,0.87,0.9,0.85,0.88,969693,NYSEAMERICAN:WWR
2025-02-19,0.88,0.91,0.86,0.87,381092,NYSEAMERICAN:WWR
2025-02-20,0.87,0.87,0.84,0.86,332524,NYSEAMERICAN:WWR
2025-02-21,0.87,0.88,0.84,0.85,262289,NYSEAMERICAN:WWR
2025-02-24,0.85,0.85,0.75,0.79,854665,NYSEAMERICAN:WWR
2025-02-25,0.8,0.8,0.71,0.75,391477,NYSEAMERICAN:WWR
2025-02-26,0.74,0.79,0.74,0.76,179538,NYSEAMERICAN:WWR
2025-02-27,0.78,0.78,0.73,0.75,198877,NYSEAMERICAN:WWR
2025-02-28,0.75,0.76,0.58,0.72,1421749,NYSEAMERICAN:WWR
2025-03-03,0.7,0.72,0.6,0.65,615693,NYSEAMERICAN:WWR
2025-03-04,0.65,0.66,0.63,0.65,400737,NYSEAMERICAN:WWR
2025-03-05,0.7,0.7,0.66,0.68,625326,NYSEAMERICAN:WWR
2025-03-06,0.68,0.7,0.64,0.67,355112,NYSEAMERICAN:WWR
2025-03-07,0.67,0.68,0.6,0.63,660042,NYSEAMERICAN:WWR
2025-03-10,0.63,0.63,0.56,0.57,495264,NYSEAMERICAN:WWR
2025-03-11,0.6,0.64,0.58,0.62,1183797,NYSEAMERICAN:WWR
2025-03-12,0.66,0.69,0.61,0.64,841388,NYSEAMERICAN:WWR
2025-03-13,0.64,0.64,0.56,0.6,951428,NYSEAMERICAN:WWR
2025-03-14,0.6,0.66,0.6,0.63,546353,NYSEAMERICAN:WWR
2025-03-17,0.63,0.66,0.6,0.65,533756,NYSEAMERICAN:WWR
2025-03-18,0.65,0.66,0.6,0.61,527421,NYSEAMERICAN:WWR
2025-03-19,0.62,0.64,0.61,0.63,309501,NYSEAMERICAN:WWR
2025-03-20,0.63,0.65,0.61,0.63,300320,NYSEAMERICAN:WWR
2025-03-21,0.59,0.63,0.55,0.61,1111565,NYSEAMERICAN:WWR
2025-03-24,0.62,0.64,0.61,0.62,828272,NYSEAMERICAN:WWR
2025-03-25,0.61,0.62,0.59,0.6,300388,NYSEAMERICAN:WWR
2025-03-26,0.61,0.61,0.56,0.56,400945,NYSEAMERICAN:WWR
2025-03-27,0.57,0.57,0.55,0.56,206529,NYSEAMERICAN:WWR
2025-03-28,0.56,0.57,0.53,0.55,442510,NYSEAMERICAN:WWR
2025-03-31,0.59,0.59,0.53,0.55,264232,NYSEAMERICAN:WWR
2025-04-01,0.57,0.61,0.54,0.57,1370786,NYSEAMERICAN:WWR
2025-04-02,0.58,0.59,0.56,0.56,260436,NYSEAMERICAN:WWR
2025-04-03,0.56,0.57,0.53,0.54,317937,NYSEAMERICAN:WWR
2025-04-04,0.53,0.56,0.49,0.52,645845,NYSEAMERICAN:WWR
2025-04-07,0.5,0.54,0.48,0.51,751889,NYSEAMERICAN:WWR
2025-04-08,0.5,0.54,0.45,0.48,1479727,NYSEAMERICAN:WWR
2025-04-09,0.5,0.53,0.5,0.52,438628,NYSEAMERICAN:WWR
2025-04-10,0.53,0.54,0.51,0.52,253580,NYSEAMERICAN:WWR
2025-04-11,0.54,0.54,0.52,0.54,253268,NYSEAMERICAN:WWR
2025-04-14,0.56,0.58,0.53,0.55,617631,NYSEAMERICAN:WWR
2025-04-15,0.56,0.57,0.52,0.54,459441,NYSEAMERICAN:WWR
2025-04-16,0.54,0.63,0.54,0.6,4876230,NYSEAMERICAN:WWR
2025-04-17,0.62,0.63,0.54,0.55,2253382,NYSEAMERICAN:WWR
2025-04-21,0.55,0.58,0.49,0.51,852559,NYSEAMERICAN:WWR
2025-04-22,0.5,0.53,0.5,0.5,280879,NYSEAMERICAN:WWR
2025-04-23,0.5,0.53,0.5,0.52,356557,NYSEAMERICAN:WWR
2025-04-24,0.52,0.56,0.51,0.52,1177563,NYSEAMERICAN:WWR
2025-04-25,0.52,0.53,0.49,0.5,755518,NYSEAMERICAN:WWR
2025-04-28,0.52,0.52,0.49,0.51,296935,NYSEAMERICAN:WWR
2025-04-29,0.5,0.51,0.5,0.5,364129,NYSEAMERICAN:WWR
2025-04-30,0.5,0.5,0.48,0.49,464277,NYSEAMERICAN:WWR
2025-05-01,0.49,0.5,0.48,0.49,478997,NYSEAMERICAN:WWR
2025-05-02,0.48,0.49,0.48,0.49,260478,NYSEAMERICAN:WWR
2025-05-05,0.49,0.5,0.48,0.49,351028,NYSEAMERICAN:WWR
2025-05-06,0.49,0.49,0.48,0.48,262483,NYSEAMERICAN:WWR
2025-05-07,0.52,0.52,0.49,0.5,1297769,NYSEAMERICAN:WWR
2025-05-08,0.5,0.52,0.5,0.52,624824,NYSEAMERICAN:WWR
2025-05-09,0.51,0.52,0.51,0.52,316101,NYSEAMERICAN:WWR
2025-05-12,0.53,0.53,0.48,0.49,1109283,NYSEAMERICAN:WWR
2025-05-13,0.49,0.51,0.48,0.49,842725,NYSEAMERICAN:WWR
2025-05-14,0.48,0.49,0.47,0.47,449162,NYSEAMERICAN:WWR
2025-05-15,0.48,0.49,0.45,0.48,354066,NYSEAMERICAN:WWR
2025-05-16,0.48,0.49,0.48,0.48,361354,NYSEAMERICAN:WWR
2025-05-19,0.48,0.49,0.48,0.48,366818,NYSEAMERICAN:WWR
2025-05-20,0.48,0.49,0.45,0.46,556910,NYSEAMERICAN:WWR
2025-05-21,0.46,0.5,0.45,0.47,761102,NYSEAMERICAN:WWR
2025-05-22,0.48,0.48,0.46,0.48,315304,NYSEAMERICAN:WWR
2025-05-23,0.49,0.51,0.47,0.47,1134533,NYSEAMERICAN:WWR
2025-05-27,0.49,0.49,0.47,0.48,517289,NYSEAMERICAN:WWR
2025-05-28,0.48,0.49,0.47,0.48,247582,NYSEAMERICAN:WWR
2025-05-29,0.48,0.5,0.47,0.48,628217,NYSEAMERICAN:WWR
2025-05-30,0.49,0.49,0.47,0.47,293984,NYSEAMERICAN:WWR
2025-06-02,0.48,0.48,0.47,0.48,146554,NYSEAMERICAN:WWR
2025-06-03,0.48,0.49,0.46,0.47,491382,NYSEAMERICAN:WWR
2025-06-04,0.47,0.51,0.47,0.51,429525,NYSEAMERICAN:WWR
2025-06-05,0.51,0.52,0.5,0.51,696459,NYSEAMERICAN:WWR
2025-06-06,0.51,0.53,0.51,0.52,720041,NYSEAMERICAN:WWR
2025-06-09,0.53,0.54,0.52,0.54,575276,NYSEAMERICAN:WWR
2025-06-10,0.54,0.63,0.54,0.61,1045703,NYSEAMERICAN:WWR
2025-06-11,0.61,0.62,0.58,0.59,556368,NYSEAMERICAN:WWR
2025-06-12,0.57,0.6,0.54,0.59,393677,NYSEAMERICAN:WWR
2025-06-13,0.55,0.59,0.54,0.56,515679,NYSEAMERICAN:WWR
2025-06-16,0.57,0.62,0.55,0.61,760060,NYSEAMERICAN:WWR
2025-06-17,0.61,0.62,0.57,0.57,303398,NYSEAMERICAN:WWR
2025-06-18,0.59,0.64,0.58,0.6,1000830,NYSEAMERICAN:WWR
2025-06-20,0.64,0.66,0.59,0.66,2642045,NYSEAMERICAN:WWR
2025-06-23,0.65,0.65,0.56,0.58,1153820,NYSEAMERICAN:WWR
2025-06-24,0.59,0.61,0.58,0.59,638229,NYSEAMERICAN:WWR
2025-06-25,0.6,0.6,0.56,0.58,352013,NYSEAMERICAN:WWR
2025-06-26,0.57,0.61,0.57,0.6,499210,NYSEAMERICAN:WWR
2025-06-27,0.6,0.61,0.59,0.6,306939,NYSEAMERICAN:WWR
2025-06-30,0.61,0.61,0.59,0.6,464593,NYSEAMERICAN:WWR
2025-07-01,0.6,0.61,0.6,0.61,345302,NYSEAMERICAN:WWR
2025-07-02,0.61,0.62,0.59,0.61,334063,NYSEAMERICAN:WWR
2025-07-03,0.61,0.63,0.6,0.6,319239,NYSEAMERICAN:WWR
2025-07-07,0.6,0.61,0.6,0.6,272663,NYSEAMERICAN:WWR
2025-07-08,0.61,0.62,0.59,0.6,576564,NYSEAMERICAN:WWR
2025-07-09,0.63,0.63,0.6,0.61,256513,NYSEAMERICAN:WWR
2025-07-10,0.6,0.63,0.6,0.61,490220,NYSEAMERICAN:WWR
2025-07-11,0.62,0.62,0.57,0.59,611951,NYSEAMERICAN:WWR
2025-07-14,0.6,0.62,0.6,0.61,267938,NYSEAMERICAN:WWR
2025-07-15,0.62,0.64,0.6,0.62,628016,NYSEAMERICAN:WWR
2025-07-16,0.61,0.63,0.6,0.6,481621,NYSEAMERICAN:WWR
2025-07-17,0.6,0.78,0.6,0.69,13485457,NYSEAMERICAN:WWR
2025-07-18,0.79,0.89,0.74,0.89,17169383,NYSEAMERICAN:WWR
2025-07-21,1.03,1.04,0.92,0.98,10808025,NYSEAMERICAN:WWR
2025-07-22,0.95,0.97,0.8,0.9,5653617,NYSEAMERICAN:WWR
2025-07-23,0.9,0.9,0.81,0.82,2790195,NYSEAMERICAN:WWR
2025-07-24,0.81,0.89,0.79,0.83,3111912,NYSEAMERICAN:WWR
2025-07-25,0.83,0.83,0.75,0.8,2969168,NYSEAMERICAN:WWR
2025-07-28,0.8,0.86,0.79,0.83,1778520,NYSEAMERICAN:WWR
2025-07-29,0.83,0.84,0.75,0.76,1388142,NYSEAMERICAN:WWR
2025-07-30,0.74,0.8,0.73,0.77,1020563,NYSEAMERICAN:WWR
2025-07-31,0.78,0.79,0.71,0.71,1396862,NYSEAMERICAN:WWR
2025-08-01,0.7,0.75,0.7,0.74,884297,NYSEAMERICAN:WWR
2025-08-04,0.76,0.78,0.74,0.77,627552,NYSEAMERICAN:WWR
2025-08-05,0.77,0.8,0.74,0.76,821708,NYSEAMERICAN:WWR
2025-08-06,0.75,0.77,0.74,0.75,588145,NYSEAMERICAN:WWR
2025-08-07,0.73,0.79,0.73,0.77,1052502,NYSEAMERICAN:WWR
2025-08-08,0.77,0.78,0.7,0.72,1505924,NYSEAMERICAN:WWR
2025-08-11,0.71,0.72,0.68,0.71,862868,NYSEAMERICAN:WWR
2025-08-12,0.7,0.72,0.65,0.71,1339053,NYSEAMERICAN:WWR
2025-08-13,0.73,0.74,0.71,0.73,718712,NYSEAMERICAN:WWR
2025-08-14,0.74,0.79,0.72,0.79,2221460,NYSEAMERICAN:WWR
2025-08-15,0.81,0.83,0.75,0.79,1084041,NYSEAMERICAN:WWR
2025-08-18,0.8,0.81,0.75,0.77,1234271,NYSEAMERICAN:WWR
2025-08-19,0.77,0.77,0.71,0.73,1151112,NYSEAMERICAN:WWR
2025-08-20,0.73,0.75,0.68,0.71,1649103,NYSEAMERICAN:WWR
2025-08-21,0.7,0.72,0.68,0.72,654074,NYSEAMERICAN:WWR
2025-08-22,0.83,0.85,0.73,0.74,1996432,NYSEAMERICAN:WWR
2025-08-25,0.76,0.77,0.73,0.75,877765,NYSEAMERICAN:WWR
2025-08-26,0.75,0.79,0.73,0.75,1203745,NYSEAMERICAN:WWR
2025-08-27,0.75,0.76,0.74,0.74,447532,NYSEAMERICAN:WWR
2025-08-28,0.76,0.78,0.74,0.77,519726,NYSEAMERICAN:WWR
2025-08-29,0.78,0.79,0.75,0.79,1261388,NYSEAMERICAN:WWR
2025-09-02,0.79,0.82,0.77,0.8,1696556,NYSEAMERICAN:WWR
2025-09-03,0.81,0.81,0.79,0.8,567245,NYSEAMERICAN:WWR
2025-09-04,0.8,0.81,0.75,0.76,982847,NYSEAMERICAN:WWR
2025-09-05,0.78,0.79,0.7,0.72,1729037,NYSEAMERICAN:WWR
2025-09-08,0.73,0.74,0.68,0.72,1425715,NYSEAMERICAN:WWR
2025-09-09,0.68,0.71,0.68,0.7,912635,NYSEAMERICAN:WWR
2025-09-10,0.71,0.71,0.69,0.69,506076,NYSEAMERICAN:WWR
2025-09-11,0.69,0.71,0.69,0.69,482452,NYSEAMERICAN:WWR
2025-09-12,0.7,0.71,0.67,0.68,1310794,NYSEAMERICAN:WWR
2025-09-15,0.68,0.69,0.66,0.68,1039031,NYSEAMERICAN:WWR
2025-09-16,0.69,0.71,0.67,0.69,1614200,NYSEAMERICAN:WWR
2025-09-17,0.71,0.79,0.7,0.76,3541720,NYSEAMERICAN:WWR
2025-09-18,0.76,0.78,0.73,0.75,1349350,NYSEAMERICAN:WWR
2025-09-19,0.76,0.78,0.74,0.74,1020336,NYSEAMERICAN:WWR
2025-09-22,0.76,0.86,0.75,0.83,3319519,NYSEAMERICAN:WWR
2025-09-23,0.86,0.89,0.8,0.81,4473588,NYSEAMERICAN:WWR
2025-09-24,0.87,1.1,0.85,1,20177886,NYSEAMERICAN:WWR
2025-09-25,0.99,1.14,0.96,1.01,10590502,NYSEAMERICAN:WWR
2025-09-26,1.07,1.15,1,1.01,7366908,NYSEAMERICAN:WWR
2025-09-29,1.05,1.06,0.87,0.98,6705932,NYSEAMERICAN:WWR
2025-09-30,0.96,0.99,0.93,0.95,1861801,NYSEAMERICAN:WWR
2025-10-01,0.95,1.06,0.95,1.02,2638806,NYSEAMERICAN:WWR
2025-10-02,1.05,1.22,1.04,1.2,6660689,NYSEAMERICAN:WWR
2025-10-03,1.21,1.28,1.17,1.21,6360557,NYSEAMERICAN:WWR
2025-10-06,1.31,1.47,1.3,1.42,9005686,NYSEAMERICAN:WWR
2025-10-07,1.56,1.6,1.4,1.46,12111771,NYSEAMERICAN:WWR
2025-10-08,1.51,1.56,1.44,1.53,6490408,NYSEAMERICAN:WWR
2025-10-09,1.71,2.07,1.66,1.98,25781741,NYSEAMERICAN:WWR
2025-10-10,2.17,2.28,1.88,1.98,27901864,NYSEAMERICAN:WWR
2025-10-13,2.22,2.64,2.13,2.56,27167646,NYSEAMERICAN:WWR
2025-10-14,2.89,3.75,2.29,3.48,45459887,NYSEAMERICAN:WWR
2025-10-15,3.3,3.3,2.07,2.47,39579695,NYSEAMERICAN:WWR
2025-10-16,2.5,2.54,1.95,2.1,23555860,NYSEAMERICAN:WWR
2025-10-17,1.72,2.11,1.71,2.06,14217399,NYSEAMERICAN:WWR
2025-10-20,1.88,2.09,1.78,2.03,13119446,NYSEAMERICAN:WWR
2025-10-21,1.88,2,1.71,1.83,8122021,NYSEAMERICAN:WWR
2025-10-22,1.65,1.74,1.37,1.54,14203198,NYSEAMERICAN:WWR
2025-10-23,1.53,1.74,1.53,1.56,6659848,NYSEAMERICAN:WWR
2025-10-24,1.58,1.67,1.53,1.64,5884884,NYSEAMERICAN:WWR
2025-10-27,1.35,1.57,1.31,1.42,11214009,NYSEAMERICAN:WWR
2025-10-28,1.39,1.56,1.39,1.45,5569179,NYSEAMERICAN:WWR
2025-10-29,1.39,1.44,1.33,1.36,3972645,NYSEAMERICAN:WWR
2025-10-30,1.42,1.54,1.35,1.44,5810647,NYSEAMERICAN:WWR
2025-10-31,1.46,1.51,1.35,1.38,5638033,NYSEAMERICAN:WWR
2024-10-30,153.01,153.12,148.1,148.6,87701674,NASDAQ:AMD
2024-10-31,147.8,148.68,143.33,144.07,44386597,NASDAQ:AMD
2024-11-01,144.44,144.54,141.32,141.86,39027430,NASDAQ:AMD
2024-11-04,141.7,143.64,139.72,140.71,29117421,NASDAQ:AMD
2024-11-05,141.94,143.08,140.8,141.66,27067330,NASDAQ:AMD
2024-11-06,144.95,145.63,141.52,145.1,32911499,NASDAQ:AMD
2024-11-07,146.68,150.12,145.66,149.82,30326430,NASDAQ:AMD
2024-11-08,149.39,150.71,147.53,147.95,27560342,NASDAQ:AMD
2024-11-11,147.38,148.57,144.91,147.35,29868125,NASDAQ:AMD
2024-11-12,147,147.45,141.55,143.63,33560287,NASDAQ:AMD
2024-11-13,142.86,144.49,139.07,139.3,35146648,NASDAQ:AMD
2024-11-14,140.34,141.4,138.56,138.84,31681410,NASDAQ:AMD
2024-11-15,136.57,137.35,133.65,134.9,44217530,NASDAQ:AMD
2024-11-18,138.19,140.9,137.21,138.93,38782434,NASDAQ:AMD
2024-11-19,137.41,139.75,137.14,139.39,23131352,NASDAQ:AMD
2024-11-20,138.96,140.77,135.48,137.6,28843065,NASDAQ:AMD
2024-11-21,138.87,140.28,134.93,137.49,29311442,NASDAQ:AMD
2024-11-22,137.35,139.13,137.04,138.35,21784728,NASDAQ:AMD
2024-11-25,140.49,142.35,139.05,141.13,30923110,NASDAQ:AMD
2024-11-26,142.55,142.8,136.62,137.72,32092378,NASDAQ:AMD
2024-11-27,137.2,137.94,132.96,136.24,30175287,NASDAQ:AMD
2024-11-29,136.24,138.59,135.78,137.18,16085714,NASDAQ:AMD
2024-12-02,137.92,142.82,137.8,142.06,33102438,NASDAQ:AMD
2024-12-03,142.58,143.45,141.08,141.98,22665348,NASDAQ:AMD
2024-12-04,142.96,144.12,141.18,143.99,25942650,NASDAQ:AMD
2024-12-05,143.68,143.95,140.38,141.36,29576925,NASDAQ:AMD
2024-12-06,141.48,142.79,137.4,138.59,33576839,NASDAQ:AMD
2024-12-09,135.71,135.77,130,130.87,57055558,NASDAQ:AMD
2024-12-10,131.56,131.56,127.07,127.74,38907198,NASDAQ:AMD
2024-12-11,128.52,131.21,126.22,130.15,45588138,NASDAQ:AMD
2024-12-12,130,132.32,129.07,130.6,34267091,NASDAQ:AMD
2024-12-13,131.3,131.3,124.77,126.91,67544738,NASDAQ:AMD
2024-12-16,126.01,127.76,123.12,126.69,42090277,NASDAQ:AMD
2024-12-17,124.45,127.08,123.15,125.02,43314939,NASDAQ:AMD
2024-12-18,125.43,127.75,120.43,121.41,49724442,NASDAQ:AMD
2024-12-19,122.16,123.38,118.45,118.88,46160667,NASDAQ:AMD
2024-12-20,118,121.86,117.9,119.21,53591212,NASDAQ:AMD
2024-12-23,120.71,126.34,120.47,124.6,47777898,NASDAQ:AMD
2024-12-24,127.51,127.51,124.66,126.29,24829564,NASDAQ:AMD
2024-12-26,125.52,127.3,125.05,125.06,25139138,NASDAQ:AMD
2024-12-27,124.37,126.18,122.26,125.19,32924011,NASDAQ:AMD
2024-12-30,123.56,124.1,122.35,122.44,30501637,NASDAQ:AMD
2024-12-31,123.1,123.55,120.14,120.79,30203428,NASDAQ:AMD
2025-01-02,122.29,123.14,119.44,120.63,34256182,NASDAQ:AMD
2025-01-03,121.65,125.56,121.42,125.37,36785299,NASDAQ:AMD
2025-01-06,129.07,130.73,127.36,129.55,48020190,NASDAQ:AMD
2025-01-07,130.51,131.71,126.85,127.33,39220408,NASDAQ:AMD
2025-01-08,124.51,125.3,120.12,121.84,46723136,NASDAQ:AMD
2025-01-10,118.18,118.71,114.45,116.04,59415614,NASDAQ:AMD
2025-01-13,115.28,117.48,114.41,117.32,39128897,NASDAQ:AMD
2025-01-14,118,118.66,114.5,116.09,37005279,NASDAQ:AMD
2025-01-15,117.55,120.42,117.46,119.96,38185819,NASDAQ:AMD
2025-01-16,120.24,121.09,118.25,118.44,29414126,NASDAQ:AMD
2025-01-17,120.78,122.74,120.55,121.46,35765924,NASDAQ:AMD
2025-01-21,122.39,123.75,121.12,122.28,31578832,NASDAQ:AMD
2025-01-22,123.08,125.65,121.91,123.75,35023842,NASDAQ:AMD
2025-01-23,121.43,123.71,120.63,123.04,24921108,NASDAQ:AMD
2025-01-24,124.55,125.25,122.23,122.84,31570300,NASDAQ:AMD
2025-01-27,117.8,118.08,112.8,115.01,61067888,NASDAQ:AMD
2025-01-28,115.18,116.15,112.95,114.17,40554760,NASDAQ:AMD
2025-01-29,115.77,118.52,114.96,117.35,40199052,NASDAQ:AMD
2025-01-30,118.53,120.44,117.09,118.86,29788383,NASDAQ:AMD
2025-01-31,119.14,119.57,115.33,115.95,40533565,NASDAQ:AMD
2025-02-03,113.88,115.16,112.98,114.27,34586051,NASDAQ:AMD
2025-02-04,115.45,119.85,114.79,119.5,69412094,NASDAQ:AMD
2025-02-05,107.61,112.09,106.5,112.01,110609343,NASDAQ:AMD
2025-02-06,110.93,112.56,109.02,110.16,50426590,NASDAQ:AMD
2025-02-07,109.13,109.92,106.79,107.56,46082499,NASDAQ:AMD
2025-02-10,108.44,111.4,108.15,110.48,34905359,NASDAQ:AMD
2025-02-11,108.98,113.07,108.94,111.1,35033759,NASDAQ:AMD
2025-02-12,109.52,111.84,109.06,111.72,25319729,NASDAQ:AMD
2025-02-13,112,114.6,110.4,111.81,40911804,NASDAQ:AMD
2025-02-14,112.65,114.63,111.7,113.1,32477159,NASDAQ:AMD
2025-02-18,114.05,115.55,113.45,114.28,31720307,NASDAQ:AMD
2025-02-19,114.25,116.11,113.14,114.69,28807709,NASDAQ:AMD
2025-02-20,115.01,116.55,113.11,114.17,27219565,NASDAQ:AMD
2025-02-21,114.85,115.76,110.43,110.84,41353683,NASDAQ:AMD
2025-02-24,111.49,111.6,107.98,108.11,29072208,NASDAQ:AMD
2025-02-25,107.89,108.64,103.62,103.96,39169161,NASDAQ:AMD
2025-02-26,104.95,105.8,103.99,104.74,29178213,NASDAQ:AMD
2025-02-27,105.08,105.76,99.5,99.51,47263727,NASDAQ:AMD
2025-02-28,99.56,101.8,98.69,99.86,45194576,NASDAQ:AMD
2025-03-03,101.52,102.34,97.09,98.23,38957988,NASDAQ:AMD
2025-03-04,96,103.18,95.89,100.75,54156941,NASDAQ:AMD
2025-03-05,100.36,101.84,98.87,101.67,27855488,NASDAQ:AMD
2025-03-06,99.05,101.08,98.27,98.85,28984978,NASDAQ:AMD
2025-03-07,98.88,100.65,96.39,100.31,33254367,NASDAQ:AMD
2025-03-10,98.57,101.29,95.83,96.63,38733186,NASDAQ:AMD
2025-03-11,96.79,98.16,94.73,96.76,34078300,NASDAQ:AMD
2025-03-12,99.05,101.72,98.17,100.79,34241287,NASDAQ:AMD
2025-03-13,99.72,100.07,97.27,98.11,28575150,NASDAQ:AMD
2025-03-14,99.64,101.22,99.58,100.97,24715265,NASDAQ:AMD
2025-03-17,102.6,106.15,102.6,104.59,43689523,NASDAQ:AMD
2025-03-18,103.85,104.55,102.97,103.51,27152827,NASDAQ:AMD
2025-03-19,104.42,107.9,101.96,106.23,32287496,NASDAQ:AMD
2025-03-20,105.12,108.26,105.12,107.14,26871839,NASDAQ:AMD
2025-03-21,105.33,107.25,104.33,106.44,30767938,NASDAQ:AMD
2025-03-24,109.73,114.85,109.4,113.85,53342002,NASDAQ:AMD
2025-03-25,113.27,114.95,112.71,114.81,29077507,NASDAQ:AMD
2025-03-26,114.11,115.9,108.68,110.19,39976485,NASDAQ:AMD
2025-03-27,106.11,107.62,105.55,106.65,32773714,NASDAQ:AMD
2025-03-28,105.53,106.51,102.48,103.22,31069114,NASDAQ:AMD
2025-03-31,100.24,102.82,98.8,102.74,30865342,NASDAQ:AMD
2025-04-01,102.16,102.83,100.93,102.78,23523230,NASDAQ:AMD
2025-04-02,101.52,104.19,100.76,102.96,20793989,NASDAQ:AMD
2025-04-03,97.79,99.45,93.64,93.8,50472542,NASDAQ:AMD
2025-04-04,90.1,91.08,83.67,85.76,65847021,NASDAQ:AMD
2025-04-07,80.68,89,77.75,83.64,70515429,NASDAQ:AMD
2025-04-08,86.15,88.93,76.48,78.21,69910233,NASDAQ:AMD
2025-04-09,79.22,97.91,78.87,96.84,97827352,NASDAQ:AMD
2025-04-10,91,92.95,85.06,88.7,65210565,NASDAQ:AMD
2025-04-11,90.51,94.76,90.5,93.4,57892600,NASDAQ:AMD
2025-04-14,97.11,97.37,93.45,94.5,36002970,NASDAQ:AMD
2025-04-15,94.66,96.85,94.62,95.29,28116536,NASDAQ:AMD
2025-04-16,87.61,90.47,85.3,88.29,62109016,NASDAQ:AMD
2025-04-17,88.84,89.03,86.52,87.5,34801437,NASDAQ:AMD
2025-04-21,86.02,86.14,83.75,85.56,33855392,NASDAQ:AMD
2025-04-22,86.12,87.17,85.17,86.26,35236735,NASDAQ:AMD
2025-04-23,91.88,93.74,90.12,90.39,41102589,NASDAQ:AMD
2025-04-24,91.59,94.75,90.37,94.47,33681919,NASDAQ:AMD
2025-04-25,93.28,97.1,92.85,96.65,28575343,NASDAQ:AMD
2025-04-28,95.58,97.49,94.27,96.39,30456683,NASDAQ:AMD
2025-04-29,95.76,97.18,95.33,96.06,20700637,NASDAQ:AMD
2025-04-30,92.81,97.55,91.87,97.35,29730729,NASDAQ:AMD
2025-05-01,99.27,100.1,96.45,96.65,29591507,NASDAQ:AMD
2025-05-02,98.4,99.88,98.3,98.8,29957888,NASDAQ:AMD
2025-05-05,99,102.05,98.76,100.59,41268886,NASDAQ:AMD
2025-05-06,98.41,100.07,97.44,98.62,54264254,NASDAQ:AMD
2025-05-07,100.75,103.42,96.88,100.36,86648749,NASDAQ:AMD
2025-05-08,101.92,105.44,101.56,101.7,54231362,NASDAQ:AMD
2025-05-09,102.59,103.54,101.6,102.84,31704261,NASDAQ:AMD
2025-05-12,110.42,110.67,106.98,108.12,50543396,NASDAQ:AMD
2025-05-13,109.6,113.13,109,112.46,55659513,NASDAQ:AMD
2025-05-14,119.83,122.52,116.59,117.72,86743700,NASDAQ:AMD
2025-05-15,117.02,117.5,114.01,114.99,43843235,NASDAQ:AMD
2025-05-16,118.07,118.24,116.01,117.17,43419695,NASDAQ:AMD
2025-05-19,115.02,115.53,114.06,114.74,37737373,NASDAQ:AMD
2025-05-20,114.35,114.51,112.08,113.51,29030815,NASDAQ:AMD
2025-05-21,113.85,116.1,111.09,112.06,43594606,NASDAQ:AMD
2025-05-22,113.85,116.1,111.09,112.06,658492,NASDAQ:AMD
2025-05-23,108.09,111.02,107.67,110.31,30867274,NASDAQ:AMD
2025-05-27,113.18,115.4,112.27,114.56,37885019,NASDAQ:AMD
2025-05-28,114.92,114.95,112.66,112.86,27483741,NASDAQ:AMD
2025-05-29,115.49,115.54,112.13,113.03,30572131,NASDAQ:AMD
2025-05-30,111.58,112.11,108.62,110.73,36088472,NASDAQ:AMD
2025-06-02,111.06,114.86,111.01,114.63,34078358,NASDAQ:AMD
2025-06-03,114.5,117.68,113.28,117.31,37161484,NASDAQ:AMD
2025-06-04,117.41,119.3,115.73,118.58,31024986,NASDAQ:AMD
2025-06-05,118.95,119.24,114.71,115.69,34182902,NASDAQ:AMD
2025-06-06,117.69,118.38,115.88,116.19,27042083,NASDAQ:AMD
2025-06-09,119.18,122.37,119.04,121.73,55437652,NASDAQ:AMD
2025-06-10,121.11,124.09,120.8,123.24,41691908,NASDAQ:AMD
2025-06-11,124.44,124.47,119.88,121.14,32261863,NASDAQ:AMD
2025-06-12,120.62,122.25,118.03,118.5,44718365,NASDAQ:AMD
2025-06-13,116.05,117.88,115.06,116.16,39702742,NASDAQ:AMD
2025-06-16,118.64,128.14,117.78,126.39,100968478,NASDAQ:AMD
2025-06-17,127.93,130.7,126.58,127.1,86623910,NASDAQ:AMD
2025-06-18,128.01,129.21,125.77,126.79,49627112,NASDAQ:AMD
2025-06-20,129,132.81,127.55,128.24,79930980,NASDAQ:AMD
2025-06-23,130.47,133.25,126.82,129.58,65152874,NASDAQ:AMD
2025-06-24,133.43,138.79,132.93,138.43,78571997,NASDAQ:AMD
2025-06-25,140.94,144.18,139.46,143.4,74607219,NASDAQ:AMD
2025-06-26,145.97,146,141.91,143.68,58180081,NASDAQ:AMD
2025-06-27,144.18,147.75,141.63,143.81,61937853,NASDAQ:AMD
2025-06-30,144,146,141.01,141.9,42972468,NASDAQ:AMD
2025-07-01,138.77,140.23,135.12,136.11,55257237,NASDAQ:AMD
2025-07-02,135.53,139.78,135.22,138.52,39227986,NASDAQ:AMD
2025-07-03,139.11,139.5,137.32,137.91,28645993,NASDAQ:AMD
2025-07-07,136.56,137.44,133.5,134.8,37395010,NASDAQ:AMD
2025-07-08,137.32,139.15,135.91,137.82,36124612,NASDAQ:AMD
2025-07-09,138.69,140.65,137.59,138.41,37013130,NASDAQ:AMD
2025-07-10,143,145.82,141.85,144.16,61101465,NASDAQ:AMD
2025-07-11,142.6,147.4,141.6,146.42,50049179,NASDAQ:AMD
2025-07-14,145.09,147.58,141.9,146.24,44718554,NASDAQ:AMD
2025-07-15,153.75,158.68,153.56,155.61,93370081,NASDAQ:AMD
2025-07-16,155.31,160.36,152.85,160.08,59492760,NASDAQ:AMD
2025-07-17,161.81,161.96,158.68,160.41,50605117,NASDAQ:AMD
2025-07-18,159.59,160.83,155.81,156.99,48859835,NASDAQ:AMD
2025-07-21,157.62,160.34,156.92,157,39021130,NASDAQ:AMD
2025-07-22,156.2,156.23,149.34,154.72,49028017,NASDAQ:AMD
2025-07-23,156.32,159.45,156,158.65,41510896,NASDAQ:AMD
2025-07-24,159.12,163.93,158.36,162.12,48440112,NASDAQ:AMD
2025-07-25,163.51,167.18,162.36,166.47,53432260,NASDAQ:AMD
2025-07-28,169.08,174.7,168.67,173.66,68267835,NASDAQ:AMD
2025-07-29,175.21,182.31,174.68,177.44,108154838,NASDAQ:AMD
2025-07-30,175.61,180.37,173.8,179.51,64820291,NASDAQ:AMD
2025-07-31,182.02,182.5,173,176.31,71765285,NASDAQ:AMD
2025-08-01,170.16,174.4,166.82,171.7,75396130,NASDAQ:AMD
2025-08-04,174.61,177.86,173.56,176.78,52951044,NASDAQ:AMD
2025-08-05,177.57,177.99,171.8,174.31,88808520,NASDAQ:AMD
2025-08-06,165.05,166.18,157.8,163.12,133641835,NASDAQ:AMD
2025-08-07,166.84,175.75,166.7,172.4,95448310,NASDAQ:AMD
2025-08-08,174.04,176.48,170.52,172.76,68866692,NASDAQ:AMD
2025-08-11,170.04,178.82,169.38,172.28,70651033,NASDAQ:AMD
2025-08-12,173.32,175.16,168.5,174.95,52335746,NASDAQ:AMD
2025-08-13,179.91,186.65,179.38,184.42,108305129,NASDAQ:AMD
2025-08-14,179.83,185.44,179.56,180.95,66308821,NASDAQ:AMD
2025-08-15,180.06,180.14,176.25,177.51,51543136,NASDAQ:AMD
2025-08-18,176.76,178.8,174.36,176.14,35937528,NASDAQ:AMD
2025-08-19,173.1,173.17,166.1,166.55,64455006,NASDAQ:AMD
2025-08-20,164.1,166.65,158.25,165.2,60233226,NASDAQ:AMD
2025-08-21,165.86,165.88,162.26,163.71,37880461,NASDAQ:AMD
2025-08-22,162.17,168.53,161.8,167.76,43998605,NASDAQ:AMD
2025-08-25,165.55,165.59,161.72,163.36,36134684,NASDAQ:AMD
2025-08-26,168.65,169.77,164.91,166.62,52138562,NASDAQ:AMD
2025-08-27,166.04,167.68,164.65,167.13,37031044,NASDAQ:AMD
2025-08-28,168.5,170.99,166.65,168.58,36285192,NASDAQ:AMD
2025-08-29,166.81,168.57,161.9,162.63,37516824,NASDAQ:AMD
2025-09-02,158.42,162.39,156.62,162.32,38656131,NASDAQ:AMD
2025-09-03,161.81,164.75,160.58,162.13,30752786,NASDAQ:AMD
2025-09-04,159.94,162.05,157.79,161.79,32103496,NASDAQ:AMD
2025-09-05,157.12,157.14,150.18,151.14,78255950,NASDAQ:AMD
2025-09-08,151.8,152.64,149.22,151.41,41848995,NASDAQ:AMD
2025-09-09,151.99,156.66,151.93,155.82,42802472,NASDAQ:AMD
2025-09-10,163.54,164.53,158,159.54,52465270,NASDAQ:AMD
2025-09-11,158.62,160.21,154.99,155.67,48817715,NASDAQ:AMD
2025-09-12,157,160.41,154.92,158.57,42232777,NASDAQ:AMD
2025-09-15,160.01,162.3,157.6,161.16,36808726,NASDAQ:AMD
2025-09-16,161.37,161.95,159.22,160.46,27946478,NASDAQ:AMD
2025-09-17,159.28,161.63,155.76,159.16,41823842,NASDAQ:AMD
2025-09-18,150.96,158.77,149.85,157.92,84549468,NASDAQ:AMD
2025-09-19,157.38,159.84,155.9,157.39,55448076,NASDAQ:AMD
2025-09-22,157.42,162.68,157.42,159.79,46505480,NASDAQ:AMD
2025-09-23,160.52,163.39,159.21,160.9,39448320,NASDAQ:AMD
2025-09-24,162.98,165.1,158.43,160.88,38464120,NASDAQ:AMD
2025-09-25,157.14,161.63,154.78,161.27,36809877,NASDAQ:AMD
2025-09-26,160.52,162.11,157.05,159.46,30316931,NASDAQ:AMD
2025-09-29,160.12,164.3,159.9,161.36,39828794,NASDAQ:AMD
2025-09-30,160.79,162.28,159.33,161.79,29669331,NASDAQ:AMD
2025-10-01,160.93,164.18,160.49,164.01,39895177,NASDAQ:AMD
2025-10-02,168.68,171.06,166.12,169.73,55475228,NASDAQ:AMD
2025-10-03,170.68,170.68,163.14,164.67,42699147,NASDAQ:AMD
2025-10-06,226.45,226.71,203.01,203.71,248859576,NASDAQ:AMD
2025-10-07,214.85,218.9,209.28,211.51,115748143,NASDAQ:AMD
2025-10-08,212.95,235.87,210.7,235.56,159983459,NASDAQ:AMD
2025-10-09,236.3,240.1,229.53,232.89,94290740,NASDAQ:AMD
2025-10-10,232.77,234.22,213.2,214.9,118656636,NASDAQ:AMD
2025-10-13,220.2,224.19,214.9,216.42,63104021,NASDAQ:AMD
2025-10-14,219.2,224.98,215.9,218.09,71216269,NASDAQ:AMD
2025-10-15,222.71,239.24,220.76,238.6,108480962,NASDAQ:AMD
2025-10-16,236.29,241.2,232.24,234.56,69726437,NASDAQ:AMD
2025-10-17,233.26,235.38,227.91,233.08,55804203,NASDAQ:AMD
2025-10-20,236.47,242.88,234.4,240.56,56741695,NASDAQ:AMD
2025-10-21,239.39,242.26,234.02,238.03,47122393,NASDAQ:AMD
2025-10-22,236.85,240.13,224.88,230.23,59668778,NASDAQ:AMD
2025-10-23,230.16,235.9,228.54,234.99,39024429,NASDAQ:AMD
2025-10-24,243.36,253.39,241.95,252.92,71221144,NASDAQ:AMD
2025-10-27,257.88,260.42,249.8,259.67,65613111,NASDAQ:AMD
2025-10-28,259.14,264.58,257,258.01,47448669,NASDAQ:AMD
2025-10-29,264.19,267.08,257.4,264.33,49335594,NASDAQ:AMD
2025-10-30,259.92,263.88,252.31,254.84,45162492,NASDAQ:AMD
2025-10-31,259.6,262.13,253.41,256.12,34449205,NASDAQ:AMD
2024-10-30,139.54,140.33,136.81,139.34,179418082,NASDAQ:NVDA
2024-10-31,137.6,137.61,132.11,132.76,270039641,NASDAQ:NVDA
2024-11-01,134.7,137.31,134.57,135.4,207127838,NASDAQ:NVDA
2024-11-04,137.21,138.96,135.57,136.05,187528173,NASDAQ:NVDA
2024-11-05,137.45,140.37,137.33,139.91,160537373,NASDAQ:NVDA
2024-11-06,142.96,146.49,141.96,145.61,242043945,NASDAQ:NVDA
2024-11-07,146.39,148.93,146.17,148.88,207323303,NASDAQ:NVDA
2024-11-08,148.77,149.77,146.26,147.63,175665830,NASDAQ:NVDA
2024-11-11,148.68,148.85,143.57,145.26,182325620,NASDAQ:NVDA
2024-11-12,146.78,149.65,146.01,148.29,198634738,NASDAQ:NVDA
2024-11-13,149.07,149.33,145.9,146.27,191903267,NASDAQ:NVDA
2024-11-14,147.64,149,145.55,146.76,194463301,NASDAQ:NVDA
2024-11-15,144.87,145.24,140.08,141.98,250132869,NASDAQ:NVDA
2024-11-18,139.5,141.55,137.15,140.15,221865993,NASDAQ:NVDA
2024-11-19,141.32,147.13,140.99,147.01,227834912,NASDAQ:NVDA
2024-11-20,147.41,147.56,142.73,145.89,309871654,NASDAQ:NVDA
2024-11-21,149.35,152.89,140.7,146.67,400946570,NASDAQ:NVDA
2024-11-22,145.93,147.16,141.1,141.95,236406154,NASDAQ:NVDA
2024-11-25,141.99,142.05,135.82,136.02,344941875,NASDAQ:NVDA
2024-11-26,137.7,139.3,135.67,136.92,190287654,NASDAQ:NVDA
2024-11-27,135.01,137.22,131.8,135.34,226370912,NASDAQ:NVDA
2024-11-29,136.78,139.35,136.05,138.25,141863156,NASDAQ:NVDA
2024-12-02,138.83,140.45,137.82,138.63,171682777,NASDAQ:NVDA
2024-12-03,138.26,140.54,137.95,140.26,164413965,NASDAQ:NVDA
2024-12-04,142,145.79,140.29,145.14,231224295,NASDAQ:NVDA
2024-12-05,145.11,146.54,143.95,145.06,172621180,NASDAQ:NVDA
2024-12-06,144.6,145.7,141.31,142.44,188505573,NASDAQ:NVDA
2024-12-09,138.97,139.95,137.13,138.81,189308625,NASDAQ:NVDA
2024-12-10,139.01,141.82,133.79,135.07,210020888,NASDAQ:NVDA
2024-12-11,137.36,140.17,135.21,139.31,184905192,NASDAQ:NVDA
2024-12-12,137.08,138.44,135.8,137.34,159211393,NASDAQ:NVDA
2024-12-13,138.94,139.6,132.54,134.25,231514881,NASDAQ:NVDA
2024-12-16,134.18,134.4,130.42,132,237951130,NASDAQ:NVDA
2024-12-17,129.09,131.59,126.86,130.39,259410263,NASDAQ:NVDA
2024-12-18,133.86,136.7,128.28,128.91,277444533,NASDAQ:NVDA
2024-12-19,131.76,134.03,129.55,130.68,209719210,NASDAQ:NVDA
2024-12-20,129.81,135.28,128.22,134.7,306528553,NASDAQ:NVDA
2024-12-23,136.28,139.79,135.12,139.67,176053506,NASDAQ:NVDA
2024-12-24,140,141.9,138.65,140.22,105156989,NASDAQ:NVDA
2024-12-26,139.7,140.85,137.73,139.93,116519090,NASDAQ:NVDA
2024-12-27,138.55,139.02,134.71,137.01,170582603,NASDAQ:NVDA
2024-12-30,134.83,140.27,134.02,137.49,167734700,NASDAQ:NVDA
2024-12-31,138.03,138.07,133.83,134.29,155659211,NASDAQ:NVDA
2025-01-02,136,138.88,134.63,138.31,198247166,NASDAQ:NVDA
2025-01-03,140.01,144.9,139.73,144.47,229322478,NASDAQ:NVDA
2025-01-06,148.59,152.16,147.82,149.43,265377359,NASDAQ:NVDA
2025-01-07,153.03,153.13,140.01,140.14,351782174,NASDAQ:NVDA
2025-01-08,142.58,143.95,137.56,140.11,227349948,NASDAQ:NVDA
2025-01-10,137.45,139.92,134.22,135.91,207602514,NASDAQ:NVDA
2025-01-13,129.99,133.49,129.51,133.23,204808914,NASDAQ:NVDA
2025-01-14,136.05,136.38,130.05,131.76,195590485,NASDAQ:NVDA
2025-01-15,133.65,136.45,131.29,136.24,185217338,NASDAQ:NVDA
2025-01-16,138.64,138.75,133.49,133.57,209235583,NASDAQ:NVDA
2025-01-17,136.69,138.5,135.46,137.71,201188760,NASDAQ:NVDA
2025-01-21,139.16,141.83,137.09,140.83,197748985,NASDAQ:NVDA
2025-01-22,144.66,147.79,143.67,147.07,237651395,NASDAQ:NVDA
2025-01-23,145.05,147.23,143.72,147.22,155915549,NASDAQ:NVDA
2025-01-24,148.37,148.97,141.88,142.62,234657635,NASDAQ:NVDA
2025-01-27,124.8,128.4,116.7,118.42,818830895,NASDAQ:NVDA
2025-01-28,121.81,129,116.25,128.99,579666350,NASDAQ:NVDA
2025-01-29,126.5,126.89,120.05,123.7,467120640,NASDAQ:NVDA
2025-01-30,123.1,125,118.1,124.65,392925469,NASDAQ:NVDA
2025-01-31,123.78,127.85,119.19,120.07,390372899,NASDAQ:NVDA
2025-02-03,114.75,118.57,113.01,116.66,371235677,NASDAQ:NVDA
2025-02-04,116.96,121.2,116.7,118.65,256550040,NASDAQ:NVDA
2025-02-05,121.76,125,120.76,124.83,263110629,NASDAQ:NVDA
2025-02-06,127.42,128.77,125.21,128.68,251483574,NASDAQ:NVDA
2025-02-07,129.22,130.37,125,129.84,228186298,NASDAQ:NVDA
2025-02-10,130.09,135,129.96,133.57,216989086,NASDAQ:NVDA
2025-02-11,132.58,134.48,131.02,132.8,178902379,NASDAQ:NVDA
2025-02-12,130.02,132.24,129.08,131.14,160278552,NASDAQ:NVDA
2025-02-13,131.56,136.5,131.17,135.29,197429975,NASDAQ:NVDA
2025-02-14,136.48,139.25,135.5,138.85,195479557,NASDAQ:NVDA
2025-02-18,141.27,143.44,137.93,139.4,219176627,NASDAQ:NVDA
2025-02-19,139.51,141.36,137.22,139.23,167536006,NASDAQ:NVDA
2025-02-20,140.03,140.66,136.79,140.11,143903583,NASDAQ:NVDA
2025-02-21,140.04,141.46,134.03,134.43,228217585,NASDAQ:NVDA
2025-02-24,136.56,138.59,130.08,130.28,251381137,NASDAQ:NVDA
2025-02-25,129.98,130.2,124.44,126.63,271428711,NASDAQ:NVDA
2025-02-26,129.99,133.73,128.49,131.28,322553814,NASDAQ:NVDA
2025-02-27,135,135.01,120.01,120.15,443175846,NASDAQ:NVDA
2025-02-28,118.02,125.09,116.4,124.92,389091145,NASDAQ:NVDA
2025-03-03,123.51,123.7,112.28,114.06,411381373,NASDAQ:NVDA
2025-03-04,110.65,119.31,110.11,115.99,398163305,NASDAQ:NVDA
2025-03-05,117.58,118.28,114.51,117.3,284337886,NASDAQ:NVDA
2025-03-06,113.53,115.35,110.22,110.57,321181861,NASDAQ:NVDA
2025-03-07,111.25,113.48,107.56,112.69,341755468,NASDAQ:NVDA
2025-03-10,109.9,111.85,105.46,106.98,366487363,NASDAQ:NVDA
2025-03-11,106.99,112.24,104.77,108.76,354865692,NASDAQ:NVDA
2025-03-12,114.12,116.76,112.88,115.74,323857454,NASDAQ:NVDA
2025-03-13,117.03,117.76,113.79,115.58,299033131,NASDAQ:NVDA
2025-03-14,118.61,121.88,118.15,121.67,277593455,NASDAQ:NVDA
2025-03-17,122.74,122.89,118.03,119.53,255501481,NASDAQ:NVDA
2025-03-18,118,119.02,114.54,115.43,299686944,NASDAQ:NVDA
2025-03-19,117.27,120.45,115.68,117.52,273426225,NASDAQ:NVDA
2025-03-20,116.55,120.2,116.47,118.53,248829749,NASDAQ:NVDA
2025-03-21,116.94,117.99,115.42,117.7,266498528,NASDAQ:NVDA
2025-03-24,119.88,122.22,119.34,121.41,228452534,NASDAQ:NVDA
2025-03-25,120.55,121.29,118.92,120.69,167447198,NASDAQ:NVDA
2025-03-26,118.73,118.84,112.71,113.76,296431667,NASDAQ:NVDA
2025-03-27,111.35,114.45,110.66,111.43,236902055,NASDAQ:NVDA
2025-03-28,111.49,112.87,109.07,109.67,229872549,NASDAQ:NVDA
2025-03-31,105.13,110.96,103.65,108.38,299212653,NASDAQ:NVDA
2025-04-01,108.52,110.2,106.47,110.15,222614034,NASDAQ:NVDA
2025-04-02,107.29,111.98,106.79,110.42,220601243,NASDAQ:NVDA
2025-04-03,103.51,105.63,101.6,101.8,338769412,NASDAQ:NVDA
2025-04-04,98.91,100.13,92.11,94.31,532273810,NASDAQ:NVDA
2025-04-07,87.46,101.75,86.62,97.64,611041347,NASDAQ:NVDA
2025-04-08,103.81,105.85,94.46,96.3,476243392,NASDAQ:NVDA
2025-04-09,98.89,115.1,97.53,114.33,612918336,NASDAQ:NVDA
2025-04-10,109.37,110.86,99.15,107.57,437812353,NASDAQ:NVDA
2025-04-11,108.5,111.55,107.48,110.93,313417265,NASDAQ:NVDA
2025-04-14,114.11,114.29,109.07,110.71,264705049,NASDAQ:NVDA
2025-04-15,110.97,113.62,110.5,112.2,228966900,NASDAQ:NVDA
2025-04-16,104.55,106.79,100.45,104.49,397016870,NASDAQ:NVDA
2025-04-17,104.45,104.47,100.05,101.49,292517465,NASDAQ:NVDA
2025-04-21,98.77,99.44,95.04,96.91,288501136,NASDAQ:NVDA
2025-04-22,98.78,99.81,97.28,98.89,241004784,NASDAQ:NVDA
2025-04-23,104.52,104.8,102.02,102.71,247525971,NASDAQ:NVDA
2025-04-24,103.48,106.54,103.11,106.43,220815041,NASDAQ:NVDA
2025-04-25,106.85,111.92,105.73,111.01,251064672,NASDAQ:NVDA
2025-04-28,109.69,110.37,106.02,108.73,207708479,NASDAQ:NVDA
2025-04-29,107.67,110.2,107.44,109.02,170444263,NASDAQ:NVDA
2025-04-30,104.47,108.92,104.08,108.92,235044611,NASDAQ:NVDA
2025-05-01,113.08,114.94,111.3,111.61,236121507,NASDAQ:NVDA
2025-05-02,114.18,115.4,113.37,114.5,190194778,NASDAQ:NVDA
2025-05-05,112.91,114.67,112.66,113.82,133163241,NASDAQ:NVDA
2025-05-06,111.48,114.74,110.82,113.54,158525621,NASDAQ:NVDA
2025-05-07,113.05,117.68,112.28,117.06,207827821,NASDAQ:NVDA
2025-05-08,118.25,118.68,115.85,117.37,198428122,NASDAQ:NVDA
2025-05-09,117.35,118.23,115.21,116.65,132972189,NASDAQ:NVDA
2025-05-12,121.97,123,120.28,123,225023345,NASDAQ:NVDA
2025-05-13,124.98,131.22,124.47,129.93,330430105,NASDAQ:NVDA
2025-05-14,133.2,135.44,131.68,135.34,281180830,NASDAQ:NVDA
2025-05-15,134.29,136.3,132.66,134.83,226632563,NASDAQ:NVDA
2025-05-16,136.22,136.35,133.46,135.4,226542451,NASDAQ:NVDA
2025-05-19,132.39,135.87,132.39,135.57,193154571,NASDAQ:NVDA
2025-05-20,134.29,134.58,132.62,134.38,161514247,NASDAQ:NVDA
2025-05-21,133.06,137.4,130.59,131.8,270608738,NASDAQ:NVDA
2025-05-22,133.06,137.4,130.59,131.8,7196599,NASDAQ:NVDA
2025-05-23,130,132.68,129.16,131.29,198821324,NASDAQ:NVDA
2025-05-27,134.15,135.66,133.31,135.5,192953613,NASDAQ:NVDA
2025-05-28,136.03,137.25,134.79,134.81,304021146,NASDAQ:NVDA
2025-05-29,142.25,143.49,137.91,139.19,370615167,NASDAQ:NVDA
2025-05-30,138.72,139.62,132.92,135.13,333170851,NASDAQ:NVDA
2025-06-02,135.49,138.12,135.4,137.38,197663116,NASDAQ:NVDA
2025-06-03,138.78,142,137.95,141.22,225578783,NASDAQ:NVDA
2025-06-04,142.19,142.39,139.54,141.92,167120819,NASDAQ:NVDA
2025-06-05,142.17,144,138.83,139.99,232410759,NASDAQ:NVDA
2025-06-06,142.51,143.27,141.51,141.72,153986153,NASDAQ:NVDA
2025-06-09,143.19,145,141.94,142.63,185114494,NASDAQ:NVDA
2025-06-10,142.69,144.29,141.53,143.96,155881897,NASDAQ:NVDA
2025-06-11,144.61,144.99,141.87,142.83,167694044,NASDAQ:NVDA
2025-06-12,141.97,145,141.85,145,162364991,NASDAQ:NVDA
2025-06-13,142.48,143.58,140.85,141.97,180820565,NASDAQ:NVDA
2025-06-16,143.35,146.18,143.2,144.69,183133666,NASDAQ:NVDA
2025-06-17,144.49,145.22,143.78,144.12,139108000,NASDAQ:NVDA
2025-06-18,144.01,145.65,143.12,145.48,161494121,NASDAQ:NVDA
2025-06-20,145.45,146.2,142.65,143.85,242956157,NASDAQ:NVDA
2025-06-23,142.5,144.78,142.03,144.17,154308941,NASDAQ:NVDA
2025-06-24,145.56,147.96,145.5,147.9,187566121,NASDAQ:NVDA
2025-06-25,149.27,154.45,149.26,154.31,269146471,NASDAQ:NVDA
2025-06-26,155.98,156.72,154,155.02,198145746,NASDAQ:NVDA
2025-06-27,156.04,158.71,155.26,157.75,263234539,NASDAQ:NVDA
2025-06-30,158.4,158.66,155.96,157.99,194580316,NASDAQ:NVDA
2025-07-01,156.29,157.2,151.49,153.3,213143621,NASDAQ:NVDA
2025-07-02,152.98,157.6,152.97,157.25,171224111,NASDAQ:NVDA
2025-07-03,158.37,160.98,157.77,159.34,143716055,NASDAQ:NVDA
2025-07-07,158.2,159.31,157.34,158.24,140138975,NASDAQ:NVDA
2025-07-08,159.33,160.22,158.39,160,138133025,NASDAQ:NVDA
2025-07-09,161.22,164.42,161.16,162.88,183656443,NASDAQ:NVDA
2025-07-10,164.32,164.5,161.61,164.1,167704075,NASDAQ:NVDA
2025-07-11,163.72,167.89,163.47,164.92,193633263,NASDAQ:NVDA
2025-07-14,165.37,165.49,162.02,164.07,136975754,NASDAQ:NVDA
2025-07-15,171.19,172.4,169.2,170.7,230627350,NASDAQ:NVDA
2025-07-16,171.06,171.75,168.9,171.37,158831509,NASDAQ:NVDA
2025-07-17,172.02,174.16,170.83,173,160841119,NASDAQ:NVDA
2025-07-18,173.64,174.25,171.26,172.41,146456416,NASDAQ:NVDA
2025-07-21,172.75,173.38,171,171.38,123126136,NASDAQ:NVDA
2025-07-22,171.34,171.39,164.58,167.03,193114327,NASDAQ:NVDA
2025-07-23,169.53,171.26,167.97,170.78,154082197,NASDAQ:NVDA
2025-07-24,172.44,173.83,171.3,173.74,128984628,NASDAQ:NVDA
2025-07-25,173.61,174.72,172.96,173.5,122316792,NASDAQ:NVDA
2025-07-28,174.02,177,173.97,176.75,140023521,NASDAQ:NVDA
2025-07-29,177.96,179.38,175.02,175.51,154077512,NASDAQ:NVDA
2025-07-30,176.51,179.89,176.04,179.27,174312208,NASDAQ:NVDA
2025-07-31,182.9,183.3,175.93,177.87,221685446,NASDAQ:NVDA
2025-08-01,174.09,176.54,170.89,173.72,204528985,NASDAQ:NVDA
2025-08-04,175.16,180.2,174.52,180,148174609,NASDAQ:NVDA
2025-08-05,179.62,180.26,175.9,178.26,156407621,NASDAQ:NVDA
2025-08-06,176.33,179.9,176.25,179.42,137192265,NASDAQ:NVDA
2025-08-07,181.57,183.88,178.8,180.77,151878365,NASDAQ:NVDA
2025-08-08,181.55,183.3,180.4,182.7,123396679,NASDAQ:NVDA
2025-08-11,182.05,183.84,180.25,182.06,138323191,NASDAQ:NVDA
2025-08-12,182.96,184.48,179.46,183.16,145729202,NASDAQ:NVDA
2025-08-13,182.62,183.97,179.35,181.59,179871724,NASDAQ:NVDA
2025-08-14,179.75,183.02,179.46,182.02,129553959,NASDAQ:NVDA
2025-08-15,181.88,181.9,178.04,180.45,156602161,NASDAQ:NVDA
2025-08-18,180.6,182.94,180.59,182.01,132007959,NASDAQ:NVDA
2025-08-19,182.43,182.5,175.49,175.64,185229219,NASDAQ:NVDA
2025-08-20,175.17,176,168.8,175.4,215142725,NASDAQ:NVDA
2025-08-21,174.85,176.9,173.81,174.98,140040850,NASDAQ:NVDA
2025-08-22,172.61,178.59,171.2,177.99,172789427,NASDAQ:NVDA
2025-08-28,180.82,184.47,176.41,180.17,281787824,NASDAQ:NVDA
2025-08-29,178.11,178.15,173.15,174.18,243257873,NASDAQ:NVDA
2025-09-02,170,172.38,167.22,170.78,231164853,NASDAQ:NVDA
2025-09-03,171.06,172.41,168.88,170.62,164424873,NASDAQ:NVDA
2025-09-04,170.57,171.86,169.41,171.66,141670144,NASDAQ:NVDA
2025-09-05,168.03,169.03,164.07,167.02,224441435,NASDAQ:NVDA
2025-09-08,167.55,170.96,167.35,168.31,163769133,NASDAQ:NVDA
2025-09-09,169.09,170.98,166.74,170.76,157548392,NASDAQ:NVDA
2025-09-10,176.64,179.29,175.47,177.33,226852020,NASDAQ:NVDA
2025-09-11,179.68,180.28,176.48,177.17,151159274,NASDAQ:NVDA
2025-09-12,177.77,178.6,176.45,177.82,124911026,NASDAQ:NVDA
2025-09-15,175.67,178.85,174.51,177.75,147061559,NASDAQ:NVDA
2025-09-16,177,177.5,174.38,174.88,140737775,NASDAQ:NVDA
2025-09-17,172.64,173.2,168.41,170.29,211843817,NASDAQ:NVDA
2025-09-18,173.98,177.1,172.96,176.24,191763313,NASDAQ:NVDA
2025-09-19,175.77,178.08,175.18,176.67,237182143,NASDAQ:NVDA
2025-09-22,175.3,184.55,174.71,183.61,269637001,NASDAQ:NVDA
2025-09-23,181.97,182.42,176.21,178.43,192559552,NASDAQ:NVDA
2025-09-24,179.77,179.78,175.4,176.97,143564116,NASDAQ:NVDA
2025-09-25,174.48,180.26,173.13,177.69,191586733,NASDAQ:NVDA
2025-09-26,178.17,179.77,174.93,178.19,148573732,NASDAQ:NVDA
2025-09-29,180.43,184,180.32,181.85,193063455,NASDAQ:NVDA
2025-09-30,182.08,187.35,181.48,186.58,236981032,NASDAQ:NVDA
2025-10-01,185.24,188.14,183.9,187.24,173844901,NASDAQ:NVDA
2025-10-02,189.6,191.05,188.06,188.89,136805821,NASDAQ:NVDA
2025-10-03,189.19,190.36,185.38,187.62,137596896,NASDAQ:NVDA
2025-10-06,185.5,187.23,183.33,185.54,157678104,NASDAQ:NVDA
2025-10-07,186.23,189.06,184,185.04,140088008,NASDAQ:NVDA
2025-10-08,186.57,189.6,186.54,189.11,130168861,NASDAQ:NVDA
2025-10-09,192.23,195.3,191.06,192.57,182997234,NASDAQ:NVDA
2025-10-10,193.51,195.62,182.05,183.16,268774359,NASDAQ:NVDA
2025-10-13,187.97,190.11,185.96,188.32,153482755,NASDAQ:NVDA
2025-10-14,184.77,184.8,179.7,180.03,205641380,NASDAQ:NVDA
2025-10-15,184.8,184.87,177.29,179.83,214450482,NASDAQ:NVDA
2025-10-16,182.23,183.28,179.77,181.81,179723309,NASDAQ:NVDA
2025-10-17,180.18,184.1,179.75,183.22,173135217,NASDAQ:NVDA
2025-10-20,183.13,185.2,181.73,182.64,128544711,NASDAQ:NVDA
2025-10-21,182.79,182.79,179.8,181.16,124240168,NASDAQ:NVDA
2025-10-22,181.14,183.44,176.76,180.28,162249552,NASDAQ:NVDA
2025-10-23,180.42,183.03,179.79,182.16,111363718,NASDAQ:NVDA
2025-10-24,183.84,187.47,183.5,186.26,131296677,NASDAQ:NVDA
2025-10-27,189.99,192,188.43,191.49,153452704,NASDAQ:NVDA
2025-10-28,193.05,203.15,191.91,201.03,297986180,NASDAQ:NVDA
2025-10-29,207.98,212.19,204.78,207.04,308829564,NASDAQ:NVDA
2025-10-30,205.15,206.16,201.41,202.89,178864443,NASDAQ:NVDA
2025-10-31,206.45,207.97,202.07,202.49,179802178,NASDAQ:NVDA
2024-10-30,194.38,195.45,192.61,194.48,10007766,NYSE:TSM
2024-10-31,192.86,192.86,187.66,190.54,13062658,NYSE:TSM
2024-11-01,194.2,198.17,192.55,192.95,12691190,NYSE:TSM
2024-11-04,193.7,194.36,190.6,191.56,10917292,NYSE:TSM
2024-11-05,193.58,198.34,193.49,195.76,10339213,NYSE:TSM
2024-11-06,192.04,194.26,188.5,193.22,19834867,NYSE:TSM
2024-11-07,196.31,202.01,196.25,201.19,14865161,NYSE:TSM
2024-11-08,203.89,206.61,200.02,201.2,13112091,NYSE:TSM
2024-11-11,197.96,198.2,191.49,194.05,16610009,NYSE:TSM
2024-11-12,193.83,194,189.72,191.77,11818985,NYSE:TSM
2024-11-13,192.44,192.48,186.5,186.66,13882151,NYSE:TSM
2024-11-14,188.4,192.66,187.54,188.5,11453908,NYSE:TSM
2024-11-15,188.18,188.8,184.81,186.01,9834757,NYSE:TSM
2024-11-18,184.35,188,183.49,187.48,10694009,NYSE:TSM
2024-11-19,189.13,190.02,188.02,189.67,9390115,NYSE:TSM
2024-11-20,188.85,188.85,184.06,188.36,10624495,NYSE:TSM
2024-11-21,189.41,192.3,186.74,191.24,18137330,NYSE:TSM
2024-11-22,192.95,193,189.43,190.08,8838925,NYSE:TSM
2024-11-25,188.09,188.25,183.71,185.08,14380026,NYSE:TSM
2024-11-26,185.4,185.9,182.33,183.84,10186572,NYSE:TSM
2024-11-27,182,182.45,178.05,181.19,9895248,NYSE:TSM
2024-11-29,181.51,186.95,181.18,184.66,8045290,NYSE:TSM
2024-12-02,189.34,195.29,188.94,194.4,16646881,NYSE:TSM
2024-12-03,193.5,199,192.6,198.89,11217660,NYSE:TSM
2024-12-04,199.85,202.6,198.27,200.69,12761061,NYSE:TSM
2024-12-05,201.25,205.63,200.75,204.3,12483722,NYSE:TSM
2024-12-06,202,203.19,199.93,203.02,9672870,NYSE:TSM
2024-12-09,200.93,203.13,198.98,199.17,9699663,NYSE:TSM
2024-12-10,199.1,199.91,190.37,191.94,15307905,NYSE:TSM
2024-12-11,194.67,196,193.26,194.6,9027611,NYSE:TSM
2024-12-12,194.63,195.42,191.29,191.46,7944938,NYSE:TSM
2024-12-13,198.51,202.54,197.27,200.99,19476980,NYSE:TSM
2024-12-16,203.2,205.5,200.87,202.22,15139257,NYSE:TSM
2024-12-17,201,202.4,197.47,200.66,11169364,NYSE:TSM
2024-12-18,203,205.24,193.96,195.56,14721065,NYSE:TSM
2024-12-19,198.4,198.57,193.95,194.64,10553405,NYSE:TSM
2024-12-20,192.6,198.08,191.98,197.21,16170143,NYSE:TSM
2024-12-23,201,208.05,200.91,207.36,17847038,NYSE:TSM
2024-12-24,205.92,207.2,204.55,206.33,7634490,NYSE:TSM
2024-12-26,205.51,208.16,202.89,203.06,8053235,NYSE:TSM
2024-12-27,204.5,204.5,199.05,201.63,10664418,NYSE:TSM
2024-12-30,199.84,201.97,198.48,200.39,11235213,NYSE:TSM
2024-12-31,200.79,201.78,197.36,197.49,6427867,NYSE:TSM
2025-01-02,197.15,203.77,196.69,201.58,10951425,NYSE:TSM
2025-01-03,204.1,208.8,203.7,208.61,10261948,NYSE:TSM
2025-01-06,218.77,222.2,215.69,220.01,24339947,NYSE:TSM
2025-01-07,221.24,221.48,211.32,211.42,17010000,NYSE:TSM
2025-01-08,209.97,210.3,205.92,207.12,13262732,NYSE:TSM
2025-01-10,207.6,209.98,203.23,208.37,17265198,NYSE:TSM
2025-01-13,200.52,203.59,200.05,201.36,16612392,NYSE:TSM
2025-01-14,205.19,206.26,198.5,201.45,14182944,NYSE:TSM
2025-01-15,202.49,209.04,199.35,206.8,18286492,NYSE:TSM
2025-01-16,218.89,221.95,213.17,214.79,38539551,NYSE:TSM
2025-01-17,215.17,215.68,211.06,211.5,21606103,NYSE:TSM
2025-01-21,214.73,220.15,212.05,218.7,19061304,NYSE:TSM
2025-01-22,221.95,225.43,219.31,223.2,17294474,NYSE:TSM
2025-01-23,220.1,224.7,219.41,224.62,8986795,NYSE:TSM
2025-01-24,226.22,226.4,220.96,221.88,13183798,NYSE:TSM
2025-01-27,197.04,207,187.67,192.31,68667472,NYSE:TSM
2025-01-28,195.65,202.84,192.46,202.4,31738835,NYSE:TSM
2025-01-29,204.49,206.45,199.75,202.33,15199493,NYSE:TSM
2025-01-30,206.57,209.62,205.42,208.15,13538952,NYSE:TSM
2025-01-31,209.93,215,208.2,209.32,15781905,NYSE:TSM
2025-02-03,199.63,204.99,197.98,199.8,17719766,NYSE:TSM
2025-02-04,204.07,205.75,202.08,204.05,12692908,NYSE:TSM
2025-02-05,206,210.48,203.83,208.57,10997769,NYSE:TSM
2025-02-06,210.06,211.18,207,210.5,8491436,NYSE:TSM
2025-02-07,213.01,213.18,205.72,206.12,11616199,NYSE:TSM
2025-02-10,208,209.98,206.53,207.95,9296479,NYSE:TSM
2025-02-11,205.13,209.84,201,208.74,9224508,NYSE:TSM
2025-02-12,204.9,207.07,203.01,206.38,7373675,NYSE:TSM
2025-02-13,201.88,202.3,199.23,201.83,15580928,NYSE:TSM
2025-02-14,199.98,206.25,197.46,203.9,23220332,NYSE:TSM
2025-02-18,204.76,205.85,200.52,202.74,14988136,NYSE:TSM
2025-02-19,202.01,202.6,200.02,200.95,13163071,NYSE:TSM
2025-02-20,200.28,200.34,197.61,200.1,10639333,NYSE:TSM
2025-02-21,201.33,202.69,196.01,198.24,13757337,NYSE:TSM
2025-02-24,196.88,198.79,191.46,191.65,15114277,NYSE:TSM
2025-02-25,190.65,193.53,187.47,189.37,20580951,NYSE:TSM
2025-02-26,191.09,196.08,191.09,194.62,14112250,NYSE:TSM
2025-02-27,194.69,194.77,181.08,181.09,24219211,NYSE:TSM
2025-02-28,179.31,182.16,175.52,180.53,27929427,NYSE:TSM
2025-03-03,181.15,181.57,171.07,172.97,37402998,NYSE:TSM
2025-03-04,175.06,183.6,174.18,180,29395234,NYSE:TSM
2025-03-05,183,184.74,180.72,184.28,17333996,NYSE:TSM
2025-03-06,178.58,181.55,175.79,175.85,17864290,NYSE:TSM
2025-03-07,175.79,178.47,171.02,177.1,21012687,NYSE:TSM
2025-03-10,172.42,174.89,167.91,170.65,18265099,NYSE:TSM
2025-03-11,170.65,173.33,168.1,170.97,16561137,NYSE:TSM
2025-03-12,175.6,178.13,174.76,177.17,14737610,NYSE:TSM
2025-03-13,173.89,173.89,170.5,171.59,14381570,NYSE:TSM
2025-03-14,172.65,174.37,171.93,174.09,11449411,NYSE:TSM
2025-03-17,173.95,177.16,173.82,176.24,9678112,NYSE:TSM
2025-03-18,174.38,174.58,170.43,173.13,9986033,NYSE:TSM
2025-03-19,173,175.73,171.74,173.76,10678482,NYSE:TSM
2025-03-20,174.85,178.67,174.55,177.47,12209690,NYSE:TSM
2025-03-21,174.91,177.2,173.79,176.73,9993226,NYSE:TSM
2025-03-24,179.99,182.93,179.68,181.16,11440018,NYSE:TSM
2025-03-25,182.47,182.51,179.8,180.9,8718753,NYSE:TSM
2025-03-26,179.23,179.55,171.47,173.5,14644601,NYSE:TSM
2025-03-27,171.39,171.61,167.55,168.24,17559075,NYSE:TSM
2025-03-28,168.04,168.63,164.06,165.25,16331998,NYSE:TSM
2025-03-31,160.36,166.13,159.73,166,19408272,NYSE:TSM
2025-04-01,166.39,168.87,165.06,168.64,9180009,NYSE:TSM
2025-04-02,166.85,171.75,166.35,170.39,10072689,NYSE:TSM
2025-04-03,160.06,161.8,157.21,157.38,28370483,NYSE:TSM
2025-04-04,150.89,151.31,144.84,146.8,36085144,NYSE:TSM
2025-04-07,134.51,153.75,134.25,146.17,46388328,NYSE:TSM
2025-04-08,151.98,152.61,138.98,141.37,30479663,NYSE:TSM
2025-04-09,140.2,160.62,137.9,158.75,45612516,NYSE:TSM
2025-04-10,155.5,156,146.91,151.13,24503452,NYSE:TSM
2025-04-11,156,158.01,153.25,157.08,19632205,NYSE:TSM
2025-04-14,158.3,158.59,154.03,155.84,17509449,NYSE:TSM
2025-04-15,156.49,158.25,156.05,157.33,14306631,NYSE:TSM
2025-04-16,150.6,153.54,148.49,151.67,23806098,NYSE:TSM
2025-04-17,156.05,157.5,151.45,151.74,27239900,NYSE:TSM
2025-04-21,149.99,150.28,145.84,147.86,15170478,NYSE:TSM
2025-04-22,148,152.6,147.44,151.4,12668584,NYSE:TSM
2025-04-23,159.37,160.38,156,157.81,17667929,NYSE:TSM
2025-04-24,157.78,164.55,157.39,164.18,18761145,NYSE:TSM
2025-04-25,163.93,165.91,161.16,165.1,14654790,NYSE:TSM
2025-04-28,165,165.32,160.5,163.4,11415622,NYSE:TSM
2025-04-29,164.38,166,163.5,164.48,9830097,NYSE:TSM
2025-04-30,163.54,166.92,161.75,166.69,10073011,NYSE:TSM
2025-05-01,172.8,174.78,170.95,172.72,22670639,NYSE:TSM
2025-05-02,179.8,180.65,177.14,179.28,21691162,NYSE:TSM
2025-05-05,179,180.08,176.25,176.4,14618920,NYSE:TSM
2025-05-06,172.6,174.74,170.59,172.28,14565567,NYSE:TSM
2025-05-07,174.1,175.98,171.37,174.54,9703998,NYSE:TSM
2025-05-08,175.34,177.45,173.66,175.22,10342957,NYSE:TSM
2025-05-09,179.8,180.46,176.47,176.52,11582754,NYSE:TSM
2025-05-12,187.28,189.17,184.61,186.98,22064866,NYSE:TSM
2025-05-13,187.72,194.28,187.72,193.99,19996036,NYSE:TSM
2025-05-14,195.28,196.22,193.23,194.76,12358953,NYSE:TSM
2025-05-15,193.1,194.49,191.63,194.22,10241765,NYSE:TSM
2025-05-16,194.53,195.08,192.57,194.22,9146662,NYSE:TSM
2025-05-19,189,193.5,188.81,193.5,10144438,NYSE:TSM
2025-05-20,191.8,193.73,190.81,193.45,7054072,NYSE:TSM
2025-05-21,193.1,195.27,190.53,191.76,7375650,NYSE:TSM
2025-05-22,191.34,196.83,191.34,196.19,11824973,NYSE:TSM
2025-05-23,192.02,192.8,190.03,191.98,9403136,NYSE:TSM
2025-05-27,194.1,198.31,193.7,197.68,12228212,NYSE:TSM
2025-05-28,196.09,198.07,195.48,196.14,17787617,NYSE:TSM
2025-05-29,199.46,199.8,196.08,197.15,14624606,NYSE:TSM
2025-05-30,195.6,195.91,190.56,193.32,11998300,NYSE:TSM
2025-06-02,193.04,195.16,192.2,194.84,7447367,NYSE:TSM
2025-06-03,194.35,198.17,193.64,197.61,9548320,NYSE:TSM
2025-06-04,201.38,204.03,200.38,202.4,13531121,NYSE:TSM
2025-06-05,204.88,205.76,202.28,203.34,12242180,NYSE:TSM
2025-06-06,203.58,206.29,203.23,205.18,8531979,NYSE:TSM
2025-06-09,206.4,209.27,205.87,207,11472258,NYSE:TSM
2025-06-10,211.61,213.23,209.96,212.46,14513988,NYSE:TSM
2025-06-11,215,217.43,212.95,214.1,13326440,NYSE:TSM
2025-06-12,212.92,215.88,211.91,215.43,9796134,NYSE:TSM
2025-06-13,210.11,213.26,209.4,211.1,10152533,NYSE:TSM
2025-06-16,213,217.6,212.73,215.68,10932869,NYSE:TSM
2025-06-17,213.89,215.94,213.5,213.9,8389651,NYSE:TSM
2025-06-18,214.7,215.17,212.89,213.5,6931992,NYSE:TSM
2025-06-20,215.2,215.5,208.15,209.51,16992048,NYSE:TSM
2025-06-23,206.63,210.59,206.2,210.32,7535531,NYSE:TSM
2025-06-24,214.39,220.37,213.88,220.09,14814705,NYSE:TSM
2025-06-25,220.8,223.5,220.8,222.74,9168374,NYSE:TSM
2025-06-26,224.98,225.22,222.7,224.01,7982208,NYSE:TSM
2025-06-27,224.3,228.88,224.03,228.57,13132971,NYSE:TSM
2025-06-30,227.44,228.15,224.8,226.49,9279803,NYSE:TSM
2025-07-01,227.43,228.6,221.18,224.68,9990210,NYSE:TSM
2025-07-02,224.48,233.82,224,233.6,12012459,NYSE:TSM
2025-07-03,233.87,237.58,233.27,234.8,7779584,NYSE:TSM
2025-07-07,231.63,232.55,227.44,229.17,13817520,NYSE:TSM
2025-07-08,229.78,230.33,227.54,227.86,8854432,NYSE:TSM
2025-07-09,230.45,233.27,230.24,231.84,9475340,NYSE:TSM
2025-07-10,232.78,233.05,227.77,229.76,13124703,NYSE:TSM
2025-07-11,231,232.27,229.4,230.4,8817763,NYSE:TSM
2025-07-14,229.33,229.85,226.31,228.67,10673518,NYSE:TSM
2025-07-15,234.46,237.71,233.85,236.95,14270133,NYSE:TSM
2025-07-16,236.4,238.31,234.15,237.56,15092753,NYSE:TSM
2025-07-17,245.79,248.28,241.39,245.6,27395684,NYSE:TSM
2025-07-18,245.31,245.97,238.69,240.4,16252018,NYSE:TSM
2025-07-21,240.12,242.34,238.71,238.85,11971805,NYSE:TSM
2025-07-22,237.83,238,231.76,234.6,11919542,NYSE:TSM
2025-07-23,238.52,240.5,236.38,240.33,9885441,NYSE:TSM
2025-07-24,240.21,241.95,238.03,241.6,9081946,NYSE:TSM
2025-07-25,241.32,246.24,240.94,245.6,11593366,NYSE:TSM
2025-07-28,243,243.95,241.05,242.75,11892202,NYSE:TSM
2025-07-29,241.5,243.97,239.82,241.33,9411525,NYSE:TSM
2025-07-30,242.12,244.57,241.22,242.91,6823770,NYSE:TSM
2025-07-31,245.98,247.41,239.8,241.62,13490682,NYSE:TSM
2025-08-01,235.62,237.19,231.84,235.21,13549793,NYSE:TSM
2025-08-04,237.91,239,236.39,239,6450728,NYSE:TSM
2025-08-05,238.33,238.63,230.17,232.47,11868867,NYSE:TSM
2025-08-06,231.03,232.2,228.82,231.37,9457183,NYSE:TSM
2025-08-07,244.47,247.84,240.8,242.62,17691005,NYSE:TSM
2025-08-08,243.16,243.16,238.97,241.83,10552538,NYSE:TSM
2025-08-11,242.04,245.35,241.54,242.09,8272024,NYSE:TSM
2025-08-12,243.72,244.77,241.7,244.29,7301986,NYSE:TSM
2025-08-13,246.43,246.43,239.94,241.44,7971850,NYSE:TSM
2025-08-14,237.97,241.38,236.82,241,11040536,NYSE:TSM
2025-08-15,240.33,240.8,237.26,238.88,8155486,NYSE:TSM
2025-08-18,239.99,242.86,239.99,241.41,6919779,NYSE:TSM
2025-08-19,240.02,240.17,232.58,232.7,14594688,NYSE:TSM
2025-08-20,228.14,229.03,223.7,228.6,17165201,NYSE:TSM
2025-08-21,228.15,230.33,226.26,227.33,7449144,NYSE:TSM
2025-08-22,228,234.45,226.17,232.99,10299467,NYSE:TSM
2025-08-25,234.3,237.28,232.25,235.59,7654954,NYSE:TSM
2025-08-26,236.37,238.83,235.73,238.72,9793068,NYSE:TSM
2025-08-27,236.87,239.4,235.44,239.29,9516362,NYSE:TSM
2025-08-28,236.3,240.66,236,238.27,8466216,NYSE:TSM
2025-08-29,235.84,235.95,230.58,230.87,15526018,NYSE:TSM
2025-09-02,226.15,229.34,225.63,228.39,13974904,NYSE:TSM
2025-09-03,231.52,232.45,228.6,231.39,7198492,NYSE:TSM
2025-09-04,231.35,235.31,230.3,235.21,6241940,NYSE:TSM
2025-09-05,240.24,244.55,237.9,243.41,14056566,NYSE:TSM
2025-09-08,241.99,247.88,241.62,247.19,12986596,NYSE:TSM
2025-09-09,246.93,254.73,246.93,250.92,13443419,NYSE:TSM
2025-09-10,258.87,264.58,257.75,260.44,18822431,NYSE:TSM
2025-09-11,260.35,261.64,258.23,258.91,10004967,NYSE:TSM
2025-09-12,260.85,260.95,258.38,259.33,8496585,NYSE:TSM
2025-09-15,260,262.8,258.75,261.38,8147738,NYSE:TSM
2025-09-16,265.92,266.44,260.61,262.06,10381854,NYSE:TSM
2025-09-17,264.34,264.81,259.73,262.79,10422030,NYSE:TSM
2025-09-18,258,270.54,257.98,268.64,16917295,NYSE:TSM
2025-09-19,266.37,266.57,262.81,264.87,17640249,NYSE:TSM
2025-09-22,266.54,276.36,265.45,272.63,15630292,NYSE:TSM
2025-09-23,282.4,286,280,282.71,17830324,NYSE:TSM
2025-09-24,280.31,281.21,276.72,280.71,10230965,NYSE:TSM
2025-09-25,273.12,277.14,270.19,276.66,11863397,NYSE:TSM
2025-09-26,273.89,275.5,270.62,273.36,10451886,NYSE:TSM
2025-09-29,276.49,279.87,273.23,273.23,8046187,NYSE:TSM
2025-09-30,275.32,279.49,273.83,279.29,8348796,NYSE:TSM
2025-10-01,278.44,290.48,277.17,288.47,14620139,NYSE:TSM
2025-10-02,296.52,296.72,287.03,288.11,10197961,NYSE:TSM
2025-10-03,292.86,296.06,290.49,292.19,10572491,NYSE:TSM
2025-10-06,300.01,307.3,299.94,302.4,15785026,NYSE:TSM
2025-10-07,306.62,307.1,293.28,294.03,13080969,NYSE:TSM
2025-10-08,295,306.4,293.98,304.52,12821210,NYSE:TSM
2025-10-09,302.31,302.83,297.42,299.88,10259887,NYSE:TSM
2025-10-10,299.96,300.2,280.33,280.66,23398001,NYSE:TSM
2025-10-13,298.24,304.63,292.32,302.89,20318268,NYSE:TSM
2025-10-14,295.63,301.75,291.34,295.94,16567867,NYSE:TSM
2025-10-15,306.29,306.61,300.07,304.71,20788021,NYSE:TSM
2025-10-16,310.93,311.37,296.69,299.84,26341457,NYSE:TSM
2025-10-17,298.4,303.3,294.92,295.08,17633323,NYSE:TSM
2025-10-20,300,303.65,297.06,297.7,13391614,NYSE:TSM
2025-10-21,299,299.37,293.65,294.51,11190502,NYSE:TSM
2025-10-22,293,295.2,284.4,288.88,15409109,NYSE:TSM
2025-10-23,289.8,294.09,289.63,290.73,10379853,NYSE:TSM
2025-10-24,295.57,297.95,294.39,294.96,8747007,NYSE:TSM
2025-10-27,298.65,300.48,293.69,298.25,13615029,NYSE:TSM
2025-10-28,298.32,302.13,296.08,301.53,11804198,NYSE:TSM
2025-10-29,305.8,307.96,302.38,305.09,16177305,NYSE:TSM
2025-10-30,303.08,307.31,300.82,303.22,14507088,NYSE:TSM
2025-10-31,305.99,307.68,296.68,300.43,12667857,NYSE:TSM
2024-10-30,72.42,75.16,72.32,73.5,1927159,NASDAQ:ALAB
2024-10-31,73.28,73.28,69.33,70.16,2890553,NASDAQ:ALAB
2024-11-01,71.86,74.02,70.74,72.65,2328296,NASDAQ:ALAB
2024-11-04,72.23,72.59,67.31,69.65,5365107,NASDAQ:ALAB
2024-11-05,86.35,97.35,84.11,95.91,24756931,NASDAQ:ALAB
2024-11-06,90,98.68,86.5,98.17,15381668,NASDAQ:ALAB
2024-11-07,99,99.84,94.41,94.49,6308086,NASDAQ:ALAB
2024-11-08,96.22,99.36,93.3,99.3,5016912,NASDAQ:ALAB
2024-11-11,100,100.09,89.13,92.25,8504561,NASDAQ:ALAB
2024-11-12,91.65,93.6,87.89,90.75,4369836,NASDAQ:ALAB
2024-11-13,91.36,94.05,89.24,89.3,3164052,NASDAQ:ALAB
2024-11-14,89.95,92.37,88.19,88.49,2980491,NASDAQ:ALAB
2024-11-15,87,89.15,85.01,86.45,3969651,NASDAQ:ALAB
2024-11-18,89.41,91.22,86.67,90.38,6344475,NASDAQ:ALAB
2024-11-19,90.6,96.48,90.15,95.18,6027676,NASDAQ:ALAB
2024-11-20,94.79,98.79,92.17,97.42,5830311,NASDAQ:ALAB
2024-11-21,102.34,108.37,101.32,104.12,9198942,NASDAQ:ALAB
2024-11-22,105.12,109.11,102,102.28,4755348,NASDAQ:ALAB
2024-11-25,107,113.85,105.25,107.31,7764634,NASDAQ:ALAB
2024-11-26,108,110.98,103.64,105.48,4343890,NASDAQ:ALAB
2024-11-27,105.76,105.87,96.79,99.6,5221924,NASDAQ:ALAB
2024-11-29,101.6,105.72,100.64,103.25,1915788,NASDAQ:ALAB
2024-12-02,103.84,105.02,100.84,103.39,3197972,NASDAQ:ALAB
2024-12-03,105.52,117.26,105.19,116.51,8309024,NASDAQ:ALAB
2024-12-04,116.69,121.2,114.8,115.27,4687319,NASDAQ:ALAB
2024-12-05,115.14,117.66,112.54,114.68,2803859,NASDAQ:ALAB
2024-12-06,115,120.88,113.33,120.4,4065807,NASDAQ:ALAB
2024-12-09,122.13,123.4,117.41,122.03,4008621,NASDAQ:ALAB
2024-12-10,122.22,125.41,116.23,118.17,4102742,NASDAQ:ALAB
2024-12-11,121.16,127.25,120.79,122.62,3545194,NASDAQ:ALAB
2024-12-12,120.3,124.53,120.01,122.45,2169314,NASDAQ:ALAB
2024-12-13,126.8,132.68,125.47,132.14,5083477,NASDAQ:ALAB
2024-12-16,133,136.39,128.85,130.48,5846674,NASDAQ:ALAB
2024-12-17,127.82,131.89,124.51,127.94,5139320,NASDAQ:ALAB
2024-12-18,128.78,132.9,119.5,122.47,6019294,NASDAQ:ALAB
2024-12-19,124.15,128.97,119.02,125.28,6066895,NASDAQ:ALAB
2024-12-20,122.75,133.31,120.91,132.17,11491663,NASDAQ:ALAB
2024-12-23,135.11,138.14,131.55,135.57,3501020,NASDAQ:ALAB
2024-12-24,138.23,144.13,137.28,141.6,2739746,NASDAQ:ALAB
2024-12-26,143.76,147.36,141.35,145.81,3912368,NASDAQ:ALAB
2024-12-27,145,145.98,139.5,141.53,3452535,NASDAQ:ALAB
2024-12-30,135.27,138.96,133.31,136.42,3086547,NASDAQ:ALAB
2024-12-31,136.42,136.94,131.7,132.45,2493286,NASDAQ:ALAB
2025-01-02,130.27,136.2,125.81,134.63,3203469,NASDAQ:ALAB
2025-01-03,135.62,141.15,133.08,140.93,2745696,NASDAQ:ALAB
2025-01-06,147.15,147.39,140.37,143.64,3237415,NASDAQ:ALAB
2025-01-07,145.23,145.32,132.42,133.6,3977606,NASDAQ:ALAB
2025-01-08,131.2,133.01,127,130.77,3683813,NASDAQ:ALAB
2025-01-10,127.7,130.76,124,129.7,2420628,NASDAQ:ALAB
2025-01-13,124.34,127.69,121.65,127.19,3793937,NASDAQ:ALAB
2025-01-14,130.4,132.1,125.15,128.45,2710402,NASDAQ:ALAB
2025-01-15,132.6,135.81,131.23,131.77,3254395,NASDAQ:ALAB
2025-01-16,133.97,135.7,123.34,127.9,4186507,NASDAQ:ALAB
2025-01-17,128.17,134.2,126.3,133.3,3245906,NASDAQ:ALAB
2025-01-21,128.5,129.5,119.37,124.41,5684839,NASDAQ:ALAB
2025-01-22,126.27,130.5,121.52,122.95,4027468,NASDAQ:ALAB
2025-01-23,119.68,124,112.18,123.73,6127819,NASDAQ:ALAB
2025-01-24,126.14,127.35,113.42,115.55,5465359,NASDAQ:ALAB
2025-01-27,102.24,103,79.55,83.16,16766218,NASDAQ:ALAB
2025-01-28,88.82,90.65,83.85,89.63,9003319,NASDAQ:ALAB
2025-01-29,90.6,92.89,87.17,90.43,4832929,NASDAQ:ALAB
2025-01-30,93.88,98.32,93,96.87,5575154,NASDAQ:ALAB
2025-01-31,98,106,96.56,101.42,6444013,NASDAQ:ALAB
2025-02-03,88.9,100.95,87.04,98.12,5218341,NASDAQ:ALAB
2025-02-04,100.51,103.98,98.67,101.73,3398541,NASDAQ:ALAB
2025-02-05,102.75,107.17,100.76,106.57,3351724,NASDAQ:ALAB
2025-02-06,109.83,111.12,100.95,104.51,4953043,NASDAQ:ALAB
2025-02-07,106.83,109,99.68,101.29,4960358,NASDAQ:ALAB
2025-02-10,103.01,104.25,100.02,103.29,10839571,NASDAQ:ALAB
2025-02-11,97.11,105.88,91.75,92.04,14123346,NASDAQ:ALAB
2025-02-12,91.49,91.78,86.55,87.5,7539902,NASDAQ:ALAB
2025-02-13,87.53,92,87.29,88.19,6136601,NASDAQ:ALAB
2025-02-14,88.29,88.29,83.69,87.85,6191016,NASDAQ:ALAB
2025-02-18,88.6,94.58,87.7,93.27,6130620,NASDAQ:ALAB
2025-02-19,91.04,92.49,87.25,89.9,4728185,NASDAQ:ALAB
2025-02-20,90.54,90.54,85.12,88.43,3859624,NASDAQ:ALAB
2025-02-21,88.9,90.81,85.19,85.72,3964160,NASDAQ:ALAB
2025-02-24,85,87.2,80.36,84.63,6194678,NASDAQ:ALAB
2025-02-25,82.06,82.27,74.8,77.74,7391737,NASDAQ:ALAB
2025-02-26,79.79,83.65,79.49,83,4059032,NASDAQ:ALAB
2025-02-27,85.02,85.1,75.62,75.75,4097159,NASDAQ:ALAB
2025-02-28,72.8,76.1,70.55,74.35,10688770,NASDAQ:ALAB
2025-03-03,74.98,75.17,67.37,67.68,8022320,NASDAQ:ALAB
2025-03-04,64.88,72.12,63.14,69.63,6980492,NASDAQ:ALAB
2025-03-05,69.81,69.98,66.06,68.57,5378593,NASDAQ:ALAB
2025-03-06,64.34,66.25,61.4,63.49,5630192,NASDAQ:ALAB
2025-03-07,63.73,67.98,62.01,66.92,5819543,NASDAQ:ALAB
2025-03-10,64,64.68,60.45,61.7,5017535,NASDAQ:ALAB
2025-03-11,61.19,68.07,60.29,66.05,5641143,NASDAQ:ALAB
2025-03-12,69.91,71.45,67.68,68.82,4757242,NASDAQ:ALAB
2025-03-13,68.11,68.39,64.15,65.32,2369767,NASDAQ:ALAB
2025-03-14,67.88,72.43,67.5,72.18,3700318,NASDAQ:ALAB
2025-03-17,71.23,73.6,69.51,72.05,3637180,NASDAQ:ALAB
2025-03-18,70.7,71.21,67.5,68.89,2825010,NASDAQ:ALAB
2025-03-19,69,70.6,67.51,68.89,3153217,NASDAQ:ALAB
2025-03-20,67.57,70.14,67.01,68.97,2318782,NASDAQ:ALAB
2025-03-21,67.85,71.19,65.5,71.1,3655000,NASDAQ:ALAB
2025-03-24,73.6,74.8,72,73.78,2416333,NASDAQ:ALAB
2025-03-25,74.08,74.66,72.03,72.19,1646212,NASDAQ:ALAB
2025-03-26,71.88,72.24,66.16,66.95,3019200,NASDAQ:ALAB
2025-03-27,65.49,65.49,62.18,62.79,3117989,NASDAQ:ALAB
2025-03-28,61.85,63.56,59.62,60.78,3138396,NASDAQ:ALAB
2025-03-31,58.19,59.75,57.2,59.67,3752292,NASDAQ:ALAB
2025-04-01,59.33,62.77,58.48,62.01,3464650,NASDAQ:ALAB
2025-04-02,59.95,65.22,59,64.08,4536059,NASDAQ:ALAB
2025-04-03,58.09,59.98,55.39,55.68,6459876,NASDAQ:ALAB
2025-04-04,52.46,53.71,47.13,52.94,5761861,NASDAQ:ALAB
2025-04-07,48.51,59.45,48.35,55.16,5090080,NASDAQ:ALAB
2025-04-08,59.32,61,52.06,53.71,4651439,NASDAQ:ALAB
2025-04-09,54.09,64.78,52,64.33,7028732,NASDAQ:ALAB
2025-04-10,61.23,61.23,56.7,58.86,3995985,NASDAQ:ALAB
2025-04-11,58.74,61.42,58.23,60.13,4529931,NASDAQ:ALAB
2025-04-14,63.29,64.6,57.97,59.41,3722068,NASDAQ:ALAB
2025-04-15,59.4,60.83,58.78,60.08,2316231,NASDAQ:ALAB
2025-04-16,56.56,59.36,56.3,58.79,2777085,NASDAQ:ALAB
2025-04-17,58.34,59.13,56.53,58.96,1942125,NASDAQ:ALAB
2025-04-21,56.9,57.69,52.57,54.42,3176045,NASDAQ:ALAB
2025-04-22,55.51,56.93,54.54,55.31,2487706,NASDAQ:ALAB
2025-04-23,60.74,62.98,59.32,60.15,4450343,NASDAQ:ALAB
2025-04-24,62.01,64.98,61.18,64.55,3024519,NASDAQ:ALAB
2025-04-25,63.97,67.14,63.2,66.11,2982796,NASDAQ:ALAB
2025-04-28,66.48,67.44,64.35,66.08,1869530,NASDAQ:ALAB
2025-04-29,65.68,66.52,64.6,65.65,1508698,NASDAQ:ALAB
2025-04-30,62.51,65.36,62.31,65.31,1747267,NASDAQ:ALAB
2025-05-01,68.6,70.5,68.25,69.22,3831889,NASDAQ:ALAB
2025-05-02,71.59,73.06,70.92,71.27,3199692,NASDAQ:ALAB
2025-05-05,70.75,73.47,70.65,72.15,3061704,NASDAQ:ALAB
2025-05-06,69.54,72.35,68.64,71.36,4119746,NASDAQ:ALAB
2025-05-07,67.36,71.3,63.4,71.09,8753905,NASDAQ:ALAB
2025-05-08,72.93,73.81,69.83,71.64,4702997,NASDAQ:ALAB
2025-05-09,71.7,73.46,69.26,71.2,2695768,NASDAQ:ALAB
2025-05-12,80.04,81.27,76.53,80.28,6341961,NASDAQ:ALAB
2025-05-13,81.32,88.22,81.14,87.76,6657308,NASDAQ:ALAB
2025-05-14,90.36,92.24,86.85,90.66,6111981,NASDAQ:ALAB
2025-05-15,88.4,93.39,88.15,92.19,4406980,NASDAQ:ALAB
2025-05-16,92.16,92.59,89.05,90.56,3859305,NASDAQ:ALAB
2025-05-19,87.32,90.98,87.27,90.29,3560862,NASDAQ:ALAB
2025-05-20,90,94.7,89.03,94.46,4388338,NASDAQ:ALAB
2025-05-21,93.58,96.11,90.63,92.17,5401850,NASDAQ:ALAB
2025-05-22,92.56,98.18,91.62,94.3,4741546,NASDAQ:ALAB
2025-05-23,90.99,95.25,90.7,94.62,3226967,NASDAQ:ALAB
2025-05-27,97.25,99.29,96.4,97.54,3560758,NASDAQ:ALAB
2025-05-28,98.03,99.24,96.41,96.46,3388259,NASDAQ:ALAB
2025-05-29,100,100.19,96.23,96.61,3743240,NASDAQ:ALAB
2025-05-30,94.6,94.79,87.29,90.72,11139258,NASDAQ:ALAB
2025-06-02,89.93,93.18,89.65,92.92,2897226,NASDAQ:ALAB
2025-06-03,94.86,97,93.8,95.09,3533701,NASDAQ:ALAB
2025-06-04,96,98.24,95.02,95.22,3552847,NASDAQ:ALAB
2025-06-05,95.84,96.88,89.88,90.71,4139895,NASDAQ:ALAB
2025-06-06,92.64,92.96,89.81,90.75,2852265,NASDAQ:ALAB
2025-06-09,91.7,93.58,90.27,92.35,2650673,NASDAQ:ALAB
2025-06-10,93,94,88.59,91.46,2461486,NASDAQ:ALAB
2025-06-11,92.03,96,89.81,94.54,4590360,NASDAQ:ALAB
2025-06-12,93.76,97.24,92.51,94.34,2853734,NASDAQ:ALAB
2025-06-13,91,94.2,89.29,89.73,3499703,NASDAQ:ALAB
2025-06-16,91.4,98.1,91.4,95.3,3180637,NASDAQ:ALAB
2025-06-17,94.75,97,92.8,92.91,2829245,NASDAQ:ALAB
2025-06-18,93.1,99.66,92.5,99.53,4531342,NASDAQ:ALAB
2025-06-20,101.3,101.82,91.8,93.08,8080950,NASDAQ:ALAB
2025-06-23,92.45,93.67,85.75,85.95,7162004,NASDAQ:ALAB
2025-06-24,88,88.95,85.25,87.26,7533804,NASDAQ:ALAB
2025-06-25,88.7,89.93,84.78,89.63,5739704,NASDAQ:ALAB
2025-06-26,91.06,99.76,91,97.96,7538308,NASDAQ:ALAB
2025-06-27,97.61,97.94,89.98,91.02,10062384,NASDAQ:ALAB
2025-06-30,92.25,93.98,89.7,90.42,3981546,NASDAQ:ALAB
2025-07-01,89.21,91.06,85.85,88.66,4345049,NASDAQ:ALAB
2025-07-02,88.05,92.68,87.14,88.57,3756556,NASDAQ:ALAB
2025-07-03,89.86,93.17,89,90.8,2438903,NASDAQ:ALAB
2025-07-07,90.23,91.28,89.15,89.62,2707888,NASDAQ:ALAB
2025-07-08,90.06,93.45,90.06,92.3,3590919,NASDAQ:ALAB
2025-07-09,94,100.21,93.53,99.86,5640287,NASDAQ:ALAB
2025-07-10,103.21,103.5,92.8,97.02,6415396,NASDAQ:ALAB
2025-07-11,96,99.56,95.22,95.9,2883765,NASDAQ:ALAB
2025-07-14,95.01,95.4,88.19,90.32,5518358,NASDAQ:ALAB
2025-07-15,94.09,94.14,90.59,92.36,3085997,NASDAQ:ALAB
2025-07-16,92.48,93.18,88.73,91.94,3659077,NASDAQ:ALAB
2025-07-17,92.3,99.14,90.9,97.95,5308518,NASDAQ:ALAB
2025-07-18,99.79,103.99,96.79,102.13,5569337,NASDAQ:ALAB
2025-07-21,110.78,124.21,110.67,121.89,14105748,NASDAQ:ALAB
2025-07-22,116,118,107.64,116.91,7687379,NASDAQ:ALAB
2025-07-23,119.95,125.45,116.01,119.48,6305964,NASDAQ:ALAB
2025-07-24,121.01,122.93,118.15,121.68,3316833,NASDAQ:ALAB
2025-07-25,120.61,123.61,120.11,122.23,2648330,NASDAQ:ALAB
2025-07-28,126.17,129.5,121.76,124.05,4654834,NASDAQ:ALAB
2025-07-29,124.87,125.8,116.51,118.41,6874352,NASDAQ:ALAB
2025-07-30,121.68,130.78,120.98,128.87,7972696,NASDAQ:ALAB
2025-07-31,132.11,143.15,131.8,136.73,8339804,NASDAQ:ALAB
2025-08-01,126.57,134.11,124.02,131.1,6940255,NASDAQ:ALAB
2025-08-04,137.23,142.46,135,137.93,5934091,NASDAQ:ALAB
2025-08-05,138.86,142.23,134.21,135.54,6941118,NASDAQ:ALAB
2025-08-06,164.99,183.62,160.47,174.39,17234708,NASDAQ:ALAB
2025-08-07,175,175.5,165.13,170.89,8765728,NASDAQ:ALAB
2025-08-08,170.01,180.67,169.47,179.28,7065279,NASDAQ:ALAB
2025-08-11,179.11,185.75,175.6,179.43,4769126,NASDAQ:ALAB
2025-08-12,180.91,193.77,180.62,192,7072602,NASDAQ:ALAB
2025-08-13,193.66,199.47,186.02,193.64,4834965,NASDAQ:ALAB
2025-08-14,187,192.37,185.61,190.69,4518885,NASDAQ:ALAB
2025-08-15,185,187.29,181,185.85,4143413,NASDAQ:ALAB
2025-08-18,183.96,187.18,176,186.43,4705082,NASDAQ:ALAB
2025-08-19,183.99,185.34,170,171.06,5361152,NASDAQ:ALAB
2025-08-20,168,172.8,161.39,172.45,5902644,NASDAQ:ALAB
2025-08-21,173.9,180.47,171.85,177.53,4750722,NASDAQ:ALAB
2025-08-22,175.88,186.18,174.58,179.09,4006526,NASDAQ:ALAB
2025-08-25,177.97,179.1,172.01,174.15,3580608,NASDAQ:ALAB
2025-08-26,174.5,180.91,174.15,178.56,2859177,NASDAQ:ALAB
2025-08-27,183.15,184.49,176.03,179.2,2543439,NASDAQ:ALAB
2025-08-28,182.5,191.29,182.35,189.15,4732454,NASDAQ:ALAB
2025-08-29,189.15,189.31,178.56,182.2,3750360,NASDAQ:ALAB
2025-09-02,177.13,180.7,167.5,174.24,5872273,NASDAQ:ALAB
2025-09-03,174.77,179.99,172.5,176.61,3227676,NASDAQ:ALAB
2025-09-04,178.9,188.05,174.51,187.95,7121114,NASDAQ:ALAB
2025-09-05,194.5,197.37,184,191.2,6502946,NASDAQ:ALAB
2025-09-08,194.7,220.69,194.01,216.1,9797759,NASDAQ:ALAB
2025-09-09,213.31,217.92,208.28,214.49,4669694,NASDAQ:ALAB
2025-09-10,225.44,230.88,217,230.37,6204624,NASDAQ:ALAB
2025-09-11,233.74,237.82,228.51,232.9,4051927,NASDAQ:ALAB
2025-09-12,233,234.77,226,229.5,3698976,NASDAQ:ALAB
2025-09-15,229,235.88,226.2,231.29,3254157,NASDAQ:ALAB
2025-09-16,232.89,241.29,231.99,238.79,4370701,NASDAQ:ALAB
2025-09-17,244.23,252.6,236.36,249.38,5925315,NASDAQ:ALAB
2025-09-18,255,262.9,244.05,251.88,6183806,NASDAQ:ALAB
2025-09-19,245.31,249.61,231.18,245.2,22438641,NASDAQ:ALAB
2025-09-22,239.88,243.2,232,237.3,6360511,NASDAQ:ALAB
2025-09-23,236.49,236.49,219.25,230.11,6143565,NASDAQ:ALAB
2025-09-24,212,213.69,195.68,205.27,13345541,NASDAQ:ALAB
2025-09-25,192.55,205.17,191.66,200.64,6227743,NASDAQ:ALAB
2025-09-26,200.54,201.99,193.25,197.78,3317839,NASDAQ:ALAB
2025-09-29,208.22,209.54,198.29,198.8,4092218,NASDAQ:ALAB
2025-09-30,200.69,205.4,189.28,195.8,5498605,NASDAQ:ALAB
2025-10-01,191.79,195.88,186.12,194.5,4896079,NASDAQ:ALAB
2025-10-02,200,211.69,198.2,209.6,6604137,NASDAQ:ALAB
2025-10-03,212.5,214.29,198.28,200.74,5188079,NASDAQ:ALAB
2025-10-06,228.56,232,217,220.81,8726006,NASDAQ:ALAB
2025-10-07,221.11,224.12,205.92,212.1,4777072,NASDAQ:ALAB
2025-10-08,214.74,219.68,211.34,219.36,3672365,NASDAQ:ALAB
2025-10-09,222,229.75,219.15,225.43,4635480,NASDAQ:ALAB
2025-10-10,226.17,230,205.82,206.21,6984434,NASDAQ:ALAB
2025-10-13,214.47,216.27,196,199.53,7648896,NASDAQ:ALAB
2025-10-14,183.84,184,160.12,161.55,17592457,NASDAQ:ALAB
2025-10-15,170.57,170.58,158.35,161.47,7563340,NASDAQ:ALAB
2025-10-16,163.96,167.41,159.8,163.55,6249650,NASDAQ:ALAB
2025-10-17,159.63,160.27,154.5,159.8,5850354,NASDAQ:ALAB
2025-10-20,155.01,159.75,153.4,156.31,5762707,NASDAQ:ALAB
2025-10-21,154.5,161.2,150.33,157.51,4556805,NASDAQ:ALAB
2025-10-22,153.86,158.27,148.51,154.85,5274137,NASDAQ:ALAB
2025-10-23,154.89,166.33,154.89,163.64,5211831,NASDAQ:ALAB
2025-10-24,167.6,170.2,164.34,164.97,4528104,NASDAQ:ALAB
2025-10-27,171,174.23,168,170.28,3950306,NASDAQ:ALAB
2025-10-28,172,174.93,166.73,168.25,2931104,NASDAQ:ALAB
2025-10-29,171,175.5,169.5,173.62,3182850,NASDAQ:ALAB
2025-10-30,168.01,175.64,167.42,169.55,3084501,NASDAQ:ALAB
2025-10-31,181.5,201.86,181,186.68,9392262,NASDAQ:ALAB
2024-10-30,2.8,2.82,2.67,2.67,2549556,NASDAQ:NVTS
2024-10-31,2.65,2.67,2.43,2.47,2964014,NASDAQ:NVTS
2024-11-01,2.51,2.64,2.5,2.58,1987773,NASDAQ:NVTS
2024-11-04,2.69,2.69,2.5,2.61,4640814,NASDAQ:NVTS
2024-11-05,2.25,2.5,2.2,2.36,6141420,NASDAQ:NVTS
2024-11-06,2.36,2.44,2.24,2.3,3668264,NASDAQ:NVTS
2024-11-07,2.27,2.33,2.19,2.2,3443898,NASDAQ:NVTS
2024-11-08,2.2,2.27,2.13,2.16,2915732,NASDAQ:NVTS
2024-11-11,2.17,2.19,1.98,2.04,4834383,NASDAQ:NVTS
2024-11-12,2,2.03,1.87,1.88,4682040,NASDAQ:NVTS
2024-11-13,1.9,1.92,1.77,1.79,5148399,NASDAQ:NVTS
2024-11-14,1.84,1.93,1.8,1.88,3345121,NASDAQ:NVTS
2024-11-15,1.88,1.88,1.76,1.78,2460231,NASDAQ:NVTS
2024-11-18,1.79,1.84,1.75,1.78,2069363,NASDAQ:NVTS
2024-11-19,1.77,1.88,1.76,1.86,1677532,NASDAQ:NVTS
2024-11-20,1.85,1.87,1.79,1.83,1514140,NASDAQ:NVTS
2024-11-21,1.85,2.05,1.81,2.02,2851424,NASDAQ:NVTS
2024-11-22,2.06,2.47,2.06,2.42,7789802,NASDAQ:NVTS
2024-11-25,2.61,2.82,2.54,2.78,7867594,NASDAQ:NVTS
2024-11-26,2.76,2.84,2.51,2.55,4986989,NASDAQ:NVTS
2024-11-27,2.55,2.59,2.34,2.46,3017575,NASDAQ:NVTS
2024-11-29,2.54,2.89,2.48,2.75,4479038,NASDAQ:NVTS
2024-12-02,2.8,3.1,2.77,3.02,7000628,NASDAQ:NVTS
2024-12-03,3,3.29,2.91,3.14,8219124,NASDAQ:NVTS
2024-12-04,3.4,3.8,3.15,3.21,13681466,NASDAQ:NVTS
2024-12-05,3.46,3.99,3.42,3.77,15060468,NASDAQ:NVTS
2024-12-06,4,4.27,3.67,3.77,12959061,NASDAQ:NVTS
2024-12-09,4.1,4.66,3.78,4.33,18999859,NASDAQ:NVTS
2024-12-10,4.5,4.55,4.03,4.35,12551716,NASDAQ:NVTS
2024-12-11,4.45,4.53,4.05,4.08,9506814,NASDAQ:NVTS
2024-12-12,3.86,4.14,3.56,3.6,12038400,NASDAQ:NVTS
2024-12-13,3.75,3.78,3.42,3.44,7413365,NASDAQ:NVTS
2024-12-16,3.4,3.43,3.17,3.24,9135812,NASDAQ:NVTS
2024-12-17,3.25,3.41,3.1,3.26,6714101,NASDAQ:NVTS
2024-12-18,3.31,3.64,3.18,3.3,9846536,NASDAQ:NVTS
2024-12-19,3.32,3.44,2.78,2.81,8612017,NASDAQ:NVTS
2024-12-20,2.77,3.29,2.74,3.17,10230924,NASDAQ:NVTS
2024-12-23,3.25,3.95,3.23,3.86,13979819,NASDAQ:NVTS
2024-12-24,4.12,4.14,3.78,3.98,7800706,NASDAQ:NVTS
2024-12-26,3.94,4.13,3.78,4.12,6144428,NASDAQ:NVTS
2024-12-27,4.14,4.17,3.83,4.03,5118079,NASDAQ:NVTS
2024-12-30,3.85,3.97,3.69,3.9,5295317,NASDAQ:NVTS
2024-12-31,3.92,3.94,3.44,3.57,6228875,NASDAQ:NVTS
2025-01-02,3.66,3.72,3.37,3.49,4968827,NASDAQ:NVTS
2025-01-03,3.52,4,3.46,3.99,6179735,NASDAQ:NVTS
2025-01-06,4.1,4.55,4.06,4.25,9126290,NASDAQ:NVTS
2025-01-07,4.27,4.32,3.86,3.91,5579454,NASDAQ:NVTS
2025-01-08,3.78,3.8,3.36,3.43,5530781,NASDAQ:NVTS
2025-01-10,3.4,3.4,3.14,3.26,4085263,NASDAQ:NVTS
2025-01-13,3.1,3.23,2.92,2.96,5602288,NASDAQ:NVTS
2025-01-14,3.12,3.24,2.96,3.09,4707036,NASDAQ:NVTS
2025-01-15,3.26,3.68,3.19,3.52,5363102,NASDAQ:NVTS
2025-01-16,3.48,3.61,3.31,3.31,3402653,NASDAQ:NVTS
2025-01-17,3.4,3.51,3.26,3.26,2803280,NASDAQ:NVTS
2025-01-21,3.34,3.6,3.25,3.56,3986124,NASDAQ:NVTS
2025-01-22,3.53,3.62,3.3,3.37,3131461,NASDAQ:NVTS
2025-01-23,3.26,3.38,3.21,3.35,2555812,NASDAQ:NVTS
2025-01-24,3.35,3.76,3.35,3.45,4848596,NASDAQ:NVTS
2025-01-27,3.27,3.37,2.97,2.99,5810289,NASDAQ:NVTS
2025-01-28,3.14,3.19,2.91,2.98,3777095,NASDAQ:NVTS
2025-01-29,3,3.1,2.9,2.98,2216653,NASDAQ:NVTS
2025-01-30,3.03,3.08,2.95,3.03,2312123,NASDAQ:NVTS
2025-01-31,3.02,3.42,3.02,3.03,4990907,NASDAQ:NVTS
2025-02-03,2.83,3.01,2.8,2.9,3507506,NASDAQ:NVTS
2025-02-04,2.9,3.07,2.87,3.01,2264131,NASDAQ:NVTS
2025-02-05,3.05,3.25,3.01,3.14,3145290,NASDAQ:NVTS
2025-02-06,3.17,3.23,3.01,3.04,2487026,NASDAQ:NVTS
2025-02-07,3.04,3.14,2.95,2.97,2704572,NASDAQ:NVTS
2025-02-10,2.99,3.04,2.9,2.91,2758297,NASDAQ:NVTS
2025-02-11,2.86,2.9,2.76,2.76,2841827,NASDAQ:NVTS
2025-02-12,2.68,2.89,2.68,2.85,2698994,NASDAQ:NVTS
2025-02-13,2.85,2.98,2.82,2.9,3984350,NASDAQ:NVTS
2025-02-14,2.92,3.06,2.92,3,3321758,NASDAQ:NVTS
2025-02-18,3.04,3.62,3.03,3.33,8311197,NASDAQ:NVTS
2025-02-19,3.36,3.55,3.3,3.44,4865203,NASDAQ:NVTS
2025-02-20,3.4,3.44,3.26,3.4,2247881,NASDAQ:NVTS
2025-02-21,3.48,3.6,3.17,3.17,3121802,NASDAQ:NVTS
2025-02-24,3.15,3.15,2.89,2.89,5898049,NASDAQ:NVTS
2025-02-25,2.32,2.56,2.26,2.39,9821044,NASDAQ:NVTS
2025-02-26,2.43,2.69,2.42,2.6,4773763,NASDAQ:NVTS
2025-02-27,2.65,2.71,2.37,2.38,4910271,NASDAQ:NVTS
2025-02-28,2.35,2.52,2.3,2.44,4064016,NASDAQ:NVTS
2025-03-03,2.51,2.52,2.26,2.29,4114169,NASDAQ:NVTS
2025-03-04,2.2,2.53,2.19,2.44,3368226,NASDAQ:NVTS
2025-03-05,2.46,2.68,2.43,2.64,4707497,NASDAQ:NVTS
2025-03-06,2.5,2.67,2.48,2.49,3695065,NASDAQ:NVTS
2025-03-07,2.48,2.61,2.41,2.54,4029934,NASDAQ:NVTS
2025-03-10,2.45,2.51,2.23,2.24,4031993,NASDAQ:NVTS
2025-03-11,2.34,2.59,2.27,2.54,4648023,NASDAQ:NVTS
2025-03-12,2.64,2.64,2.44,2.44,3662385,NASDAQ:NVTS
2025-03-13,2.38,2.46,2.21,2.24,4927654,NASDAQ:NVTS
2025-03-14,2.32,2.56,2.28,2.5,5025722,NASDAQ:NVTS
2025-03-17,2.52,2.69,2.5,2.65,4123388,NASDAQ:NVTS
2025-03-18,2.6,2.62,2.47,2.48,3740646,NASDAQ:NVTS
2025-03-19,2.49,2.6,2.45,2.53,3538711,NASDAQ:NVTS
2025-03-20,2.46,2.48,2.27,2.33,4722722,NASDAQ:NVTS
2025-03-21,2.33,2.38,2.29,2.33,4234839,NASDAQ:NVTS
2025-03-24,2.41,2.41,2.2,2.26,6438155,NASDAQ:NVTS
2025-03-25,2.26,2.33,2.15,2.21,4439349,NASDAQ:NVTS
2025-03-26,2.2,2.22,2.11,2.13,3126449,NASDAQ:NVTS
2025-03-27,2.12,2.12,2.03,2.04,3309902,NASDAQ:NVTS
2025-03-28,2.03,2.03,1.82,1.83,6719024,NASDAQ:NVTS
2025-03-31,1.81,2.06,1.8,2.05,5314846,NASDAQ:NVTS
2025-04-01,2.03,2.04,1.89,2,4676431,NASDAQ:NVTS
2025-04-02,1.94,1.99,1.89,1.91,4020034,NASDAQ:NVTS
2025-04-03,1.83,1.84,1.6,1.61,6165480,NASDAQ:NVTS
2025-04-04,1.54,1.82,1.52,1.81,6667212,NASDAQ:NVTS
2025-04-07,1.61,1.95,1.6,1.75,6918681,NASDAQ:NVTS
2025-04-08,1.85,1.87,1.59,1.63,3918169,NASDAQ:NVTS
2025-04-09,1.59,1.95,1.55,1.9,7977219,NASDAQ:NVTS
2025-04-10,1.85,1.85,1.71,1.76,3158763,NASDAQ:NVTS
2025-04-11,1.79,1.85,1.71,1.8,2140208,NASDAQ:NVTS
2025-04-14,1.82,1.84,1.7,1.74,3416513,NASDAQ:NVTS
2025-04-15,1.73,1.77,1.7,1.74,1813769,NASDAQ:NVTS
2025-04-16,1.71,1.78,1.67,1.73,2704829,NASDAQ:NVTS
2025-04-17,1.74,1.84,1.72,1.82,1938826,NASDAQ:NVTS
2025-04-21,1.79,1.82,1.73,1.8,2716151,NASDAQ:NVTS
2025-04-22,1.84,1.87,1.77,1.8,2670383,NASDAQ:NVTS
2025-04-23,1.89,1.98,1.83,1.86,3087345,NASDAQ:NVTS
2025-04-24,1.87,2.04,1.87,2.03,4006428,NASDAQ:NVTS
2025-04-25,2.03,2.05,1.95,2.05,2131779,NASDAQ:NVTS
2025-04-28,2.01,2.07,1.95,2.01,2266418,NASDAQ:NVTS
2025-04-29,2,2.03,1.93,1.96,2144339,NASDAQ:NVTS
2025-04-30,1.93,1.94,1.85,1.93,2780363,NASDAQ:NVTS
2025-05-01,1.94,2,1.9,1.91,1867003,NASDAQ:NVTS
2025-05-02,1.98,2.1,1.96,2.05,2945567,NASDAQ:NVTS
2025-05-05,2.03,2.06,1.98,2,2416057,NASDAQ:NVTS
2025-05-06,1.9,1.94,1.8,1.91,2773074,NASDAQ:NVTS
2025-05-07,1.9,1.96,1.9,1.96,2125311,NASDAQ:NVTS
2025-05-08,1.98,2,1.85,1.9,4347391,NASDAQ:NVTS
2025-05-09,1.89,1.99,1.83,1.88,2940214,NASDAQ:NVTS
2025-05-12,2,2.16,2,2.07,5841275,NASDAQ:NVTS
2025-05-13,2.07,2.19,2.07,2.14,3205692,NASDAQ:NVTS
2025-05-14,2.16,2.18,2.04,2.09,2419311,NASDAQ:NVTS
2025-05-15,2.04,2.09,1.99,2.07,2721985,NASDAQ:NVTS
2025-05-16,2.08,2.11,2.05,2.08,2346627,NASDAQ:NVTS
2025-05-19,2.01,2.04,1.97,2.03,1495677,NASDAQ:NVTS
2025-05-20,2.02,2.05,1.96,2,2344647,NASDAQ:NVTS
2025-05-21,1.98,2.06,1.88,1.91,61759439,NASDAQ:NVTS
2025-05-22,1.98,2.06,1.88,1.91,49530232,NASDAQ:NVTS
2025-05-23,4.51,4.92,4.22,4.41,78011119,NASDAQ:NVTS
2025-05-27,4.54,7.53,4.54,6.5,271628298,NASDAQ:NVTS
2025-05-28,7.03,7.11,6.13,6.16,140280291,NASDAQ:NVTS
2025-05-29,6.54,7.02,5.22,5.39,105072523,NASDAQ:NVTS
2025-05-30,5.25,5.4,4.95,5.1,45067539,NASDAQ:NVTS
2025-06-02,5.03,5.65,4.99,5.52,57625739,NASDAQ:NVTS
2025-06-03,5.82,6.59,5.44,5.94,93332231,NASDAQ:NVTS
2025-06-04,6.16,6.99,5.83,6.78,103350935,NASDAQ:NVTS
2025-06-05,6.83,6.84,5.88,6.05,66102589,NASDAQ:NVTS
2025-06-06,6.41,6.6,6,6.18,43949497,NASDAQ:NVTS
2025-06-09,6.37,7.88,6.3,7.3,127280895,NASDAQ:NVTS
2025-06-10,7.98,8.64,7.53,8.09,133001590,NASDAQ:NVTS
2025-06-11,8.53,9.17,7.65,7.96,104392097,NASDAQ:NVTS
2025-06-12,7.76,8.3,7.68,7.81,47982819,NASDAQ:NVTS
2025-06-13,7.4,7.8,7.21,7.32,40696648,NASDAQ:NVTS
2025-06-16,7.55,7.99,7.04,7.19,60072732,NASDAQ:NVTS
2025-06-17,6.95,7.06,6.6,6.86,34144928,NASDAQ:NVTS
2025-06-18,6.82,7.2,6.8,7,29494096,NASDAQ:NVTS
2025-06-20,7.11,7.47,6.68,7.01,30968150,NASDAQ:NVTS
2025-06-23,6.8,7.31,6.31,6.52,42358347,NASDAQ:NVTS
2025-06-24,6.81,7.39,6.67,7.35,43421870,NASDAQ:NVTS
2025-06-25,7.64,7.99,7,7.02,35339182,NASDAQ:NVTS
2025-06-26,7.13,7.34,6.59,6.61,44514561,NASDAQ:NVTS
2025-06-27,6.7,6.77,6.47,6.67,28133980,NASDAQ:NVTS
2025-06-30,6.6,6.73,6.4,6.55,26774532,NASDAQ:NVTS
2025-07-01,6.37,6.46,6.06,6.27,24429777,NASDAQ:NVTS
2025-07-02,6.38,6.6,6.23,6.32,16457982,NASDAQ:NVTS
2025-07-03,6.33,6.56,6.26,6.44,15163296,NASDAQ:NVTS
2025-07-07,6.33,6.34,5.99,6.15,19121053,NASDAQ:NVTS
2025-07-08,6.21,6.64,6.2,6.58,21156972,NASDAQ:NVTS
2025-07-09,6.56,6.62,6.27,6.43,13805758,NASDAQ:NVTS
2025-07-10,6.43,6.54,6.23,6.26,16119466,NASDAQ:NVTS
2025-07-11,6.24,6.24,5.81,5.84,19182289,NASDAQ:NVTS
2025-07-14,5.82,5.93,5.68,5.87,15097785,NASDAQ:NVTS
2025-07-15,6.25,6.5,6.11,6.23,31072671,NASDAQ:NVTS
2025-07-16,6.21,6.23,5.92,6.15,15113826,NASDAQ:NVTS
2025-07-17,6.17,6.41,6.06,6.27,16530521,NASDAQ:NVTS
2025-07-18,6.37,6.98,6.33,6.79,30469096,NASDAQ:NVTS
2025-07-21,7.48,9.48,7.39,8.47,120768520,NASDAQ:NVTS
2025-07-22,8.79,8.84,7.8,8.62,53360684,NASDAQ:NVTS
2025-07-23,8.48,8.83,8.08,8.82,28880796,NASDAQ:NVTS
2025-07-24,8.87,9.28,8.42,8.98,32622227,NASDAQ:NVTS
2025-07-25,8.88,9.2,8.55,8.79,21875538,NASDAQ:NVTS
2025-07-28,8.88,9.48,8.33,8.56,27872860,NASDAQ:NVTS
2025-07-29,8.45,8.51,7.5,7.52,27836785,NASDAQ:NVTS
2025-07-30,7.57,7.61,7.1,7.21,19200353,NASDAQ:NVTS
2025-07-31,7.55,7.79,7.31,7.33,20828679,NASDAQ:NVTS
2025-08-01,7.02,8.19,6.95,7.96,32571996,NASDAQ:NVTS
2025-08-04,8.05,8.28,7.81,8.05,38057535,NASDAQ:NVTS
2025-08-05,6.28,7.28,6.24,6.77,57341279,NASDAQ:NVTS
2025-08-06,6.71,6.75,6.33,6.35,21336383,NASDAQ:NVTS
2025-08-07,6.5,6.96,6.47,6.79,26008314,NASDAQ:NVTS
2025-08-08,6.9,7,6.53,6.66,20807973,NASDAQ:NVTS
2025-08-11,6.72,7.05,6.54,6.6,15602537,NASDAQ:NVTS
2025-08-12,6.61,7.02,6.51,6.96,16536036,NASDAQ:NVTS
2025-08-13,7.04,7.56,7.03,7.36,21211761,NASDAQ:NVTS
2025-08-14,7.08,7.29,6.95,7.25,14031287,NASDAQ:NVTS
2025-08-15,7.2,7.24,6.77,6.92,13044304,NASDAQ:NVTS
2025-08-18,6.83,6.91,6.6,6.77,10217549,NASDAQ:NVTS
2025-08-19,6.77,6.84,6.42,6.43,12945023,NASDAQ:NVTS
2025-08-20,6.38,6.42,6.02,6.25,11302558,NASDAQ:NVTS
2025-08-21,6.19,6.25,6.09,6.21,7502003,NASDAQ:NVTS
2025-08-22,6.2,6.58,6.16,6.43,12638194,NASDAQ:NVTS
2025-08-25,6.29,6.42,6.2,6.2,10228339,NASDAQ:NVTS
2025-08-26,6.29,6.34,6.05,6.09,16832972,NASDAQ:NVTS
2025-08-27,6.12,6.14,5.96,6.07,11446412,NASDAQ:NVTS
2025-08-28,6.14,6.29,6.03,6.04,11584726,NASDAQ:NVTS
2025-08-29,6.02,6.06,5.79,5.86,12831492,NASDAQ:NVTS
2025-09-02,5.72,5.88,5.61,5.76,10691523,NASDAQ:NVTS
2025-09-03,5.77,5.85,5.67,5.73,9690119,NASDAQ:NVTS
2025-09-04,5.64,5.75,5.52,5.54,10615083,NASDAQ:NVTS
2025-09-05,5.65,5.79,5.44,5.6,14535005,NASDAQ:NVTS
2025-09-08,5.66,5.83,5.51,5.61,12858619,NASDAQ:NVTS
2025-09-09,5.69,5.81,5.64,5.76,13555334,NASDAQ:NVTS
2025-09-10,5.96,6.03,5.63,5.64,18000387,NASDAQ:NVTS
2025-09-11,5.67,6.21,5.66,6.08,21909036,NASDAQ:NVTS
2025-09-12,6.35,6.51,6.13,6.17,31238403,NASDAQ:NVTS
2025-09-15,6.23,6.3,5.97,6.11,17576328,NASDAQ:NVTS
2025-09-16,6.13,6.18,5.86,5.89,13645518,NASDAQ:NVTS
2025-09-17,5.89,6.54,5.83,6.46,28721567,NASDAQ:NVTS
2025-09-18,6.74,6.92,6.46,6.73,26796615,NASDAQ:NVTS
2025-09-19,6.69,7.16,6.52,7.01,31351570,NASDAQ:NVTS
2025-09-22,7,7.33,6.63,7.16,23495777,NASDAQ:NVTS
2025-09-23,7.14,7.18,6.72,6.88,21652528,NASDAQ:NVTS
2025-09-24,6.9,7.35,6.77,6.86,19816959,NASDAQ:NVTS
2025-09-25,6.54,6.66,6.31,6.51,16528489,NASDAQ:NVTS
2025-09-26,6.45,6.48,6.22,6.43,11984422,NASDAQ:NVTS
2025-09-29,6.81,7.54,6.79,7.19,43663507,NASDAQ:NVTS
2025-09-30,7.12,7.32,6.83,7.22,24484020,NASDAQ:NVTS
2025-10-01,7.13,7.37,7.04,7.3,40175759,NASDAQ:NVTS
2025-10-02,7.8,8.44,7.73,8.2,60483658,NASDAQ:NVTS
2025-10-03,8.47,8.49,7.5,7.82,34096685,NASDAQ:NVTS
2025-10-06,8.04,8.24,7.66,8.13,34691782,NASDAQ:NVTS
2025-10-07,8.21,8.74,7.57,7.78,45204595,NASDAQ:NVTS
2025-10-08,7.81,8.41,7.5,7.74,71534610,NASDAQ:NVTS
2025-10-09,7.85,8.03,7.55,8,122956676,NASDAQ:NVTS
2025-10-10,8,9.79,7.96,8.23,95195940,NASDAQ:NVTS
2025-10-13,8.6,10.41,8.5,9.97,147107417,NASDAQ:NVTS
2025-10-14,12.45,13.33,10.92,12.57,157929925,NASDAQ:NVTS
2025-10-15,13.12,15.44,12.88,15.16,148371355,NASDAQ:NVTS
2025-10-16,15.24,16.85,14.69,15.63,144343743,NASDAQ:NVTS
2025-10-17,14.29,15.78,14.02,14.66,75353055,NASDAQ:NVTS
2025-10-20,14.83,17.79,14.82,17.1,91241414,NASDAQ:NVTS
2025-10-21,16.77,16.9,14.74,15.03,59296619,NASDAQ:NVTS
2025-10-22,14.4,15.19,12.47,13.61,54948129,NASDAQ:NVTS
2025-10-23,14.11,14.25,13.35,13.61,29194345,NASDAQ:NVTS
2025-10-24,14.15,14.87,13.8,14.07,34972732,NASDAQ:NVTS
2025-10-27,14.78,15.14,13.24,13.91,39211925,NASDAQ:NVTS
2025-10-28,13.74,14.12,12.61,12.83,28553130,NASDAQ:NVTS
2025-10-29,13.18,13.95,12.89,13.57,30130481,NASDAQ:NVTS
2025-10-30,13.06,13.17,12.38,12.56,23457784,NASDAQ:NVTS
2025-10-31,13.1,13.56,12.68,13.46,27040580,NASDAQ:NVTS
2024-10-30,64.3,65.43,63.01,63.09,217861,NASDAQ:POWI
2024-10-31,62.97,62.97,60.04,60.43,334568,NASDAQ:POWI
2024-11-01,60.66,62.97,60.66,62.83,360825,NASDAQ:POWI
2024-11-04,62.48,64.13,61.89,63.48,432247,NASDAQ:POWI
2024-11-05,62.87,64.66,62.39,64.58,594163,NASDAQ:POWI
2024-11-06,65.5,69.53,65.5,66.43,892525,NASDAQ:POWI
2024-11-07,68.58,68.64,64.18,65.38,744641,NASDAQ:POWI
2024-11-08,64.66,66.35,64.52,66.31,535878,NASDAQ:POWI
2024-11-11,66.56,66.56,64.04,65.06,429072,NASDAQ:POWI
2024-11-12,64.38,65.25,63.11,63.98,412201,NASDAQ:POWI
2024-11-13,63.59,64.68,63.08,63.33,506634,NASDAQ:POWI
2024-11-14,63.24,64.1,61.36,62.11,505995,NASDAQ:POWI
2024-11-15,62,62,59.95,60.04,350188,NASDAQ:POWI
2024-11-18,59.88,61.16,59.81,60.59,362704,NASDAQ:POWI
2024-11-19,59.68,60.68,59.64,60.46,290239,NASDAQ:POWI
2024-11-20,59.97,61.19,59.82,61.14,273742,NASDAQ:POWI
2024-11-21,61.84,62.85,60.78,62.41,272693,NASDAQ:POWI
2024-11-22,62.42,63.84,62.42,63.68,250159,NASDAQ:POWI
2024-11-25,64.49,68.37,64.25,68.05,793331,NASDAQ:POWI
2024-11-26,68.15,68.86,65.53,65.66,505183,NASDAQ:POWI
2024-11-27,65.91,66.57,64.07,64.77,294977,NASDAQ:POWI
2024-11-29,65,66.49,64.74,65.51,225952,NASDAQ:POWI
2024-12-02,65.61,67.64,65.1,67.13,303044,NASDAQ:POWI
2024-12-03,66.6,67.63,65.9,66.09,391955,NASDAQ:POWI
2024-12-04,66.87,66.88,63.41,63.89,429837,NASDAQ:POWI
2024-12-05,63.58,64.18,62.24,62.67,351591,NASDAQ:POWI
2024-12-06,63.26,63.91,62.47,63.14,309131,NASDAQ:POWI
2024-12-09,63.36,67.67,63.3,66.33,265648,NASDAQ:POWI
2024-12-10,66.05,66.05,64.13,65.03,279005,NASDAQ:POWI
2024-12-11,65.45,66.92,65.14,65.43,252222,NASDAQ:POWI
2024-12-12,65.06,66.14,64.38,65.82,365339,NASDAQ:POWI
2024-12-13,65.82,66.14,64.23,64.73,448924,NASDAQ:POWI
2024-12-16,64.76,65.57,63.81,64.79,344228,NASDAQ:POWI
2024-12-17,64.37,65.61,63.25,65.06,283208,NASDAQ:POWI
2024-12-18,65.81,66.55,61.57,62.42,559186,NASDAQ:POWI
2024-12-19,62.51,63.42,60.91,61.22,419497,NASDAQ:POWI
2024-12-20,60.56,62.76,60.56,61.7,1077524,NASDAQ:POWI
2024-12-23,62,63.37,61.62,62.41,287401,NASDAQ:POWI
2024-12-24,62.43,63.24,62.01,63.17,92557,NASDAQ:POWI
2024-12-26,62.45,64.29,62.45,63.8,149642,NASDAQ:POWI
2024-12-27,63.48,63.81,62.43,63,172462,NASDAQ:POWI
2024-12-30,62.38,62.41,61.24,61.8,200242,NASDAQ:POWI
2024-12-31,62.05,62.61,61.43,61.7,347800,NASDAQ:POWI
2025-01-02,62.38,63.53,60.29,60.75,620630,NASDAQ:POWI
2025-01-03,60.99,62.29,60.38,61.74,255222,NASDAQ:POWI
2025-01-06,62.86,65.17,62.86,63.33,299080,NASDAQ:POWI
2025-01-07,63.78,64.52,62.15,62.56,377347,NASDAQ:POWI
2025-01-08,61.94,62.15,60.36,61.36,431779,NASDAQ:POWI
2025-01-10,60.28,60.37,59.11,59.88,328029,NASDAQ:POWI
2025-01-13,58.79,60.41,58.79,60.1,434782,NASDAQ:POWI
2025-01-14,60.94,61.74,60.4,61.63,413147,NASDAQ:POWI
2025-01-15,63.16,63.67,62.24,62.65,393734,NASDAQ:POWI
2025-01-16,63.1,63.87,60.88,60.9,453416,NASDAQ:POWI
2025-01-17,62,62.5,61.79,62.22,545637,NASDAQ:POWI
2025-01-21,62.83,64.08,62.49,63.25,405939,NASDAQ:POWI
2025-01-22,63.1,64.22,62.75,62.93,409013,NASDAQ:POWI
2025-01-23,61.78,62.96,61.36,62.94,443362,NASDAQ:POWI
2025-01-24,62.41,63,61.5,61.93,499929,NASDAQ:POWI
2025-01-27,61.33,62.53,60.19,60.99,504302,NASDAQ:POWI
2025-01-28,60.76,61.44,58.06,58.86,458140,NASDAQ:POWI
2025-01-29,58.99,59.85,58.7,59.11,379619,NASDAQ:POWI
2025-01-30,59.67,60.3,59.36,60.05,347964,NASDAQ:POWI
2025-01-31,60.05,63.46,60.05,62.32,783737,NASDAQ:POWI
2025-02-03,61.74,61.74,58.92,60.37,396592,NASDAQ:POWI
2025-02-04,60.14,61.27,60.14,61.21,408893,NASDAQ:POWI
2025-02-05,61.37,62.94,60.86,62.5,340297,NASDAQ:POWI
2025-02-06,62.5,62.66,60.09,60.75,644494,NASDAQ:POWI
2025-02-07,63.1,64.63,59.25,59.68,948410,NASDAQ:POWI
2025-02-10,59.8,60.2,56.97,57.86,646325,NASDAQ:POWI
2025-02-11,57.28,59.18,57.28,58.34,369370,NASDAQ:POWI
2025-02-12,57.84,59.37,57.4,59.09,342467,NASDAQ:POWI
2025-02-13,59.28,60.08,59.03,59.77,236900,NASDAQ:POWI
2025-02-14,59.77,60.2,59.31,59.58,301361,NASDAQ:POWI
2025-02-18,59.77,61.88,59.77,61.81,456091,NASDAQ:POWI
2025-02-19,61.81,65.03,61.77,64.48,685610,NASDAQ:POWI
2025-02-20,65.02,66.82,65.02,66.7,954359,NASDAQ:POWI
2025-02-21,67.23,68.2,64.41,64.76,1319762,NASDAQ:POWI
2025-02-24,64.78,65.74,63.46,64.89,650673,NASDAQ:POWI
2025-02-25,64.89,65.03,62.93,63.57,798176,NASDAQ:POWI
2025-02-26,64.62,65.45,63.37,64.35,577025,NASDAQ:POWI
2025-02-27,63.99,64.35,60.59,60.6,677316,NASDAQ:POWI
2025-02-28,60.55,61.35,59.51,60.8,466031,NASDAQ:POWI
2025-03-03,61.59,61.71,58.21,58.43,468706,NASDAQ:POWI
2025-03-04,58.25,60.19,57.52,58.84,718963,NASDAQ:POWI
2025-03-05,59.33,59.97,57.71,59.45,578232,NASDAQ:POWI
2025-03-06,58.14,60.38,57.8,59.67,290269,NASDAQ:POWI
2025-03-07,59.85,63.04,59.21,62.78,548132,NASDAQ:POWI
2025-03-10,61.79,62.24,59.27,59.37,746995,NASDAQ:POWI
2025-03-11,59.4,59.45,54.55,55.46,786463,NASDAQ:POWI
2025-03-12,55.71,56.84,55.41,56.62,537426,NASDAQ:POWI
2025-03-13,56.35,57.66,55.62,56.09,742909,NASDAQ:POWI
2025-03-14,57.22,57.46,56.49,57.25,585461,NASDAQ:POWI
2025-03-17,56.83,58.08,56.59,57.72,421911,NASDAQ:POWI
2025-03-18,57.36,57.95,56.48,57.27,344157,NASDAQ:POWI
2025-03-19,57.05,57.98,56.57,57.16,328590,NASDAQ:POWI
2025-03-20,56.9,56.92,55.54,55.59,466677,NASDAQ:POWI
2025-03-21,54.68,55.56,54.04,54.88,808101,NASDAQ:POWI
2025-03-24,56,57.22,54.52,56.45,345555,NASDAQ:POWI
2025-03-25,55.85,56.91,55.61,55.74,307473,NASDAQ:POWI
2025-03-26,55.68,55.97,54.78,55.35,258523,NASDAQ:POWI
2025-03-27,54.89,55.34,53.83,54.55,443124,NASDAQ:POWI
2025-03-28,54.12,54.42,50.95,50.98,544662,NASDAQ:POWI
2025-03-31,50.36,51.23,49.57,50.5,808892,NASDAQ:POWI
2025-04-01,50.22,53.02,48.93,51.24,753219,NASDAQ:POWI
2025-04-02,50.16,52.15,50.09,51.32,517133,NASDAQ:POWI
2025-04-03,51.96,51.96,44.85,44.9,782751,NASDAQ:POWI
2025-04-04,43.13,44.5,41.19,43.68,1337835,NASDAQ:POWI
2025-04-07,41.74,46.38,41.11,43.28,1535149,NASDAQ:POWI
2025-04-08,44.62,45,40.78,42.13,1104181,NASDAQ:POWI
2025-04-09,42.25,48.64,41.37,48.33,979545,NASDAQ:POWI
2025-04-10,46.19,46.44,43.11,44.61,619036,NASDAQ:POWI
2025-04-11,44.16,45.32,42.77,45.09,627222,NASDAQ:POWI
2025-04-14,46.57,47.14,44.6,45.99,640510,NASDAQ:POWI
2025-04-15,46.4,46.62,45.32,45.56,436650,NASDAQ:POWI
2025-04-16,44.23,45.21,43.45,44.92,383055,NASDAQ:POWI
2025-04-17,44.95,45.45,44.34,45.41,380096,NASDAQ:POWI
2025-04-21,44.47,46.3,43.65,46.26,477555,NASDAQ:POWI
2025-04-22,46.63,47.14,45.44,46.24,510995,NASDAQ:POWI
2025-04-23,47.95,49.36,46.94,47.16,407290,NASDAQ:POWI
2025-04-24,47.92,50.37,47.86,50.19,510521,NASDAQ:POWI
2025-04-25,49.28,50.7,48.96,50.68,403880,NASDAQ:POWI
2025-04-28,50.37,50.96,49.57,50.47,477169,NASDAQ:POWI
2025-04-29,49.27,50.13,49.17,49.19,450212,NASDAQ:POWI
2025-04-30,48.39,49.3,47.13,49.12,647942,NASDAQ:POWI
2025-05-01,49.12,50.19,48.48,49.26,813150,NASDAQ:POWI
2025-05-02,50.44,51.69,50.16,51.13,407014,NASDAQ:POWI
2025-05-05,50.18,51.34,50.18,50.54,448992,NASDAQ:POWI
2025-05-06,49.76,50.45,48.8,50.1,401683,NASDAQ:POWI
2025-05-07,49.9,50.56,49.24,50.33,403883,NASDAQ:POWI
2025-05-08,51.36,52.41,50.56,51.74,399650,NASDAQ:POWI
2025-05-09,52.46,55.38,51.4,54.11,802192,NASDAQ:POWI
2025-05-12,58.11,59.24,57.62,59.01,1041534,NASDAQ:POWI
2025-05-13,58.52,58.52,54.25,55.35,1188236,NASDAQ:POWI
2025-05-14,55.12,55.97,54.22,54.82,795267,NASDAQ:POWI
2025-05-15,54.5,55.01,53.85,54.26,524331,NASDAQ:POWI
2025-05-16,54.3,54.95,53.78,53.97,641359,NASDAQ:POWI
2025-05-19,52.8,52.94,52.16,52.58,436235,NASDAQ:POWI
2025-05-20,52.19,53.03,51.98,52.83,376769,NASDAQ:POWI
2025-05-21,52.51,52.96,50.92,51.19,400543,NASDAQ:POWI
2025-05-22,51.52,51.71,50.44,50.51,419190,NASDAQ:POWI
2025-05-23,49.04,50.32,49.04,49.86,479531,NASDAQ:POWI
2025-05-27,50.94,51.74,50.51,51.18,435713,NASDAQ:POWI
2025-05-28,51.11,51.56,49.86,49.94,372171,NASDAQ:POWI
2025-05-29,51.02,51.02,49.9,50.64,355799,NASDAQ:POWI
2025-05-30,50,50.24,49.11,49.73,861513,NASDAQ:POWI
2025-06-02,49.7,50.89,49.34,49.71,685924,NASDAQ:POWI
2025-06-03,49.76,51.39,49.38,50.92,1238607,NASDAQ:POWI
2025-06-04,51.55,54.9,51.42,54.55,1023724,NASDAQ:POWI
2025-06-05,54.83,55.43,53.73,53.76,530892,NASDAQ:POWI
2025-06-06,54.64,56.1,54.36,54.74,463776,NASDAQ:POWI
2025-06-09,55.45,57.37,55.4,56.85,418180,NASDAQ:POWI
2025-06-10,57.25,58.97,56.74,58.03,430333,NASDAQ:POWI
2025-06-11,58.52,58.52,57.19,57.79,308616,NASDAQ:POWI
2025-06-12,57.01,58.18,56.74,57.62,310153,NASDAQ:POWI
2025-06-13,56.29,56.95,55,55.13,369833,NASDAQ:POWI
2025-06-16,56.11,57.16,55.67,56.69,379479,NASDAQ:POWI
2025-06-17,55.74,56.36,54.4,54.45,552982,NASDAQ:POWI
2025-06-18,54.54,55.49,53.66,54.04,647860,NASDAQ:POWI
2025-06-20,54.47,55.19,53.17,53.49,836195,NASDAQ:POWI
2025-06-23,53.68,55.06,53.5,54.87,401341,NASDAQ:POWI
2025-06-24,55.93,56.44,55.5,55.96,305383,NASDAQ:POWI
2025-06-25,56.04,56.62,55.5,55.99,264545,NASDAQ:POWI
2025-06-26,56.05,56.83,56.05,56.45,238573,NASDAQ:POWI
2025-06-27,55.62,56.83,55.16,55.75,473239,NASDAQ:POWI
2025-06-30,56.24,56.45,55.39,55.9,374193,NASDAQ:POWI
2025-07-01,55.26,59.05,55.26,57.58,515541,NASDAQ:POWI
2025-07-02,57.67,59.46,57.52,59.17,394646,NASDAQ:POWI
2025-07-03,59.38,60.12,59.1,59.54,208286,NASDAQ:POWI
2025-07-07,58.61,59.09,56.37,56.45,412397,NASDAQ:POWI
2025-07-08,57.12,58.99,56.75,58.26,519424,NASDAQ:POWI
2025-07-09,58.17,59.48,57.05,58.08,384959,NASDAQ:POWI
2025-07-10,58.7,59.35,58.29,58.7,370972,NASDAQ:POWI
2025-07-11,57.95,58.27,57.52,58.04,345749,NASDAQ:POWI
2025-07-14,57.53,57.53,55.83,56.66,271492,NASDAQ:POWI
2025-07-15,56.62,57.43,54.02,54.05,482539,NASDAQ:POWI
2025-07-16,54.07,55.56,53.05,53.7,616682,NASDAQ:POWI
2025-07-17,53.49,54.73,53.49,54.16,333092,NASDAQ:POWI
2025-07-18,55.08,55.28,54.06,54.25,350385,NASDAQ:POWI
2025-07-21,54.76,55.55,54.31,54.32,291415,NASDAQ:POWI
2025-07-22,54.32,54.73,53.63,54.01,368904,NASDAQ:POWI
2025-07-23,53.59,53.95,52.01,53,314320,NASDAQ:POWI
2025-07-24,52.44,53.08,51.59,52.42,425683,NASDAQ:POWI
2025-07-25,52.46,52.51,51.91,52.01,261230,NASDAQ:POWI
2025-07-28,52.3,53.43,52.24,52.48,411581,NASDAQ:POWI
2025-07-29,52.95,53.01,50.71,50.74,714272,NASDAQ:POWI
2025-07-30,51.35,51.35,48.9,49.66,1026357,NASDAQ:POWI
2025-07-31,48.85,49.48,47.74,48.52,816535,NASDAQ:POWI
2025-08-01,47.66,48.4,47.38,47.63,681879,NASDAQ:POWI
2025-08-04,47.93,49.41,47.92,49.37,655270,NASDAQ:POWI
2025-08-05,49.32,50.3,48.09,48.29,680220,NASDAQ:POWI
2025-08-06,47.93,48.04,46.77,47.49,590216,NASDAQ:POWI
2025-08-07,40.43,43.74,39.53,43.13,1660733,NASDAQ:POWI
2025-08-08,43.32,45.1,42.92,44.18,859547,NASDAQ:POWI
2025-08-11,44.25,45.33,43.49,43.84,1060975,NASDAQ:POWI
2025-08-12,44.85,46.28,44.19,46.22,853114,NASDAQ:POWI
2025-08-13,46.37,48.54,46.27,48.44,650341,NASDAQ:POWI
2025-08-14,47.25,47.7,46.2,47.26,474916,NASDAQ:POWI
2025-08-15,47.4,47.61,46.1,46.3,518595,NASDAQ:POWI
2025-08-18,46.41,46.94,46.01,46.26,449090,NASDAQ:POWI
2025-08-19,46.31,47.11,46.11,46.51,651198,NASDAQ:POWI
2025-08-20,46.58,46.58,45.19,45.6,619210,NASDAQ:POWI
2025-08-21,44.83,45.49,44.81,45.05,666321,NASDAQ:POWI
2025-08-22,45.85,48,45.25,47.42,552429,NASDAQ:POWI
2025-08-25,47.25,47.63,46.48,46.51,422454,NASDAQ:POWI
2025-08-26,46.81,47.02,45.93,46.1,535107,NASDAQ:POWI
2025-08-27,46.28,46.95,45.48,46.73,539972,NASDAQ:POWI
2025-08-28,47.13,47.17,46.29,46.34,407071,NASDAQ:POWI
2025-08-29,46.22,46.37,44.94,45.1,442678,NASDAQ:POWI
2025-09-02,44.07,44.59,43.5,44.54,625169,NASDAQ:POWI
2025-09-03,44.24,44.69,43.57,43.91,507081,NASDAQ:POWI
2025-09-04,43.48,44.76,42.76,44.73,618560,NASDAQ:POWI
2025-09-05,45.17,46.24,44.69,44.91,423438,NASDAQ:POWI
2025-09-08,45.15,45.32,44.05,44.99,508695,NASDAQ:POWI
2025-09-09,45.09,45.11,44.44,44.67,427258,NASDAQ:POWI
2025-09-10,44.8,45.12,43.97,44.48,674717,NASDAQ:POWI
2025-09-11,44.98,45.64,44.4,45.62,771413,NASDAQ:POWI
2025-09-12,45.69,45.69,43.96,44.16,587603,NASDAQ:POWI
2025-09-15,44.32,45.14,44.01,44.87,732034,NASDAQ:POWI
2025-09-16,45.12,45.67,44.57,45.13,536349,NASDAQ:POWI
2025-09-17,45.12,46.23,44.27,44.59,442971,NASDAQ:POWI
2025-09-18,45.8,46.05,45.01,45.57,575585,NASDAQ:POWI
2025-09-19,45.48,45.75,42.75,42.95,1668497,NASDAQ:POWI
2025-09-22,42.73,43.73,42.73,43.05,610082,NASDAQ:POWI
2025-09-23,42.68,43.14,41.4,41.54,725322,NASDAQ:POWI
2025-09-24,41.43,41.81,40.64,40.81,555121,NASDAQ:POWI
2025-09-25,40.33,40.42,39.15,39.62,838810,NASDAQ:POWI
2025-09-26,39.82,40.13,39.2,40.02,651297,NASDAQ:POWI
2025-09-29,40.49,40.49,39.34,39.37,480639,NASDAQ:POWI
2025-09-30,39.39,40.28,39.15,40.21,760034,NASDAQ:POWI
2025-10-01,39.81,40.32,38.59,38.78,979873,NASDAQ:POWI
2025-10-02,39.52,39.68,38.7,38.93,704861,NASDAQ:POWI
2025-10-03,39.11,39.78,38.57,38.6,619955,NASDAQ:POWI
2025-10-06,38.99,39.31,38.33,39.04,670344,NASDAQ:POWI
2025-10-07,39.42,39.56,37.6,37.71,709518,NASDAQ:POWI
2025-10-08,37.86,38.81,37.54,38.43,450250,NASDAQ:POWI
2025-10-09,38.29,38.42,37.44,37.51,539243,NASDAQ:POWI
2025-10-10,37.52,37.66,34.55,34.64,1566249,NASDAQ:POWI
2025-10-13,35.7,43.24,35.65,43.15,7338226,NASDAQ:POWI
2025-10-14,44.18,47.96,43.36,47.03,7570649,NASDAQ:POWI
2025-10-15,48.48,50.41,47.6,48.83,3329688,NASDAQ:POWI
2025-10-16,48.86,48.86,46.32,47.03,1993303,NASDAQ:POWI
2025-10-17,46.63,46.9,45.28,45.48,1272814,NASDAQ:POWI
2025-10-20,46.21,46.89,45.17,45.3,1220438,NASDAQ:POWI
2025-10-21,45.1,45.13,43.05,44.7,1252980,NASDAQ:POWI
2025-10-22,43.08,43.68,41.63,42.39,1251471,NASDAQ:POWI
2025-10-23,42,43.94,41.95,43.7,767833,NASDAQ:POWI
2025-10-24,44.44,45,42.98,43.01,748376,NASDAQ:POWI
2025-10-27,43.44,44.45,42.8,43.04,1013598,NASDAQ:POWI
2025-10-28,42.97,43.12,41.75,42.66,817084,NASDAQ:POWI
2025-10-29,42.88,42.88,41.09,41.49,942823,NASDAQ:POWI
2025-10-30,41.18,41.62,40.39,40.87,886380,NASDAQ:POWI
2025-10-31,40.69,42.55,40.32,41.89,1354776,NASDAQ:POWI
2024-10-30,182.41,183.79,175.75,176.14,49698313,NASDAQ:GOOG
2024-10-31,174.72,178.42,172.56,172.69,32801898,NASDAQ:GOOG
2024-11-01,171.54,173.82,170.31,172.65,21752859,NASDAQ:GOOG
2024-11-04,171.24,171.92,169.49,170.68,16193994,NASDAQ:GOOG
2024-11-05,170.83,172.1,170.37,171.41,12518282,NASDAQ:GOOG
2024-11-06,175.35,178.64,175.04,178.33,27061510,NASDAQ:GOOG
2024-11-07,179.11,182.58,178.89,182.28,16730407,NASDAQ:GOOG
2024-11-08,182,182.35,179.57,179.86,15021549,NASDAQ:GOOG
2024-11-11,180.07,182.09,179.99,181.97,12503422,NASDAQ:GOOG
2024-11-12,181.38,184.03,180.99,183.32,14065845,NASDAQ:GOOG
2024-11-13,182.15,182.62,180.12,180.49,13969709,NASDAQ:GOOG
2024-11-14,179.75,180.45,176.03,177.35,17925763,NASDAQ:GOOG
2024-11-15,175.64,175.88,172.75,173.89,21708870,NASDAQ:GOOG
2024-11-18,174.96,176.91,174.42,176.8,18725422,NASDAQ:GOOG
2024-11-19,175.24,180.17,175.12,179.58,15392866,NASDAQ:GOOG
2024-11-20,178.83,179.11,175.33,177.33,15729806,NASDAQ:GOOG
2024-11-21,175.46,175.58,165.31,169.24,38839431,NASDAQ:GOOG
2024-11-22,167.16,168.26,165.71,166.57,24497042,NASDAQ:GOOG
2024-11-25,167.99,170.46,167.4,169.43,21395652,NASDAQ:GOOG
2024-11-26,169.49,171.5,169.43,170.62,14937478,NASDAQ:GOOG
2024-11-27,170.68,171.14,169.67,170.82,12433371,NASDAQ:GOOG
2024-11-29,170.06,170.87,168.75,170.49,9250712,NASDAQ:GOOG
2024-12-02,170.32,173.6,170.27,172.98,16593444,NASDAQ:GOOG
2024-12-03,173.12,174.32,172.51,173.02,15721483,NASDAQ:GOOG
2024-12-04,172.78,176.43,172.75,176.09,18239842,NASDAQ:GOOG
2024-12-05,177.32,177.71,174.01,174.31,16145520,NASDAQ:GOOG
2024-12-06,173.88,176.84,173.55,176.49,13319549,NASDAQ:GOOG
2024-12-09,175.72,178.04,175.4,177.1,19887786,NASDAQ:GOOG
2024-12-10,184.54,188.03,182.67,186.53,34317438,NASDAQ:GOOG
2024-12-11,186.7,196.89,186.26,196.71,41664489,NASDAQ:GOOG
2024-12-12,196.3,196.71,193.28,193.63,25197757,NASDAQ:GOOG
2024-12-13,192.71,194.34,191.26,191.38,18883217,NASDAQ:GOOG
2024-12-16,194.37,200.64,194.11,198.16,32248640,NASDAQ:GOOG
2024-12-17,198.53,202.88,196.69,197.12,24129481,NASDAQ:GOOG
2024-12-18,196.83,198.69,189.28,190.15,27638416,NASDAQ:GOOG
2024-12-19,193.28,194.6,189.52,189.7,26981196,NASDAQ:GOOG
2024-12-20,187.01,194.14,186.37,192.96,45319703,NASDAQ:GOOG
2024-12-23,194.03,196.49,191.63,195.99,15235942,NASDAQ:GOOG
2024-12-24,196.17,197.67,195.2,197.57,6809823,NASDAQ:GOOG
2024-12-26,196.74,198.16,195.87,197.1,7918434,NASDAQ:GOOG
2024-12-27,196.47,196.8,191.97,194.04,14692994,NASDAQ:GOOG
2024-12-30,190.87,193.78,190.36,192.69,12209534,NASDAQ:GOOG
2024-12-31,192.45,193.25,189.58,190.44,14355221,NASDAQ:GOOG
2025-01-02,191.49,193.2,188.71,190.63,17545162,NASDAQ:GOOG
2025-01-03,192.73,194.5,191.35,193.13,12874957,NASDAQ:GOOG
2025-01-06,195.15,199.56,195.06,197.96,19483323,NASDAQ:GOOG
2025-01-07,198.27,202.14,195.94,196.71,16966760,NASDAQ:GOOG
2025-01-08,193.95,197.64,193.75,195.39,14335341,NASDAQ:GOOG
2025-01-10,195.42,197.62,191.6,193.17,20753794,NASDAQ:GOOG
2025-01-13,191.35,192.49,188.66,192.29,13169060,NASDAQ:GOOG
2025-01-14,192.5,193.27,189.64,191.05,13651183,NASDAQ:GOOG
2025-01-15,194.35,197.8,193.33,196.98,12894875,NASDAQ:GOOG
2025-01-16,195.83,196.98,194.3,194.41,13449581,NASDAQ:GOOG
2025-01-17,198.05,198.81,195.31,197.55,22109129,NASDAQ:GOOG
2025-01-21,200.51,203.84,199.44,199.63,19005232,NASDAQ:GOOG
2025-01-22,200.55,202.12,199.2,200.03,15477376,NASDAQ:GOOG
2025-01-23,199.98,201.94,196.82,199.58,15170838,NASDAQ:GOOG
2025-01-24,199.85,202.57,199.78,201.9,12732376,NASDAQ:GOOG
2025-01-27,194.19,198.67,192.7,193.77,24970173,NASDAQ:GOOG
2025-01-28,194.65,197.23,192.61,197.07,15939161,NASDAQ:GOOG
2025-01-29,197.37,198.46,195.19,197.18,12287818,NASDAQ:GOOG
2025-01-30,199.76,203.24,199.47,202.63,14571479,NASDAQ:GOOG
2025-01-31,203.72,207.08,203.58,205.6,17087335,NASDAQ:GOOG
2025-02-03,202.22,205.22,201.66,202.64,16719469,NASDAQ:GOOG
2025-02-04,204.5,208.7,204.26,207.71,28285436,NASDAQ:GOOG
2025-02-05,193.1,194.55,189.91,193.3,43719589,NASDAQ:GOOG
2025-02-06,190.99,193.83,190.49,193.31,20816593,NASDAQ:GOOG
2025-02-07,192.74,193.02,185.1,187.14,29565724,NASDAQ:GOOG
2025-02-10,189.06,189.99,187.61,188.2,16606020,NASDAQ:GOOG
2025-02-11,186.84,188.8,186.08,187.07,13028100,NASDAQ:GOOG
2025-02-12,185.23,186.83,183.63,185.43,17632314,NASDAQ:GOOG
2025-02-13,185.93,187.99,184.88,187.88,12729334,NASDAQ:GOOG
2025-02-14,186.83,188.15,186.11,186.87,12714154,NASDAQ:GOOG
2025-02-18,187.44,187.78,183.58,185.8,19796028,NASDAQ:GOOG
2025-02-19,186.19,187.36,185.5,187.13,13120465,NASDAQ:GOOG
2025-02-20,186.5,187.12,184.6,186.64,12063807,NASDAQ:GOOG
2025-02-21,187.29,187.47,181.13,181.58,19520782,NASDAQ:GOOG
2025-02-24,183.8,185.09,180.88,181.19,18734014,NASDAQ:GOOG
2025-02-25,180.16,180.76,176.77,177.37,20832485,NASDAQ:GOOG
2025-02-26,176.95,178.08,173.59,174.7,23693251,NASDAQ:GOOG
2025-02-27,175.94,176.59,169.75,170.21,25930530,NASDAQ:GOOG
2025-02-28,170.3,172.5,168.39,172.22,30049812,NASDAQ:GOOG
2025-03-03,173.73,175,167.64,168.66,24121991,NASDAQ:GOOG
2025-03-04,167.94,175.17,167.54,172.61,30711408,NASDAQ:GOOG
2025-03-05,172.32,175.75,170.93,174.99,18848036,NASDAQ:GOOG
2025-03-06,172.55,176.73,172.51,174.21,19082404,NASDAQ:GOOG
2025-03-07,173.24,176.9,172.25,175.75,16395287,NASDAQ:GOOG
2025-03-10,170.16,170.45,165.57,167.81,28990724,NASDAQ:GOOG
2025-03-11,166.68,168.66,163.24,165.98,23705899,NASDAQ:GOOG
2025-03-12,168.47,169.53,165.48,169,19880062,NASDAQ:GOOG
2025-03-13,167.98,168.12,164.07,164.73,15206165,NASDAQ:GOOG
2025-03-14,165.32,168.25,164.51,167.62,18611094,NASDAQ:GOOG
2025-03-17,167.33,168.46,165.81,166.57,17839139,NASDAQ:GOOG
2025-03-18,165.96,166.44,158.8,162.67,24616784,NASDAQ:GOOG
2025-03-19,163.92,168.13,163.05,166.28,24955717,NASDAQ:GOOG
2025-03-20,163.82,167.03,163.14,165.05,19981512,NASDAQ:GOOG
2025-03-21,163.38,166.47,163.03,166.25,29882064,NASDAQ:GOOG
2025-03-24,169.27,170.5,167.44,169.93,18742848,NASDAQ:GOOG
2025-03-25,171.18,172.91,170.55,172.79,13841592,NASDAQ:GOOG
2025-03-26,171.3,171.94,166.86,167.14,22554236,NASDAQ:GOOG
2025-03-27,166.71,167.44,163.85,164.08,21571174,NASDAQ:GOOG
2025-03-28,162.36,163.81,155.34,156.06,34866462,NASDAQ:GOOG
2025-03-31,154.81,157.13,152.21,156.23,33591554,NASDAQ:GOOG
2025-04-01,155.3,160.08,155.26,158.88,20111376,NASDAQ:GOOG
2025-04-02,156.96,160.28,156.53,158.86,17113321,NASDAQ:GOOG
2025-04-03,152.84,154.69,152.18,152.63,28416065,NASDAQ:GOOG
2025-04-04,149.9,153.09,147.54,147.74,39832207,NASDAQ:GOOG
2025-04-07,143.39,154.93,142.66,149.24,47823024,NASDAQ:GOOG
2025-04-08,153.57,154.44,145.21,146.58,35304388,NASDAQ:GOOG
2025-04-09,146.33,161.87,145.81,161.06,46479542,NASDAQ:GOOG
2025-04-10,158.76,160.03,152.2,155.37,35270540,NASDAQ:GOOG
2025-04-11,155.59,159.86,155.59,159.4,22581989,NASDAQ:GOOG
2025-04-14,162.31,164.03,159.92,161.47,18255931,NASDAQ:GOOG
2025-04-15,161.57,162.05,157.65,158.68,15690783,NASDAQ:GOOG
2025-04-16,155.47,158.18,153.91,155.5,16921497,NASDAQ:GOOG
2025-04-17,156.61,157.07,150.9,153.36,19513408,NASDAQ:GOOG
2025-04-21,150.97,151.06,148.4,149.86,16147780,NASDAQ:GOOG
2025-04-22,151.07,154.61,150.87,153.9,15910327,NASDAQ:GOOG
2025-04-23,157.91,160.02,156.35,157.72,18575735,NASDAQ:GOOG
2025-04-24,158.53,161.71,158.09,161.47,30787481,NASDAQ:GOOG
2025-04-25,167.1,168.24,163,163.85,35148053,NASDAQ:GOOG
2025-04-28,164.26,164.95,160.38,162.42,20871153,NASDAQ:GOOG
2025-04-29,162.04,162.68,159.39,162.06,15955215,NASDAQ:GOOG
2025-04-30,159.86,161.37,157.16,160.89,20639520,NASDAQ:GOOG
2025-05-01,162.52,163.94,160.93,162.79,21904291,NASDAQ:GOOG
2025-05-02,164.96,166.7,163.66,165.81,16844937,NASDAQ:GOOG
2025-05-05,164.52,167.1,164.47,166.05,15309343,NASDAQ:GOOG
2025-05-06,163.96,166.74,163.13,165.2,10691949,NASDAQ:GOOG
2025-05-07,166.07,166.99,149.49,152.8,78900429,NASDAQ:GOOG
2025-05-08,155.92,157.41,154.1,155.75,38387507,NASDAQ:GOOG
2025-05-09,155.55,156.43,153.83,154.38,22871035,NASDAQ:GOOG
2025-05-12,159.1,160.44,157.89,159.58,31884901,NASDAQ:GOOG
2025-05-13,159.92,162.06,157.58,160.89,24944270,NASDAQ:GOOG
2025-05-14,161.31,168.34,160.93,166.81,31769209,NASDAQ:GOOG
2025-05-15,167.14,167.51,163.84,165.4,22717554,NASDAQ:GOOG
2025-05-16,168.93,170.65,166.95,167.43,36271378,NASDAQ:GOOG
2025-05-19,165.72,167.95,165.42,167.87,21374688,NASDAQ:GOOG
2025-05-20,167.76,169.68,164.26,165.32,33563274,NASDAQ:GOOG
2025-05-21,164.95,174.53,164.89,170.06,45567580,NASDAQ:GOOG
2025-05-22,164.95,174.53,164.89,170.06,1172364,NASDAQ:GOOG
2025-05-23,170.28,171.21,169.26,169.59,24963648,NASDAQ:GOOG
2025-05-27,171.3,174.29,171.21,173.98,24341333,NASDAQ:GOOG
2025-05-28,173.98,176.48,173.01,173.38,25999228,NASDAQ:GOOG
2025-05-29,175,175.4,171.78,172.96,21233590,NASDAQ:GOOG
2025-05-30,172.41,173.44,168.53,172.85,36258254,NASDAQ:GOOG
2025-06-02,169.01,171.06,168.65,170.37,24742877,NASDAQ:GOOG
2025-06-03,168.87,169.8,166.68,167.71,25386713,NASDAQ:GOOG
2025-06-04,168.28,169.58,167.8,169.39,18508735,NASDAQ:GOOG
2025-06-05,171.62,172.36,169.35,169.81,25422883,NASDAQ:GOOG
2025-06-06,172.3,175.83,172.3,174.92,22258115,NASDAQ:GOOG
2025-06-09,175.87,177.92,175.66,177.63,18817587,NASDAQ:GOOG
2025-06-10,177.76,182.45,176.48,180.01,32908000,NASDAQ:GOOG
2025-06-11,181.23,181.75,178,178.79,18994398,NASDAQ:GOOG
2025-06-12,177.48,178.13,176.11,176.97,17345924,NASDAQ:GOOG
2025-06-13,173.58,178.34,173.57,175.88,20873241,NASDAQ:GOOG
2025-06-16,175.91,178.25,175.82,177.94,18132529,NASDAQ:GOOG
2025-06-17,177,178.72,175.94,177.23,17656119,NASDAQ:GOOG
2025-06-18,177.28,177.82,172.84,173.98,32531762,NASDAQ:GOOG
2025-06-20,174.87,175.37,166.27,167.73,55402575,NASDAQ:GOOG
2025-06-23,167.32,168.48,163.33,166.01,36975585,NASDAQ:GOOG
2025-06-24,167.69,169.25,166.91,167.74,27310266,NASDAQ:GOOG
2025-06-25,168.65,173.36,168.56,171.49,23627355,NASDAQ:GOOG
2025-06-26,173.39,174.65,170.86,174.43,25909119,NASDAQ:GOOG
2025-06-27,174.63,178.84,172.71,178.27,74053110,NASDAQ:GOOG
2025-06-30,180.79,181.58,175.5,177.39,43964599,NASDAQ:GOOG
2025-07-01,176.81,177.22,174.66,176.91,25778460,NASDAQ:GOOG
2025-07-02,176.55,179.94,176.09,179.76,19325861,NASDAQ:GOOG
2025-07-03,179.82,180.77,178.19,180.55,13287389,NASDAQ:GOOG
2025-07-07,180.14,180.34,176.64,177.56,20991357,NASDAQ:GOOG
2025-07-08,178.78,178.79,173.92,175.16,24108642,NASDAQ:GOOG
2025-07-09,176.11,180.28,173.88,177.66,31288035,NASDAQ:GOOG
2025-07-10,176.67,179.59,175.74,178.7,24693712,NASDAQ:GOOG
2025-07-11,177.91,182.61,177.54,181.31,23975714,NASDAQ:GOOG
2025-07-14,182.07,184.73,180.71,182.81,20990352,NASDAQ:GOOG
2025-07-15,183.94,185.41,182.39,183.1,23911567,NASDAQ:GOOG
2025-07-16,184.32,185.34,183.08,183.77,21152555,NASDAQ:GOOG
2025-07-17,183.12,185.19,181.5,184.7,21654370,NASDAQ:GOOG
2025-07-18,186.62,187.36,184.73,185.94,21033397,NASDAQ:GOOG
2025-07-21,187.1,191.26,187.05,191.15,24664994,NASDAQ:GOOG
2025-07-22,192.42,193.36,188.5,192.11,26212909,NASDAQ:GOOG
2025-07-23,192.36,193.36,190.18,191.51,34068129,NASDAQ:GOOG
2025-07-24,198.11,198.97,191.95,193.2,45252060,NASDAQ:GOOG
2025-07-25,192.93,195.28,192.13,194.08,31101847,NASDAQ:GOOG
2025-07-28,194.41,194.82,191.86,193.42,25553546,NASDAQ:GOOG
2025-07-29,193.3,196.66,192.99,196.43,31891598,NASDAQ:GOOG
2025-07-30,196.3,198.48,195.56,197.44,21150522,NASDAQ:GOOG
2025-07-31,196.6,196.83,192.08,192.86,27852019,NASDAQ:GOOG
2025-08-01,189.78,191.62,188.7,189.95,21236711,NASDAQ:GOOG
2025-08-04,191.18,196.08,190.92,195.75,23385950,NASDAQ:GOOG
2025-08-05,195.55,198.7,194.68,195.32,19010151,NASDAQ:GOOG
2025-08-06,195.25,197.38,194.47,196.92,15383679,NASDAQ:GOOG
2025-08-07,197.71,198.37,195.22,197.28,14660550,NASDAQ:GOOG
2025-08-08,197.98,203.43,197.9,202.09,24379909,NASDAQ:GOOG
2025-08-11,201.56,202.16,199.8,201.63,16690235,NASDAQ:GOOG
2025-08-12,202.1,205.13,201.4,204.16,19871996,NASDAQ:GOOG
2025-08-13,204.98,205.43,198.64,203.03,19573041,NASDAQ:GOOG
2025-08-14,202.56,205.42,202.32,203.82,17777145,NASDAQ:GOOG
2025-08-15,204.72,207.33,202.09,204.91,21111380,NASDAQ:GOOG
2025-08-18,205.07,206.14,203.41,204.29,13000162,NASDAQ:GOOG
2025-08-19,203.91,204.29,200.93,202.49,13476582,NASDAQ:GOOG
2025-08-20,201.68,202.17,197.46,200.19,13971693,NASDAQ:GOOG
2025-08-21,200.72,203.36,200.4,200.62,11768910,NASDAQ:GOOG
2025-08-22,203.96,209.23,202.13,206.72,25723734,NASDAQ:GOOG
2025-08-25,207,211.09,205.95,209.16,22788806,NASDAQ:GOOG
2025-08-26,208.37,208.46,206.45,207.95,23050971,NASDAQ:GOOG
2025-08-27,206.46,209.57,206.39,208.21,15248979,NASDAQ:GOOG
2025-08-28,207.84,212.9,207.6,212.37,20915705,NASDAQ:GOOG
2025-08-29,211.27,215.34,210.97,213.53,24682224,NASDAQ:GOOG
2025-09-02,208.99,212.37,206.96,211.99,28900069,NASDAQ:GOOG
2025-09-03,226.48,231.8,225.12,231.1,72250269,NASDAQ:GOOG
2025-09-04,230.16,232.77,226.76,232.66,32196009,NASDAQ:GOOG
2025-09-05,232.66,236.13,232.38,235.17,26127737,NASDAQ:GOOG
2025-09-08,235.79,238.4,233.73,234.16,23128799,NASDAQ:GOOG
2025-09-09,234.19,240.59,233.38,239.94,22854794,NASDAQ:GOOG
2025-09-10,239.25,242.08,238.11,239.56,19990138,NASDAQ:GOOG
2025-09-11,240.14,242.57,236.58,240.78,21308614,NASDAQ:GOOG
2025-09-12,240.8,242.42,238.5,241.38,14536593,NASDAQ:GOOG
2025-09-15,245.14,252.75,244.98,251.76,29935150,NASDAQ:GOOG
2025-09-16,252.33,253.23,249.72,251.42,24493512,NASDAQ:GOOG
2025-09-17,251.46,251.95,246.58,249.85,20491324,NASDAQ:GOOG
2025-09-18,251.86,254.14,250.11,252.33,21166359,NASDAQ:GOOG
2025-09-19,253.4,256.7,252.07,255.24,41616844,NASDAQ:GOOG
2025-09-22,254.78,256.31,250.81,252.88,20078982,NASDAQ:GOOG
2025-09-23,253.66,254.77,251.09,252.34,17521091,NASDAQ:GOOG
2025-09-24,252.15,252.96,247.22,247.83,16958511,NASDAQ:GOOG
2025-09-25,244.84,247.32,241.65,246.57,17379793,NASDAQ:GOOG
2025-09-26,247.79,250.12,246.64,247.18,16594608,NASDAQ:GOOG
2025-09-29,248.28,251.65,243.2,244.36,23157245,NASDAQ:GOOG
2025-09-30,243.06,243.68,239.57,243.55,22541189,NASDAQ:GOOG
2025-10-01,241.18,247.15,239.2,245.54,23967662,NASDAQ:GOOG
2025-10-02,245.64,247.64,243.11,246.43,20657524,NASDAQ:GOOG
2025-10-03,245.23,247.12,242.47,246.45,19941381,NASDAQ:GOOG
2025-10-06,245.78,252.2,245.69,251.51,18309030,NASDAQ:GOOG
2025-10-07,248.93,251.55,246.81,247.13,13811174,NASDAQ:GOOG
2025-10-08,246.2,247.26,245.09,245.46,14136494,NASDAQ:GOOG
2025-10-09,245.06,245.56,239.68,242.21,19375722,NASDAQ:GOOG
2025-10-10,242.16,244.84,236.69,237.49,22449083,NASDAQ:GOOG
2025-10-13,241.03,244.99,240.75,244.64,12464965,NASDAQ:GOOG
2025-10-14,241.76,248.03,241.18,246.19,17705370,NASDAQ:GOOG
2025-10-15,248.09,252.76,246.79,251.71,16048087,NASDAQ:GOOG
2025-10-16,252.47,257.58,250.67,251.88,18945987,NASDAQ:GOOG
2025-10-17,251.35,254.88,248.59,253.79,17653826,NASDAQ:GOOG
2025-10-20,255.23,257.88,254.6,257.02,13726831,NASDAQ:GOOG
2025-10-21,255.25,255.38,244.67,251.34,27836425,NASDAQ:GOOG
2025-10-22,255.01,257.18,250.45,252.53,19650244,NASDAQ:GOOG
2025-10-23,253.7,255.86,252.77,253.73,13241319,NASDAQ:GOOG
2025-10-24,257.3,262.51,256.1,260.51,18405966,NASDAQ:GOOG
2025-10-27,265.36,270.8,264.94,269.93,22987660,NASDAQ:GOOG
2025-10-28,270.2,271.38,267.17,268.43,20101160,NASDAQ:GOOG
2025-10-29,268.61,275.97,268.43,275.17,26287850,NASDAQ:GOOG
2025-10-30,291.72,291.93,280.45,281.9,48570034,NASDAQ:GOOG
2025-10-31,283.21,286.29,277.52,281.82,29932813,NASDAQ:GOOG
2024-10-30,482.24,492.2,482.24,486.68,2728573,NASDAQ:ADBE
2024-10-31,486,486.05,477.38,478.08,2978688,NASDAQ:ADBE
2024-11-01,475.41,485.16,475.05,482.8,2852008,NASDAQ:ADBE
2024-11-04,479.03,483.76,477.37,481.35,1955249,NASDAQ:ADBE
2024-11-05,483.09,486.66,480.47,486.42,1588149,NASDAQ:ADBE
2024-11-06,492.93,506.21,492.93,504.83,2969855,NASDAQ:ADBE
2024-11-07,510.66,510.66,495.3,500.92,2640295,NASDAQ:ADBE
2024-11-08,503.83,505,493.69,494.68,2856859,NASDAQ:ADBE
2024-11-11,493.6,507.72,493.6,504.48,3536599,NASDAQ:ADBE
2024-11-12,504.39,528.91,504.27,526.42,4125288,NASDAQ:ADBE
2024-11-13,523.79,539.92,520.59,532.5,3470174,NASDAQ:ADBE
2024-11-14,530.55,534.64,523.46,529.87,3098800,NASDAQ:ADBE
2024-11-15,520.3,524.5,498.81,503.37,4612417,NASDAQ:ADBE
2024-11-18,505,505.51,497.69,499.51,2259651,NASDAQ:ADBE
2024-11-19,496,502.41,495.46,499.61,1961731,NASDAQ:ADBE
2024-11-20,505.41,506.36,494.61,499.5,1874910,NASDAQ:ADBE
2024-11-21,502.1,508.57,493.1,504.44,2002094,NASDAQ:ADBE
2024-11-22,502.5,513.37,502.5,512.15,2287614,NASDAQ:ADBE
2024-11-25,519.09,523.21,513.19,518.73,3319992,NASDAQ:ADBE
2024-11-26,519.95,525.76,516.36,525.3,2415735,NASDAQ:ADBE
2024-11-27,523.21,525.88,508.72,513.68,2324217,NASDAQ:ADBE
2024-11-29,517.65,517.65,513.58,515.93,1450247,NASDAQ:ADBE
2024-12-02,512.85,518.77,511.53,516.2,2007213,NASDAQ:ADBE
2024-12-03,511.04,516.78,504.51,516.26,2119254,NASDAQ:ADBE
2024-12-04,523.02,541.77,521.01,536.49,3307041,NASDAQ:ADBE
2024-12-05,534.42,540.11,529.79,538.22,2629119,NASDAQ:ADBE
2024-12-06,544.15,554.37,542.9,552.96,2964064,NASDAQ:ADBE
2024-12-09,556.1,557.9,546.11,547.93,3588653,NASDAQ:ADBE
2024-12-10,547.35,552.83,544.22,547.05,2762875,NASDAQ:ADBE
2024-12-11,547.05,552.3,541.74,549.93,6690565,NASDAQ:ADBE
2024-12-12,487.5,494,470.9,474.63,17344864,NASDAQ:ADBE
2024-12-13,473.98,474.91,456.8,465.69,11395512,NASDAQ:ADBE
2024-12-16,467.19,473.62,461.2,461.53,5807021,NASDAQ:ADBE
2024-12-17,460.59,465.86,452.48,455.23,7514489,NASDAQ:ADBE
2024-12-18,453.24,455.25,441.1,441.31,6511105,NASDAQ:ADBE
2024-12-19,443.41,449,437.11,437.39,6479517,NASDAQ:ADBE
2024-12-20,433.02,451.42,432.47,447.17,8220033,NASDAQ:ADBE
2024-12-23,447,451.43,443.42,446.74,3781194,NASDAQ:ADBE
2024-12-24,446.5,448.87,442.57,447.94,1685003,NASDAQ:ADBE
2024-12-26,445.85,452.34,444.68,450.16,2134310,NASDAQ:ADBE
2024-12-27,446.88,449.91,441.11,446.48,2947179,NASDAQ:ADBE
2024-12-30,442.94,447.6,438.57,445.8,3473172,NASDAQ:ADBE
2024-12-31,446.35,448.5,442.81,444.68,2285132,NASDAQ:ADBE
2025-01-02,447.76,450.12,440.56,441,2507887,NASDAQ:ADBE
2025-01-03,429.45,433.3,425.32,430.57,5619372,NASDAQ:ADBE
2025-01-06,431.88,436.41,427.79,431.18,3994400,NASDAQ:ADBE
2025-01-07,431.37,435.18,420.51,422.63,4181405,NASDAQ:ADBE
2025-01-08,417.34,422.66,415.51,419.58,3508786,NASDAQ:ADBE
2025-01-10,410,413.1,405.32,405.92,5564262,NASDAQ:ADBE
2025-01-13,404.27,409.96,403.75,408.5,4558780,NASDAQ:ADBE
2025-01-14,407.25,412.75,405.07,412.71,3577116,NASDAQ:ADBE
2025-01-15,421.7,423.97,415.66,417.28,4345781,NASDAQ:ADBE
2025-01-16,418.21,428.89,418,426.93,4185552,NASDAQ:ADBE
2025-01-17,434.35,435.99,425.7,429.99,4012745,NASDAQ:ADBE
2025-01-21,433.26,439.98,431.5,436.36,3833294,NASDAQ:ADBE
2025-01-22,438,439.73,433.43,437.32,3391642,NASDAQ:ADBE
2025-01-23,435.88,437.73,432.49,437.28,2716742,NASDAQ:ADBE
2025-01-24,437.28,441.88,434.73,435.38,2631804,NASDAQ:ADBE
2025-01-27,430.23,445.45,430.12,438.6,5086254,NASDAQ:ADBE
2025-01-28,436.27,445.81,431.64,442.84,5376392,NASDAQ:ADBE
2025-01-29,439.92,444.36,438.83,441.68,2997604,NASDAQ:ADBE
2025-01-30,439.67,448.42,439.23,446,3290128,NASDAQ:ADBE
2025-01-31,446.98,447.01,435.83,437.45,4689083,NASDAQ:ADBE
2025-02-03,437.8,442.74,430.88,438.6,3348717,NASDAQ:ADBE
2025-02-04,435.43,443.58,434.26,440.23,2647701,NASDAQ:ADBE
2025-02-05,440.75,444.95,436.27,437.63,2938540,NASDAQ:ADBE
2025-02-06,437.63,439.96,434.35,435.4,2568120,NASDAQ:ADBE
2025-02-07,436.24,441,432.41,433.07,2693470,NASDAQ:ADBE
2025-02-10,439.25,453.37,439,451.1,3946729,NASDAQ:ADBE
2025-02-11,449,461.55,448.29,458.82,3256999,NASDAQ:ADBE
2025-02-12,458,463,451.3,462.76,3308534,NASDAQ:ADBE
2025-02-13,465.21,465.7,457.03,459.22,2794395,NASDAQ:ADBE
2025-02-14,463.35,464.99,458,460.16,2622973,NASDAQ:ADBE
2025-02-18,462.65,464.33,453.07,464.11,2973775,NASDAQ:ADBE
2025-02-19,463.61,463.61,455.32,456.99,2965546,NASDAQ:ADBE
2025-02-20,457.44,461,451.57,454.69,2337598,NASDAQ:ADBE
2025-02-21,453.28,453.75,440.69,444.32,3375996,NASDAQ:ADBE
2025-02-24,445.11,446.28,440.91,444.42,2807937,NASDAQ:ADBE
2025-02-25,443.47,447.49,439.17,443.41,2612652,NASDAQ:ADBE
2025-02-26,443.8,447.65,438.4,441.5,1947626,NASDAQ:ADBE
2025-02-27,441.79,444.57,436.82,437.19,2340232,NASDAQ:ADBE
2025-02-28,438.16,440.37,432.1,438.56,3936914,NASDAQ:ADBE
2025-03-03,440.65,448.09,438.21,440.72,2607694,NASDAQ:ADBE
2025-03-04,439.25,448.82,434.7,446.03,2942168,NASDAQ:ADBE
2025-03-05,443.65,453.26,443.11,451.24,2406219,NASDAQ:ADBE
2025-03-06,444.73,452.19,441.19,444.78,2732076,NASDAQ:ADBE
2025-03-07,442,452.51,440.99,449.4,3039466,NASDAQ:ADBE
2025-03-10,443.11,444.54,433.23,435.08,4001634,NASDAQ:ADBE
2025-03-11,432.88,441.33,431,433.66,3145227,NASDAQ:ADBE
2025-03-12,436.69,443.9,435.5,438.6,5515858,NASDAQ:ADBE
2025-03-13,405.27,405.77,374.5,377.84,14386637,NASDAQ:ADBE
2025-03-14,379.75,396.36,377.8,394.74,6134775,NASDAQ:ADBE
2025-03-17,394.12,399.94,387.13,399.34,4258533,NASDAQ:ADBE
2025-03-18,395.36,395.95,384.57,391.37,4297269,NASDAQ:ADBE
2025-03-19,394.1,395.26,387,387.89,4349931,NASDAQ:ADBE
2025-03-20,386.9,397.82,385.8,389.61,4009500,NASDAQ:ADBE
2025-03-21,384.13,389.85,382.45,387.26,7607266,NASDAQ:ADBE
2025-03-24,392.47,396.86,391.38,394.47,5223006,NASDAQ:ADBE
2025-03-25,393.57,404.32,392.99,403.64,3648552,NASDAQ:ADBE
2025-03-26,403,404.5,397.01,397.81,3426315,NASDAQ:ADBE
2025-03-27,397.44,401.48,392.51,396.15,2729696,NASDAQ:ADBE
2025-03-28,393.89,396.92,384.76,385.71,3830307,NASDAQ:ADBE
2025-03-31,380,384.8,374.67,383.53,3960737,NASDAQ:ADBE
2025-04-01,381.13,384,375.53,383.2,3847766,NASDAQ:ADBE
2025-04-02,378.28,388,376.54,385.78,2859064,NASDAQ:ADBE
2025-04-03,371.88,376.01,366.29,367.25,5324421,NASDAQ:ADBE
2025-04-04,359,361.73,348.8,349.07,5867564,NASDAQ:ADBE
2025-04-07,335.54,358.36,332.01,340.7,7690909,NASDAQ:ADBE
2025-04-08,350.1,350.74,333.83,340,6650815,NASDAQ:ADBE
2025-04-09,338.74,365.72,333.43,364.64,7186274,NASDAQ:ADBE
2025-04-10,360.97,362.5,341.52,350.05,5694976,NASDAQ:ADBE
2025-04-11,351.44,353.1,342.35,352.47,3941817,NASDAQ:ADBE
2025-04-14,359.51,362.05,348.5,350.91,3285950,NASDAQ:ADBE
2025-04-15,351.05,356.49,349.19,350.38,3030407,NASDAQ:ADBE
2025-04-16,345,350.38,341.31,344.19,3687874,NASDAQ:ADBE
2025-04-17,349.75,351.88,345.09,348.8,5229675,NASDAQ:ADBE
2025-04-21,344.57,346.68,338.64,343.22,3691241,NASDAQ:ADBE
2025-04-22,349.14,352.08,344.37,349.91,3250424,NASDAQ:ADBE
2025-04-23,358.12,363,349.8,351.96,3167958,NASDAQ:ADBE
2025-04-24,353.59,361.12,353.25,360.91,3085149,NASDAQ:ADBE
2025-04-25,361.7,369.31,359.99,367.72,3499345,NASDAQ:ADBE
2025-04-28,368.05,370.99,364.58,368.62,3163425,NASDAQ:ADBE
2025-04-29,367.21,373.88,366.88,370.98,2198291,NASDAQ:ADBE
2025-04-30,366.87,376,363.56,374.98,3305481,NASDAQ:ADBE
2025-05-01,378.3,380.44,374.07,374.63,2848778,NASDAQ:ADBE
2025-05-02,380.09,383.56,379.19,380.87,2340739,NASDAQ:ADBE
2025-05-05,379.29,384.54,378.4,381.06,2095559,NASDAQ:ADBE
2025-05-06,376.57,386.52,375.05,382.98,2970086,NASDAQ:ADBE
2025-05-07,384.7,387.83,380.95,384.97,2153771,NASDAQ:ADBE
2025-05-08,388.3,388.73,383.4,383.99,3383867,NASDAQ:ADBE
2025-05-09,386.18,388.77,382.33,383.28,2031324,NASDAQ:ADBE
2025-05-12,394.33,397.82,392.76,395.94,3157670,NASDAQ:ADBE
2025-05-13,395.9,399.67,394.71,397.4,2664142,NASDAQ:ADBE
2025-05-14,396.85,400.12,396.42,399.47,2409217,NASDAQ:ADBE
2025-05-15,399.35,404.85,399.35,404.69,2763813,NASDAQ:ADBE
2025-05-16,414.62,421.77,412.06,417.13,5391532,NASDAQ:ADBE
2025-05-19,413.53,421.27,413.2,420.68,3007984,NASDAQ:ADBE
2025-05-20,417.87,419.13,414.29,417.61,2453377,NASDAQ:ADBE
2025-05-21,414.86,422.95,412.59,414.03,2495783,NASDAQ:ADBE
2025-05-22,414.86,422.95,412.59,414.03,11210,NASDAQ:ADBE
2025-05-23,409.11,411.45,407.15,407.69,2087674,NASDAQ:ADBE
2025-05-27,412.76,414.95,411.6,413.1,2680356,NASDAQ:ADBE
2025-05-28,413.81,416.37,411.42,412.23,2246508,NASDAQ:ADBE
2025-05-29,414,415.42,410.47,413.36,1781393,NASDAQ:ADBE
2025-05-30,414.14,417.86,411.53,415.09,4231334,NASDAQ:ADBE
2025-06-02,408.88,410,396.73,403.4,4153688,NASDAQ:ADBE
2025-06-03,403.46,412.64,402.48,412.49,2737513,NASDAQ:ADBE
2025-06-04,411.54,415.94,410.08,413.91,1843425,NASDAQ:ADBE
2025-06-05,415,421.48,413.98,415.2,2276924,NASDAQ:ADBE
2025-06-06,417.54,419.65,415.28,416.92,2146908,NASDAQ:ADBE
2025-06-09,417.3,419,415.15,416.26,3034210,NASDAQ:ADBE
2025-06-10,416.61,419.82,414.42,416.06,2627431,NASDAQ:ADBE
2025-06-11,415.2,416.04,410.42,412.84,3385416,NASDAQ:ADBE
2025-06-12,411.43,416.39,410.77,413.68,6313316,NASDAQ:ADBE
2025-06-13,392.5,399.85,383.75,391.68,10629682,NASDAQ:ADBE
2025-06-16,392.99,405,391.11,401.73,6798251,NASDAQ:ADBE
2025-06-17,397.28,399.67,381.8,382.68,6866253,NASDAQ:ADBE
2025-06-18,383.99,385.27,377.54,378.04,4808869,NASDAQ:ADBE
2025-06-20,380.48,382.29,373.76,376.92,8126939,NASDAQ:ADBE
2025-06-23,377.59,380.21,374.24,380.12,3841754,NASDAQ:ADBE
2025-06-24,384.96,385,378.51,382.34,4797074,NASDAQ:ADBE
2025-06-25,383.6,388.05,382,387.55,3718763,NASDAQ:ADBE
2025-06-26,387.2,389.99,382.87,384.95,3139666,NASDAQ:ADBE
2025-06-27,385.44,390.31,384.41,385.83,5083803,NASDAQ:ADBE
2025-06-30,387.3,390.98,384.63,386.88,4645498,NASDAQ:ADBE
2025-07-01,385.1,392.58,381.52,392.1,4516381,NASDAQ:ADBE
2025-07-02,384.64,386.88,372.73,378.47,6912202,NASDAQ:ADBE
2025-07-03,378,383.2,377.8,379.31,2863680,NASDAQ:ADBE
2025-07-07,378.9,382.22,375.52,376.93,3545108,NASDAQ:ADBE
2025-07-08,378.5,386.6,377.18,382.24,3708199,NASDAQ:ADBE
2025-07-09,383.5,384.75,370.91,373.38,4726562,NASDAQ:ADBE
2025-07-10,371.99,373.5,365.51,371.43,4023925,NASDAQ:ADBE
2025-07-11,368,371.15,362.7,363.35,3548721,NASDAQ:ADBE
2025-07-14,363.19,367.68,360.18,366.99,2898705,NASDAQ:ADBE
2025-07-15,367,368.32,363.88,364.18,2550992,NASDAQ:ADBE
2025-07-16,364.59,365.55,358.71,361.77,3592883,NASDAQ:ADBE
2025-07-17,360.6,366.96,359.28,366.45,3340455,NASDAQ:ADBE
2025-07-18,367.07,367.79,364,365.79,2459234,NASDAQ:ADBE
2025-07-21,366.49,368.28,363.13,367.68,2770433,NASDAQ:ADBE
2025-07-22,368,374.5,368,372.87,2448998,NASDAQ:ADBE
2025-07-23,373.49,373.99,369.26,372.46,1994599,NASDAQ:ADBE
2025-07-24,371.9,376,370.61,371.69,2692132,NASDAQ:ADBE
2025-07-25,372.31,372.41,369.51,370.74,2053161,NASDAQ:ADBE
2025-07-28,371.03,372.59,368.72,369.47,2984225,NASDAQ:ADBE
2025-07-29,370.45,376.16,369.71,370.7,4234200,NASDAQ:ADBE
2025-07-30,370.68,370.72,363.48,364,3295204,NASDAQ:ADBE
2025-07-31,362.26,362.5,354.27,357.69,4513089,NASDAQ:ADBE
2025-08-01,355.95,356.29,347.46,347.8,4307890,NASDAQ:ADBE
2025-08-04,351.16,351.21,338.04,338.85,6449344,NASDAQ:ADBE
2025-08-05,339.31,342.74,337.35,338.74,3908970,NASDAQ:ADBE
2025-08-06,341.65,345.66,339.19,345.62,3347165,NASDAQ:ADBE
2025-08-07,344.04,347.38,332.65,338.27,4661824,NASDAQ:ADBE
2025-08-08,338.68,341.57,336.37,341.05,3507764,NASDAQ:ADBE
2025-08-11,334.53,343.4,332.47,333.65,4366242,NASDAQ:ADBE
2025-08-12,333.52,338.76,330.04,338.43,3572414,NASDAQ:ADBE
2025-08-13,339.54,351.76,337.55,351.07,4375105,NASDAQ:ADBE
2025-08-14,349.5,351.56,346.1,348.58,3745646,NASDAQ:ADBE
2025-08-15,348.33,357.29,348,354.85,3718652,NASDAQ:ADBE
2025-08-18,355.68,358.39,353,357.24,2922973,NASDAQ:ADBE
2025-08-19,359.22,364.24,358.12,361.03,2808040,NASDAQ:ADBE
2025-08-20,361.68,363,353.2,353.43,3727897,NASDAQ:ADBE
2025-08-21,349.91,353.82,347,353.43,2363230,NASDAQ:ADBE
2025-08-22,355.8,362.65,354,362.09,3058636,NASDAQ:ADBE
2025-08-25,362.56,364.65,361.4,363.21,2259516,NASDAQ:ADBE
2025-08-26,363.03,363.23,353.7,354.91,4067395,NASDAQ:ADBE
2025-08-27,355.98,360.37,355.16,356.35,2353776,NASDAQ:ADBE
2025-08-28,357.63,358.26,349.11,353.96,3803095,NASDAQ:ADBE
2025-08-29,354,357.25,352.46,356.7,2639259,NASDAQ:ADBE
2025-09-02,350.24,352.71,341.28,345.63,4229423,NASDAQ:ADBE
2025-09-03,345.72,348.51,343.36,348.5,3035328,NASDAQ:ADBE
2025-09-04,342.24,344.41,331.5,344.31,4918293,NASDAQ:ADBE
2025-09-05,345.81,354.67,345.1,348.97,4662587,NASDAQ:ADBE
2025-09-08,348.86,358.82,343.59,358.66,5043305,NASDAQ:ADBE
2025-09-09,362.75,362.75,353.03,354.06,4324857,NASDAQ:ADBE
2025-09-10,356.29,359.19,348.12,350.16,4552514,NASDAQ:ADBE
2025-09-11,354.69,355.25,347.16,350.55,11804184,NASDAQ:ADBE
2025-09-12,361.1,366.5,341.61,349.36,14146624,NASDAQ:ADBE
2025-09-15,350.5,358,345.05,347.1,6768570,NASDAQ:ADBE
2025-09-16,350.16,356.94,348.32,352.73,6696990,NASDAQ:ADBE
2025-09-17,353.18,365,353.18,362.07,6449922,NASDAQ:ADBE
2025-09-18,366.86,370.86,365.85,367.46,4752377,NASDAQ:ADBE
2025-09-19,368.94,370.31,362.54,365.9,7693030,NASDAQ:ADBE
2025-09-22,364.16,365.38,359.36,364.08,4709584,NASDAQ:ADBE
2025-09-23,364.18,368.73,361.3,361.78,3831134,NASDAQ:ADBE
2025-09-24,355.6,355.6,347.8,353.27,6140007,NASDAQ:ADBE
2025-09-25,351.91,357,351.5,354.16,3336731,NASDAQ:ADBE
2025-09-26,353.71,360.72,352.78,360.37,3072990,NASDAQ:ADBE
2025-09-29,362.04,363.17,358.8,359.42,4075860,NASDAQ:ADBE
2025-09-30,360.54,362,349.9,352.75,5360695,NASDAQ:ADBE
2025-10-01,347.16,349.83,340.05,343.72,6505709,NASDAQ:ADBE
2025-10-02,343.76,351.73,342.42,351.48,3955434,NASDAQ:ADBE
2025-10-03,352,352.59,346.31,346.74,3122111,NASDAQ:ADBE
2025-10-06,346.93,357.34,342.04,350.14,5340202,NASDAQ:ADBE
2025-10-07,352.59,353.33,344.24,348.31,3275506,NASDAQ:ADBE
2025-10-08,350,354.05,347.52,348.77,3285027,NASDAQ:ADBE
2025-10-09,349.77,350.6,344.3,347.47,2895504,NASDAQ:ADBE
2025-10-10,347.91,348.72,336.94,337.51,4282397,NASDAQ:ADBE
2025-10-13,339.25,340.28,335.61,339.32,3020060,NASDAQ:ADBE
2025-10-14,335.22,338.82,332.72,335.94,3036889,NASDAQ:ADBE
2025-10-15,335.42,335.6,329.21,330.63,3929948,NASDAQ:ADBE
2025-10-16,333.86,336.65,327.5,329.23,4570870,NASDAQ:ADBE
2025-10-17,327.75,335.1,327.7,333.26,4035035,NASDAQ:ADBE
2025-10-20,334.64,344.2,334.25,343.4,3903166,NASDAQ:ADBE
2025-10-21,343.59,358.37,343.32,357.55,4389672,NASDAQ:ADBE
2025-10-22,355.48,360.19,352.87,354.09,3436003,NASDAQ:ADBE
2025-10-23,352.51,354.35,348.71,354.12,2408077,NASDAQ:ADBE
2025-10-24,357.21,358.1,353.29,353.52,2016850,NASDAQ:ADBE
2025-10-27,355.57,358.56,352.41,357.8,2828152,NASDAQ:ADBE
2025-10-28,360,363.7,357.8,359.91,3005594,NASDAQ:ADBE
2025-10-29,355.52,355.52,337.05,337.86,6746464,NASDAQ:ADBE
2025-10-30,338.2,344.7,333.1,339.24,4373224,NASDAQ:ADBE
2025-10-31,338.7,341.26,336.8,340.31,3763381,NASDAQ:ADBE
2024-10-30,294.98,311.91,292.11,299.97,834422,NASDAQ:DUOL
2024-10-31,297.49,298.76,285.33,292.97,535996,NASDAQ:DUOL
2024-11-01,292.98,297.66,290.63,293.68,380103,NASDAQ:DUOL
2024-11-04,289.7,295.81,285.85,290.65,484634,NASDAQ:DUOL
2024-11-05,295.05,303.74,293.63,303,763352,NASDAQ:DUOL
2024-11-06,310,319.44,304,318.85,1105409,NASDAQ:DUOL
2024-11-07,304.42,324,299.13,315.82,1236853,NASDAQ:DUOL
2024-11-08,318.7,330.61,314.63,326.89,682721,NASDAQ:DUOL
2024-11-11,325.8,328.97,306.74,318.23,650590,NASDAQ:DUOL
2024-11-12,317.63,322.85,313.19,314.33,476715,NASDAQ:DUOL
2024-11-13,317,329.19,315.93,323.43,515069,NASDAQ:DUOL
2024-11-14,322.65,324.08,316.2,322.57,283775,NASDAQ:DUOL
2024-11-15,319.01,320.5,306.5,307.32,570863,NASDAQ:DUOL
2024-11-18,307.82,316.99,301.11,306.92,468494,NASDAQ:DUOL
2024-11-19,303.33,322.79,303.33,322.07,647535,NASDAQ:DUOL
2024-11-20,323,331.84,322.34,331.14,545359,NASDAQ:DUOL
2024-11-21,338.15,342.51,330,341.6,559515,NASDAQ:DUOL
2024-11-22,342.45,352.39,340.69,351.97,563405,NASDAQ:DUOL
2024-11-25,359.53,364.95,341.1,348,1071627,NASDAQ:DUOL
2024-11-26,348.47,358.73,346.98,353.53,875653,NASDAQ:DUOL
2024-11-27,352.88,353.23,340.29,347.64,468361,NASDAQ:DUOL
2024-11-29,346.48,353.66,345.58,348.27,230258,NASDAQ:DUOL
2024-12-02,347.39,349.78,340,346.52,423963,NASDAQ:DUOL
2024-12-03,341.52,361.1,341.29,360.98,494917,NASDAQ:DUOL
2024-12-04,363,370.17,361.92,364.65,581906,NASDAQ:DUOL
2024-12-05,366.53,378.48,362.61,373.03,583796,NASDAQ:DUOL
2024-12-06,374.79,374.79,366,368.5,552089,NASDAQ:DUOL
2024-12-09,365.36,369.89,350,360.61,532518,NASDAQ:DUOL
2024-12-10,361.47,370.81,358.7,361.83,379649,NASDAQ:DUOL
2024-12-11,351.16,352.72,318.03,344.35,1226965,NASDAQ:DUOL
2024-12-12,341.12,344.74,336.21,339.52,424068,NASDAQ:DUOL
2024-12-13,340.5,344.88,333.97,338.07,517811,NASDAQ:DUOL
2024-12-16,341.42,350.86,337.87,348.72,639007,NASDAQ:DUOL
2024-12-17,352.3,360.21,348.65,354.04,649615,NASDAQ:DUOL
2024-12-18,352.44,352.88,331.32,332.81,572099,NASDAQ:DUOL
2024-12-19,345.16,345.74,332.87,335.22,436154,NASDAQ:DUOL
2024-12-20,327.72,345.53,324.83,342.12,1263587,NASDAQ:DUOL
2024-12-23,342.12,344.12,336.14,337.73,373777,NASDAQ:DUOL
2024-12-24,336.34,342.49,335,340.39,114492,NASDAQ:DUOL
2024-12-26,339.51,345,336.54,341.88,274237,NASDAQ:DUOL
2024-12-27,339.46,339.46,326.43,333.34,293041,NASDAQ:DUOL
2024-12-30,328.23,329.4,321.25,325.2,535940,NASDAQ:DUOL
2024-12-31,326.37,328.77,320.9,324.23,344613,NASDAQ:DUOL
2025-01-02,327.3,328.95,319.04,325.88,466373,NASDAQ:DUOL
2025-01-03,328.34,341.97,326.58,340.06,344127,NASDAQ:DUOL
2025-01-06,344.1,347.04,332.27,336.72,613317,NASDAQ:DUOL
2025-01-07,336,336.73,311.67,320.35,639747,NASDAQ:DUOL
2025-01-08,318.37,325.21,314.23,323.14,425592,NASDAQ:DUOL
2025-01-10,316.91,319.36,305.82,318.67,535196,NASDAQ:DUOL
2025-01-13,311.56,317.25,305.01,316.38,399357,NASDAQ:DUOL
2025-01-14,320,325,311.78,312.52,428770,NASDAQ:DUOL
2025-01-15,316.91,323.72,315.98,319.98,330440,NASDAQ:DUOL
2025-01-16,327.67,355.78,327.4,341.8,932593,NASDAQ:DUOL
2025-01-17,351.81,356,340.54,351.13,742815,NASDAQ:DUOL
2025-01-21,353,353.01,325.73,337.28,795263,NASDAQ:DUOL
2025-01-22,338.8,343.5,328.88,336.04,443300,NASDAQ:DUOL
2025-01-23,335.85,337.86,330,335.99,403933,NASDAQ:DUOL
2025-01-24,330.5,335.52,325,328.6,445064,NASDAQ:DUOL
2025-01-27,320,334.23,311.58,326.82,752023,NASDAQ:DUOL
2025-01-28,327,351.51,325.03,350.72,581055,NASDAQ:DUOL
2025-01-29,354.77,363.96,346.19,358.48,457242,NASDAQ:DUOL
2025-01-30,360,370.77,359.44,363.28,504782,NASDAQ:DUOL
2025-01-31,368.44,368.44,361,363.99,512309,NASDAQ:DUOL
2025-02-03,354.96,365.84,352,364.44,577573,NASDAQ:DUOL
2025-02-04,367.59,387.88,366.74,386.16,781406,NASDAQ:DUOL
2025-02-05,389.41,411.69,385.93,392,748701,NASDAQ:DUOL
2025-02-06,390,392.71,380.17,389.36,394787,NASDAQ:DUOL
2025-02-07,394.81,400.2,391.76,393.8,717372,NASDAQ:DUOL
2025-02-10,398.08,403.63,394,401.45,487009,NASDAQ:DUOL
2025-02-11,399,399.98,381.24,383.66,574434,NASDAQ:DUOL
2025-02-12,377.7,399.73,373.3,398.11,1180667,NASDAQ:DUOL
2025-02-13,400.98,431.37,399.14,430.32,1514047,NASDAQ:DUOL
2025-02-14,432,436.98,417.74,432.69,724307,NASDAQ:DUOL
2025-02-18,435,441.77,426.4,441.39,666305,NASDAQ:DUOL
2025-02-19,439.43,440.71,429.21,432.52,822127,NASDAQ:DUOL
2025-02-20,430.43,430.95,415.99,421.78,946116,NASDAQ:DUOL
2025-02-21,418.92,420.48,383.43,385.35,1079742,NASDAQ:DUOL
2025-02-24,390.26,397.3,372.01,389.9,1241009,NASDAQ:DUOL
2025-02-25,382.95,389.74,370.19,385.81,683760,NASDAQ:DUOL
2025-02-26,388.75,400.91,383.78,386.56,858255,NASDAQ:DUOL
2025-02-27,391.32,412.88,372.84,375.78,1502752,NASDAQ:DUOL
2025-02-28,325.06,329.61,303.68,312.07,3455444,NASDAQ:DUOL
2025-03-03,312.33,324.25,291.77,295.23,1947065,NASDAQ:DUOL
2025-03-04,288.87,301.96,276.67,294.15,1285797,NASDAQ:DUOL
2025-03-05,293.11,295.85,284.99,292.74,840489,NASDAQ:DUOL
2025-03-06,282.8,286.68,268.11,272.77,1048889,NASDAQ:DUOL
2025-03-07,271.45,296.9,268.03,295.56,1586732,NASDAQ:DUOL
2025-03-10,286.55,289,263.68,277.18,1706545,NASDAQ:DUOL
2025-03-11,277.45,282.22,269.45,274.91,1046628,NASDAQ:DUOL
2025-03-12,294.66,295.5,280.22,291.02,957535,NASDAQ:DUOL
2025-03-13,288.62,288.9,269.77,272.49,1035367,NASDAQ:DUOL
2025-03-14,280.5,286.74,280.1,283.54,809141,NASDAQ:DUOL
2025-03-17,286.79,301.86,285,294.18,919388,NASDAQ:DUOL
2025-03-18,294.91,304.66,283.87,288.81,650131,NASDAQ:DUOL
2025-03-19,289.94,304.62,287.14,301.12,673461,NASDAQ:DUOL
2025-03-20,296.65,314.82,293.29,306.17,606830,NASDAQ:DUOL
2025-03-21,300.7,312,294.82,309.3,869210,NASDAQ:DUOL
2025-03-24,319.16,331.73,315.26,330,1033430,NASDAQ:DUOL
2025-03-25,333.15,341.09,327.79,340.5,639836,NASDAQ:DUOL
2025-03-26,340,341.75,323.43,331.22,1096008,NASDAQ:DUOL
2025-03-27,330.63,340.36,324.2,332.94,695739,NASDAQ:DUOL
2025-03-28,330.23,330.23,307.4,315,888536,NASDAQ:DUOL
2025-03-31,307.53,317.35,298.7,310.54,778449,NASDAQ:DUOL
2025-04-01,310.86,328.27,307,327.38,668049,NASDAQ:DUOL
2025-04-02,318.56,342.28,317.52,337.56,545046,NASDAQ:DUOL
2025-04-03,315.56,318,302.01,313.9,946107,NASDAQ:DUOL
2025-04-04,295.03,300,275,292.88,1599341,NASDAQ:DUOL
2025-04-07,285.31,319.12,274.97,296.51,1475774,NASDAQ:DUOL
2025-04-08,317.81,319.95,288.77,293.27,922333,NASDAQ:DUOL
2025-04-09,296.3,338.95,289.31,337.4,1298728,NASDAQ:DUOL
2025-04-10,324.04,329.71,309.42,316.94,653645,NASDAQ:DUOL
2025-04-11,316.94,333.75,316,329.35,866883,NASDAQ:DUOL
2025-04-14,338.94,340.14,318.9,326.67,612850,NASDAQ:DUOL
2025-04-15,327.21,331.82,324.01,325.17,437356,NASDAQ:DUOL
2025-04-16,320.53,332.73,318,326.4,569775,NASDAQ:DUOL
2025-04-17,329.27,332.91,320.54,326.5,523586,NASDAQ:DUOL
2025-04-21,324.79,326.3,308.57,316.07,506875,NASDAQ:DUOL
2025-04-22,322.5,337.8,321.88,336.34,592167,NASDAQ:DUOL
2025-04-23,364.45,378.52,362.14,370,1104450,NASDAQ:DUOL
2025-04-24,370,381.18,366.98,375.02,620715,NASDAQ:DUOL
2025-04-25,377.68,386.37,362.9,381.83,1133589,NASDAQ:DUOL
2025-04-28,383.79,389.95,374.35,384.34,614937,NASDAQ:DUOL
2025-04-29,383.21,396.86,372.69,385.13,1410539,NASDAQ:DUOL
2025-04-30,371.31,390.41,371.31,389.48,967240,NASDAQ:DUOL
2025-05-01,396.18,406,390,400,1428951,NASDAQ:DUOL
2025-05-02,436.93,487,433,486.42,3054911,NASDAQ:DUOL
2025-05-05,480.66,504.31,475.53,494.13,1869078,NASDAQ:DUOL
2025-05-06,480.65,493.63,473.52,490.55,1493472,NASDAQ:DUOL
2025-05-07,491.31,504.5,491.06,495.56,1054317,NASDAQ:DUOL
2025-05-08,505.07,509.01,492.75,503.57,744738,NASDAQ:DUOL
2025-05-09,505,513.87,500.26,512.75,604433,NASDAQ:DUOL
2025-05-12,532.72,533.26,503,517.83,949625,NASDAQ:DUOL
2025-05-13,519.36,536.87,514.8,531.46,823868,NASDAQ:DUOL
2025-05-14,536.15,544.93,532.56,540.68,841441,NASDAQ:DUOL
2025-05-15,536,541.46,527,530.52,751990,NASDAQ:DUOL
2025-05-16,525,536,522.26,529.05,698168,NASDAQ:DUOL
2025-05-19,517.79,531.02,515.2,520.23,733406,NASDAQ:DUOL
2025-05-20,517.58,526.92,514.04,525.73,764504,NASDAQ:DUOL
2025-05-21,522.77,531.94,510.72,514.3,841091,NASDAQ:DUOL
2025-05-22,511.11,526.3,510.98,517.8,537920,NASDAQ:DUOL
2025-05-23,512.31,524.42,510,520.21,459664,NASDAQ:DUOL
2025-05-27,528.02,529.77,512.1,525,524391,NASDAQ:DUOL
2025-05-28,524.42,530,521.31,524.4,432691,NASDAQ:DUOL
2025-05-29,530.47,531.69,512.54,513.39,619814,NASDAQ:DUOL
2025-05-30,506.76,521.61,496.26,519.61,1136569,NASDAQ:DUOL
2025-06-02,519.76,528.07,513.21,526.85,680506,NASDAQ:DUOL
2025-06-03,529.57,534.5,512,513.37,691487,NASDAQ:DUOL
2025-06-04,515,523.33,510.67,518.79,638143,NASDAQ:DUOL
2025-06-05,530.18,531.87,518,522.99,741296,NASDAQ:DUOL
2025-06-06,524.8,540.3,510.88,512.95,929674,NASDAQ:DUOL
2025-06-09,509.48,509.48,485.53,497.93,1007178,NASDAQ:DUOL
2025-06-10,499.6,503.49,475.41,486.02,1135257,NASDAQ:DUOL
2025-06-11,486.94,487.9,471.92,473.78,967211,NASDAQ:DUOL
2025-06-12,475.36,482.57,470.15,481.48,651453,NASDAQ:DUOL
2025-06-13,471.94,485,471.05,478.48,550602,NASDAQ:DUOL
2025-06-16,482.57,489,471.79,474.9,695160,NASDAQ:DUOL
2025-06-17,470.71,478.97,466,476.3,455199,NASDAQ:DUOL
2025-06-18,478.84,482.68,473.18,478.73,486642,NASDAQ:DUOL
2025-06-20,477.42,483.03,465.8,471.57,1337825,NASDAQ:DUOL
2025-06-23,470,472.12,446.75,448.54,1246653,NASDAQ:DUOL
2025-06-24,454.65,455.76,417.28,422.79,1559303,NASDAQ:DUOL
2025-06-25,435.04,437.4,396.51,397.68,1433496,NASDAQ:DUOL
2025-06-26,402,408.37,383.6,398.66,1379707,NASDAQ:DUOL
2025-06-27,402.43,412.59,389.34,411.26,1580496,NASDAQ:DUOL
2025-06-30,416.35,426.8,409.1,410.02,903225,NASDAQ:DUOL
2025-07-01,409.24,413.72,394.15,403.06,779569,NASDAQ:DUOL
2025-07-02,400,406.03,395.55,397,637601,NASDAQ:DUOL
2025-07-03,397.11,402.27,388.26,391.86,552232,NASDAQ:DUOL
2025-07-07,390.75,397.54,382.33,396.45,993091,NASDAQ:DUOL
2025-07-08,400.3,406.68,373.11,389.45,1445330,NASDAQ:DUOL
2025-07-09,390,400.43,383.68,390.75,834506,NASDAQ:DUOL
2025-07-10,390.75,391.81,378.95,380.44,875755,NASDAQ:DUOL
2025-07-11,381.38,383.8,368.43,370.82,680814,NASDAQ:DUOL
2025-07-14,371.36,386.93,368,376.42,1022985,NASDAQ:DUOL
2025-07-15,377.8,382.59,372.14,378.31,588686,NASDAQ:DUOL
2025-07-16,378.31,378.31,355.06,361.35,1111480,NASDAQ:DUOL
2025-07-17,361.51,366,358.17,361.95,865141,NASDAQ:DUOL
2025-07-18,358.34,371.87,352.81,370.49,1039038,NASDAQ:DUOL
2025-07-21,371,372.01,354.05,355.85,809809,NASDAQ:DUOL
2025-07-22,357.53,363.14,351.29,356.23,632544,NASDAQ:DUOL
2025-07-23,358,366.64,357.65,359.79,1047819,NASDAQ:DUOL
2025-07-24,360.85,364.02,356,360.95,672959,NASDAQ:DUOL
2025-07-25,362.42,365.36,360.11,364.09,626160,NASDAQ:DUOL
2025-07-28,362.25,364.06,335.1,340.49,1779333,NASDAQ:DUOL
2025-07-29,342.5,342.75,331.22,333.71,967072,NASDAQ:DUOL
2025-07-30,335.08,341.89,331.51,341.34,765716,NASDAQ:DUOL
2025-07-31,342.82,357.26,338.05,346.55,1241173,NASDAQ:DUOL
2025-08-01,342.23,344.33,330.32,338.99,1016252,NASDAQ:DUOL
2025-08-04,343.29,352.87,341.25,352.36,973741,NASDAQ:DUOL
2025-08-05,354.6,356.47,338.5,340.31,1353763,NASDAQ:DUOL
2025-08-06,343.8,347.25,334.01,343.61,3158553,NASDAQ:DUOL
2025-08-07,446,468,378,390.84,8187946,NASDAQ:DUOL
2025-08-08,404.5,415.76,362.58,370.34,3839642,NASDAQ:DUOL
2025-08-11,371.44,373.5,336.4,340.59,2721366,NASDAQ:DUOL
2025-08-12,342.9,344.41,317.79,322.93,2617100,NASDAQ:DUOL
2025-08-13,324.02,328.93,307.05,327.93,2492793,NASDAQ:DUOL
2025-08-14,327.5,339.14,321.17,329.88,1803960,NASDAQ:DUOL
2025-08-15,329.51,333.95,322.38,326.93,1066226,NASDAQ:DUOL
2025-08-18,338.51,371.63,338.51,369.19,3135641,NASDAQ:DUOL
2025-08-19,367.01,368.39,338,340.66,1905238,NASDAQ:DUOL
2025-08-20,338.28,340.75,322.71,338.88,1336694,NASDAQ:DUOL
2025-08-21,336.58,346.91,331.46,345.52,1319347,NASDAQ:DUOL
2025-08-22,343.95,355,329.35,331.87,1959756,NASDAQ:DUOL
2025-08-25,331.83,339.49,317.19,321.44,1428070,NASDAQ:DUOL
2025-08-26,321.39,322,307.81,316.02,2170170,NASDAQ:DUOL
2025-08-27,317,324.4,316.03,317.93,1202586,NASDAQ:DUOL
2025-08-28,317.22,325.9,316.28,322.78,730463,NASDAQ:DUOL
2025-08-29,319.78,320.06,293.66,297.86,2280164,NASDAQ:DUOL
2025-09-02,291.25,298.42,287.21,289.98,1463015,NASDAQ:DUOL
2025-09-03,286.44,292,277.24,282.52,1735001,NASDAQ:DUOL
2025-09-04,275.13,278.28,267.39,272.7,2477336,NASDAQ:DUOL
2025-09-05,273.25,273.3,263.68,271.18,1825600,NASDAQ:DUOL
2025-09-08,265.83,276.49,264.82,271.28,1493850,NASDAQ:DUOL
2025-09-09,272.16,287.5,256.63,273.49,3373792,NASDAQ:DUOL
2025-09-10,274.1,286.83,272,285.91,2055902,NASDAQ:DUOL
2025-09-11,296.22,315.48,291,309.34,3794503,NASDAQ:DUOL
2025-09-12,314.25,319.68,300.5,307.91,2173203,NASDAQ:DUOL
2025-09-15,308,309.99,284.68,285.11,2130316,NASDAQ:DUOL
2025-09-16,289.5,296.8,271,280.74,2300346,NASDAQ:DUOL
2025-09-17,267.79,281.94,264.85,279.16,2254187,NASDAQ:DUOL
2025-09-18,283.75,291.24,281.64,289.67,1339091,NASDAQ:DUOL
2025-09-19,290.3,291.48,285.46,290.9,1530238,NASDAQ:DUOL
2025-09-22,289.45,310.92,288.54,309.34,1956269,NASDAQ:DUOL
2025-09-23,305.46,305.49,293.5,299.5,1454280,NASDAQ:DUOL
2025-09-24,302.06,304.24,293.83,301.17,1348345,NASDAQ:DUOL
2025-09-25,295.58,315.21,294.45,313.49,1655257,NASDAQ:DUOL
2025-09-26,311.84,327.71,309.79,326.39,1601506,NASDAQ:DUOL
2025-09-29,320.08,336.22,314.68,328.78,1736985,NASDAQ:DUOL
2025-09-30,331.2,332,312.09,321.84,1770874,NASDAQ:DUOL
2025-10-01,320.57,322.05,293.03,303.72,2346014,NASDAQ:DUOL
2025-10-02,304.01,313.3,299,313,1468511,NASDAQ:DUOL
2025-10-03,315.55,330.33,315.34,322.63,1393051,NASDAQ:DUOL
2025-10-06,322.63,330,315.48,320.31,1597108,NASDAQ:DUOL
2025-10-07,321.22,323.57,314,319.98,812209,NASDAQ:DUOL
2025-10-08,321.55,350,320.6,347.27,1591057,NASDAQ:DUOL
2025-10-09,348,353,332.21,337.19,1269753,NASDAQ:DUOL
2025-10-10,340.45,347.6,323.11,325,988379,NASDAQ:DUOL
2025-10-13,330.16,331.64,323,330,775590,NASDAQ:DUOL
2025-10-14,323.82,336,320.63,332.6,801779,NASDAQ:DUOL
2025-10-15,334.03,344,333.33,341.08,744867,NASDAQ:DUOL
2025-10-16,340.59,343.25,320.21,330.56,1845225,NASDAQ:DUOL
2025-10-17,326.01,334.29,322,324.02,828661,NASDAQ:DUOL
2025-10-20,326.02,328.53,304.23,312.73,1508636,NASDAQ:DUOL
2025-10-21,312.48,325.93,311.35,317.61,967770,NASDAQ:DUOL
2025-10-22,318.95,320.35,301.74,307.57,850467,NASDAQ:DUOL
2025-10-23,303.76,317.6,303.76,313.45,567803,NASDAQ:DUOL
2025-10-24,318,322.09,311.12,312,731900,NASDAQ:DUOL
2025-10-27,317.35,318.84,305.16,306.73,980786,NASDAQ:DUOL
2025-10-28,307.1,309.24,293.51,293.88,1039301,NASDAQ:DUOL
2025-10-29,290,290.34,272.21,272.76,2332241,NASDAQ:DUOL
2025-10-30,272.59,277.49,262.3,262.82,1217293,NASDAQ:DUOL
2025-10-31,267.06,270.87,259.71,270.64,1428906,NASDAQ:DUOL
2025-07-31,90,124.63,84.11,115.5,64409032,NYSE:FIG
2025-08-01,134.82,142.92,110.11,122,56350629,NYSE:FIG
2025-08-04,113.92,114.29,88.6,88.6,39710102,NYSE:FIG
2025-08-05,91.19,94,79,79.08,25581084,NYSE:FIG
2025-08-06,76.9,91.49,76.65,90.32,28703577,NYSE:FIG
2025-08-07,86.65,87.88,77.8,78.24,14153660,NYSE:FIG
2025-08-08,82.54,82.6,78,78.11,7353690,NYSE:FIG
2025-08-11,78.78,84,78,82.5,8644610,NYSE:FIG
2025-08-12,85.01,90.69,83.91,87.36,10473600,NYSE:FIG
2025-08-13,90.96,91,81.05,81.91,8138917,NYSE:FIG
2025-08-14,81.5,82.94,76,76.31,8133858,NYSE:FIG
2025-08-15,79,81,76.56,79.42,4685886,NYSE:FIG
2025-08-18,79.2,80.75,75.5,76.16,4296767,NYSE:FIG
2025-08-19,76.42,76.57,68.61,69.41,9025600,NYSE:FIG
2025-08-20,70,75.15,67,74.04,8574041,NYSE:FIG
2025-08-21,73.1,74.07,71.82,72.76,2786415,NYSE:FIG
2025-08-22,73.41,78,72.41,77.3,4151861,NYSE:FIG
2025-08-25,74.56,75.7,69.61,70.4,6761607,NYSE:FIG
2025-08-26,70.88,72.2,69.3,70.13,3355410,NYSE:FIG
2025-08-27,70.5,71.68,68.52,69.88,3915326,NYSE:FIG
2025-08-28,70.18,72.11,69.31,71.26,3137962,NYSE:FIG
2025-08-29,70.51,71.44,68.9,70.28,3420015,NYSE:FIG
2025-09-02,68.73,68.96,64.55,65.57,8027796,NYSE:FIG
2025-09-03,66.7,68.59,65.54,68.13,12276058,NYSE:FIG
2025-09-04,55.9,57.35,53.2,54.56,29316438,NYSE:FIG
2025-09-05,52.38,54.96,50.49,54.86,20813802,NYSE:FIG
2025-09-08,54.17,55.32,52.4,52.47,9662785,NYSE:FIG
2025-09-09,52.45,53.62,51.43,53.32,7845422,NYSE:FIG
2025-09-10,53.61,55.21,50.82,51.06,9614213,NYSE:FIG
2025-09-11,51.05,56.32,51.04,55.96,13224340,NYSE:FIG
2025-09-12,56.06,56.3,53,53.07,8610960,NYSE:FIG
2025-09-15,54.67,55.55,52.3,54.12,8938762,NYSE:FIG
2025-09-16,54.19,55,52.22,53.67,5707469,NYSE:FIG
2025-09-17,53.67,57.49,53.31,54.78,11400911,NYSE:FIG
2025-09-18,55.48,58.88,54.66,58.41,12053096,NYSE:FIG
2025-09-19,59.37,59.49,55.24,56.81,10658524,NYSE:FIG
2025-09-22,56.3,59.69,55.36,58.79,9769227,NYSE:FIG
2025-09-23,59.59,59.59,56.89,58.13,7677250,NYSE:FIG
2025-09-24,57.5,57.7,54.8,55.21,9373614,NYSE:FIG
2025-09-25,53.88,55.12,52.45,54.39,6701476,NYSE:FIG
2025-09-26,53.82,54.39,52.13,52.91,7584527,NYSE:FIG
2025-09-29,54.06,54.3,52.64,53.15,5645674,NYSE:FIG
2025-09-30,53.65,54.5,51.34,51.87,7998420,NYSE:FIG
2025-10-01,51.28,52.29,49.53,50.3,11446288,NYSE:FIG
2025-10-02,51.17,52.45,51.12,51.91,6991124,NYSE:FIG
2025-10-03,52.5,56.09,52.33,53.04,11308971,NYSE:FIG
2025-10-06,53.46,61.75,51.1,56.96,28006335,NYSE:FIG
2025-10-07,61.6,64.17,58.78,60.84,25145752,NYSE:FIG
2025-10-08,63,71.48,62.52,71.08,27356464,NYSE:FIG
2025-10-09,70.16,70.79,67.15,67.94,11430471,NYSE:FIG
2025-10-10,69.67,70.4,60.76,61.06,16558790,NYSE:FIG
2025-10-13,63,65.47,61.36,64.28,8221799,NYSE:FIG
2025-10-14,62,62.75,60.49,60.82,7166674,NYSE:FIG
2025-10-15,62.22,65.5,60.88,63.82,10656803,NYSE:FIG
2025-10-16,65.15,67.68,57.43,57.79,16694307,NYSE:FIG
2025-10-17,57,57.99,54.1,56.84,7529095,NYSE:FIG
2025-10-20,58.18,58.58,54,55.71,7895555,NYSE:FIG
2025-10-21,55.88,57.25,54.92,55.71,5368193,NYSE:FIG
2025-10-22,54.72,54.85,51.1,52.81,8750192,NYSE:FIG
2025-10-23,53.36,53.68,52,53.35,3545840,NYSE:FIG
2025-10-24,54.55,55.48,53,53.36,4439751,NYSE:FIG
2025-10-27,54.48,55.27,52.73,53.14,4333207,NYSE:FIG
2025-10-28,54.75,54.75,51.82,51.89,4810107,NYSE:FIG
2025-10-29,52.1,52.64,50.21,50.81,5824525,NYSE:FIG
2025-10-30,50.07,50.42,48.68,48.84,6417380,NYSE:FIG
2025-10-31,48.47,50.3,46.88,49.84,8198981,NYSE:FIG
2024-10-30,4.14,4.14,4.06,4.12,15906646,NASDAQ:GRAB
2024-10-31,4.14,4.16,4.06,4.08,19758613,NASDAQ:GRAB
2024-11-01,4.05,4.09,4.02,4.07,12661550,NASDAQ:GRAB
2024-11-04,4.05,4.14,4.04,4.09,14474918,NASDAQ:GRAB
2024-11-05,4.08,4.2,4.08,4.19,19279942,NASDAQ:GRAB
2024-11-06,4.2,4.23,4.11,4.22,22590150,NASDAQ:GRAB
2024-11-07,4.32,4.44,4.26,4.27,23567240,NASDAQ:GRAB
2024-11-08,4.25,4.26,4.05,4.23,20953651,NASDAQ:GRAB
2024-11-11,4.31,4.41,4.26,4.38,68608602,NASDAQ:GRAB
2024-11-12,4.72,4.93,4.59,4.89,148639404,NASDAQ:GRAB
2024-11-13,4.84,4.9,4.54,4.89,80202765,NASDAQ:GRAB
2024-11-14,4.81,4.85,4.7,4.73,44780565,NASDAQ:GRAB
2024-11-15,4.7,4.74,4.59,4.73,54447498,NASDAQ:GRAB
2024-11-18,4.76,5,4.7,4.99,59147715,NASDAQ:GRAB
2024-11-19,4.96,5.54,4.94,5.46,96743665,NASDAQ:GRAB
2024-11-20,5.48,5.67,5.4,5.66,82005256,NASDAQ:GRAB
2024-11-21,5.5,5.72,5.47,5.67,52984852,NASDAQ:GRAB
2024-11-22,5.44,5.49,5,5.07,58748875,NASDAQ:GRAB
2024-11-25,5.21,5.21,5.02,5.14,48803041,NASDAQ:GRAB
2024-11-26,5.14,5.31,5.14,5.15,20366457,NASDAQ:GRAB
2024-11-27,5.16,5.32,5.09,5.18,36030162,NASDAQ:GRAB
2024-11-29,5.16,5.18,4.95,5,27784588,NASDAQ:GRAB
2024-12-02,5.06,5.19,5,5.18,26513174,NASDAQ:GRAB
2024-12-03,5.18,5.33,5.15,5.29,39148529,NASDAQ:GRAB
2024-12-04,5.28,5.39,5.21,5.31,44466397,NASDAQ:GRAB
2024-12-05,5.23,5.27,5.12,5.24,26155094,NASDAQ:GRAB
2024-12-06,5.28,5.3,5.07,5.14,26485302,NASDAQ:GRAB
2024-12-09,5.21,5.4,5.16,5.33,36944266,NASDAQ:GRAB
2024-12-10,5.27,5.48,5.2,5.43,65821750,NASDAQ:GRAB
2024-12-11,5.51,5.52,5.37,5.4,30745481,NASDAQ:GRAB
2024-12-12,5.4,5.41,5.17,5.18,34765709,NASDAQ:GRAB
2024-12-13,5.2,5.24,5.08,5.13,28729105,NASDAQ:GRAB
2024-12-16,5.15,5.19,5.03,5.13,34454622,NASDAQ:GRAB
2024-12-17,5.07,5.15,4.96,5.14,31425503,NASDAQ:GRAB
2024-12-18,5.18,5.19,4.87,4.91,25915091,NASDAQ:GRAB
2024-12-19,4.92,4.98,4.81,4.92,22249654,NASDAQ:GRAB
2024-12-20,4.81,4.98,4.8,4.9,28387260,NASDAQ:GRAB
2024-12-23,4.89,4.92,4.84,4.88,17509536,NASDAQ:GRAB
2024-12-24,4.88,4.99,4.83,4.94,8028902,NASDAQ:GRAB
2024-12-26,4.91,5.03,4.89,4.96,11563894,NASDAQ:GRAB
2024-12-27,4.96,4.96,4.75,4.81,22492678,NASDAQ:GRAB
2024-12-30,4.77,4.78,4.72,4.76,17883393,NASDAQ:GRAB
2024-12-31,4.72,4.77,4.65,4.72,15072367,NASDAQ:GRAB
2025-01-02,4.73,4.85,4.7,4.74,15505193,NASDAQ:GRAB
2025-01-03,4.71,4.81,4.64,4.81,16953833,NASDAQ:GRAB
2025-01-06,4.99,5,4.83,4.87,22329449,NASDAQ:GRAB
2025-01-07,4.91,4.91,4.71,4.74,23034632,NASDAQ:GRAB
2025-01-08,4.76,4.76,4.51,4.63,23947628,NASDAQ:GRAB
2025-01-10,4.51,4.53,4.37,4.49,30128915,NASDAQ:GRAB
2025-01-13,4.38,4.51,4.37,4.5,21088192,NASDAQ:GRAB
2025-01-14,4.51,4.56,4.34,4.36,31140361,NASDAQ:GRAB
2025-01-15,4.43,4.6,4.42,4.46,25732155,NASDAQ:GRAB
2025-01-16,4.54,4.57,4.44,4.45,23767375,NASDAQ:GRAB
2025-01-17,4.5,4.63,4.47,4.5,30389021,NASDAQ:GRAB
2025-01-21,4.68,4.68,4.54,4.61,34041096,NASDAQ:GRAB
2025-01-22,4.66,4.68,4.57,4.66,27799442,NASDAQ:GRAB
2025-01-23,4.68,4.7,4.55,4.64,17487730,NASDAQ:GRAB
2025-01-24,4.67,4.67,4.5,4.57,20958332,NASDAQ:GRAB
2025-01-27,4.48,4.51,4.41,4.44,18440338,NASDAQ:GRAB
2025-01-28,4.49,4.58,4.4,4.56,15967160,NASDAQ:GRAB
2025-01-29,4.55,4.79,4.54,4.78,34365257,NASDAQ:GRAB
2025-01-30,4.81,4.83,4.62,4.64,28454717,NASDAQ:GRAB
2025-01-31,4.69,4.71,4.55,4.58,26008992,NASDAQ:GRAB
2025-02-03,4.49,4.61,4.43,4.54,20591243,NASDAQ:GRAB
2025-02-04,4.98,5.19,4.93,5.11,77206798,NASDAQ:GRAB
2025-02-05,4.8,4.92,4.53,4.56,63630517,NASDAQ:GRAB
2025-02-06,4.68,4.72,4.59,4.67,29748258,NASDAQ:GRAB
2025-02-07,4.71,4.83,4.7,4.79,32404771,NASDAQ:GRAB
2025-02-10,4.79,4.84,4.7,4.78,22116109,NASDAQ:GRAB
2025-02-11,4.79,4.85,4.72,4.78,26931770,NASDAQ:GRAB
2025-02-12,4.75,5.08,4.75,5,57675355,NASDAQ:GRAB
2025-02-13,5.07,5.07,4.74,4.96,48340513,NASDAQ:GRAB
2025-02-14,4.98,5.04,4.86,4.9,31294789,NASDAQ:GRAB
2025-02-18,5.3,5.53,5.1,5.3,111637010,NASDAQ:GRAB
2025-02-19,5.36,5.37,5.1,5.34,86958551,NASDAQ:GRAB
2025-02-20,5.08,5.15,4.71,4.79,82287570,NASDAQ:GRAB
2025-02-21,5.01,5.29,4.8,4.9,56504894,NASDAQ:GRAB
2025-02-24,4.9,4.95,4.67,4.82,38764636,NASDAQ:GRAB
2025-02-25,4.76,4.77,4.55,4.56,38662430,NASDAQ:GRAB
2025-02-26,4.7,4.89,4.63,4.87,35264281,NASDAQ:GRAB
2025-02-27,4.85,5.01,4.8,4.83,36875045,NASDAQ:GRAB
2025-02-28,4.78,4.88,4.72,4.85,55502539,NASDAQ:GRAB
2025-03-03,4.88,5,4.71,4.73,45847432,NASDAQ:GRAB
2025-03-04,4.6,4.74,4.48,4.69,33122741,NASDAQ:GRAB
2025-03-05,4.7,4.83,4.69,4.83,25232320,NASDAQ:GRAB
2025-03-06,4.75,4.77,4.54,4.6,27764607,NASDAQ:GRAB
2025-03-07,4.6,4.61,4.43,4.59,39222872,NASDAQ:GRAB
2025-03-10,4.45,4.45,4,4.12,80731861,NASDAQ:GRAB
2025-03-11,4.26,4.53,4.2,4.31,50990243,NASDAQ:GRAB
2025-03-12,4.46,4.5,4.18,4.22,31681391,NASDAQ:GRAB
2025-03-13,4.21,4.31,4.2,4.26,30576847,NASDAQ:GRAB
2025-03-14,4.34,4.42,4.32,4.4,17810709,NASDAQ:GRAB
2025-03-17,4.49,4.51,4.4,4.45,21533916,NASDAQ:GRAB
2025-03-18,4.64,4.68,4.5,4.6,36003569,NASDAQ:GRAB
2025-03-19,4.61,4.79,4.57,4.71,38837194,NASDAQ:GRAB
2025-03-20,4.72,4.72,4.53,4.58,17092533,NASDAQ:GRAB
2025-03-21,4.51,4.65,4.44,4.64,23250332,NASDAQ:GRAB
2025-03-24,4.64,4.68,4.6,4.62,34925896,NASDAQ:GRAB
2025-03-25,4.64,4.69,4.53,4.54,18424413,NASDAQ:GRAB
2025-03-26,4.62,4.79,4.57,4.78,34315971,NASDAQ:GRAB
2025-03-27,4.78,4.85,4.69,4.8,27429886,NASDAQ:GRAB
2025-03-28,4.79,4.79,4.54,4.57,25068624,NASDAQ:GRAB
2025-03-31,4.38,4.56,4.29,4.53,30698400,NASDAQ:GRAB
2025-04-01,4.45,4.56,4.43,4.55,15596883,NASDAQ:GRAB
2025-04-02,4.44,4.61,4.44,4.61,30017982,NASDAQ:GRAB
2025-04-03,4.37,4.4,4.2,4.26,29250486,NASDAQ:GRAB
2025-04-04,4.09,4.1,3.66,3.73,87102410,NASDAQ:GRAB
2025-04-07,3.6,3.76,3.36,3.48,95733938,NASDAQ:GRAB
2025-04-08,3.79,3.95,3.63,3.73,84309480,NASDAQ:GRAB
2025-04-09,3.85,4.32,3.7,4.26,62957819,NASDAQ:GRAB
2025-04-10,4.11,4.12,3.85,3.97,52700963,NASDAQ:GRAB
2025-04-11,4.03,4.07,3.93,4.05,47057787,NASDAQ:GRAB
2025-04-14,4.11,4.16,3.96,3.98,32449658,NASDAQ:GRAB
2025-04-15,4.01,4.09,3.99,4.06,17983512,NASDAQ:GRAB
2025-04-16,3.95,4.12,3.93,4.04,32231718,NASDAQ:GRAB
2025-04-17,4.08,4.17,4.06,4.11,17716723,NASDAQ:GRAB
2025-04-21,4.1,4.2,4,4.07,14223716,NASDAQ:GRAB
2025-04-22,4.13,4.33,4.13,4.24,19817556,NASDAQ:GRAB
2025-04-23,4.49,4.6,4.32,4.38,42330825,NASDAQ:GRAB
2025-04-24,4.38,4.7,4.38,4.68,30544093,NASDAQ:GRAB
2025-04-25,4.65,4.79,4.56,4.78,37684641,NASDAQ:GRAB
2025-04-28,4.79,4.89,4.66,4.76,44312413,NASDAQ:GRAB
2025-04-29,4.8,4.85,4.71,4.79,33239742,NASDAQ:GRAB
2025-04-30,4.69,4.93,4.65,4.88,41720443,NASDAQ:GRAB
2025-05-01,4.93,4.94,4.75,4.77,26912076,NASDAQ:GRAB
2025-05-02,4.85,4.98,4.82,4.89,32785465,NASDAQ:GRAB
2025-05-05,4.84,5,4.79,4.86,25044092,NASDAQ:GRAB
2025-05-06,4.79,4.88,4.74,4.84,24915798,NASDAQ:GRAB
2025-05-07,4.97,4.98,4.79,4.84,44377821,NASDAQ:GRAB
2025-05-08,4.85,4.97,4.83,4.93,20799119,NASDAQ:GRAB
2025-05-09,4.97,5.02,4.86,4.9,22257704,NASDAQ:GRAB
2025-05-12,5.04,5.04,4.95,4.99,20835424,NASDAQ:GRAB
2025-05-13,5,5.06,4.97,5.03,41385220,NASDAQ:GRAB
2025-05-14,5.03,5.25,5.01,5.25,52036232,NASDAQ:GRAB
2025-05-15,5.15,5.22,4.98,5.06,36267463,NASDAQ:GRAB
2025-05-16,5.1,5.2,5.05,5.09,24671121,NASDAQ:GRAB
2025-05-19,5.01,5.13,4.99,5.08,23549347,NASDAQ:GRAB
2025-05-20,5.07,5.07,4.89,4.94,32516748,NASDAQ:GRAB
2025-05-21,4.93,4.93,4.77,4.81,28478415,NASDAQ:GRAB
2025-05-22,4.82,5.06,4.8,4.96,36674696,NASDAQ:GRAB
2025-05-23,4.87,4.99,4.86,4.95,12721836,NASDAQ:GRAB
2025-05-27,4.99,5.03,4.94,4.97,25510391,NASDAQ:GRAB
2025-05-28,4.96,5.02,4.95,4.97,18857849,NASDAQ:GRAB
2025-05-29,5.03,5.04,4.85,4.89,19415984,NASDAQ:GRAB
2025-05-30,4.89,4.9,4.81,4.87,34303011,NASDAQ:GRAB
2025-06-02,4.9,4.91,4.71,4.85,27515831,NASDAQ:GRAB
2025-06-03,4.87,5.01,4.85,4.99,25703940,NASDAQ:GRAB
2025-06-04,4.98,5.11,4.98,5.02,25535109,NASDAQ:GRAB
2025-06-05,5.03,5.13,5,5.06,30507208,NASDAQ:GRAB
2025-06-06,5.28,5.29,5.05,5.17,33223937,NASDAQ:GRAB
2025-06-09,5.12,5.14,4.95,4.98,26682376,NASDAQ:GRAB
2025-06-10,4.95,4.97,4.65,4.68,114376381,NASDAQ:GRAB
2025-06-11,4.73,4.8,4.69,4.73,76419083,NASDAQ:GRAB
2025-06-12,4.71,4.71,4.57,4.63,57486723,NASDAQ:GRAB
2025-06-13,4.59,4.64,4.53,4.57,27567007,NASDAQ:GRAB
2025-06-16,4.66,4.76,4.66,4.71,34437544,NASDAQ:GRAB
2025-06-17,4.73,4.82,4.72,4.8,68450999,NASDAQ:GRAB
2025-06-18,4.78,4.8,4.63,4.66,35749179,NASDAQ:GRAB
2025-06-20,4.64,4.66,4.48,4.49,45365990,NASDAQ:GRAB
2025-06-23,4.5,4.61,4.48,4.56,26692365,NASDAQ:GRAB
2025-06-24,4.63,4.8,4.63,4.74,35627923,NASDAQ:GRAB
2025-06-25,4.76,4.77,4.58,4.59,33606078,NASDAQ:GRAB
2025-06-26,4.63,4.71,4.6,4.67,29919175,NASDAQ:GRAB
2025-06-27,4.67,4.94,4.65,4.92,51195110,NASDAQ:GRAB
2025-06-30,4.99,5.12,4.86,5.03,53350251,NASDAQ:GRAB
2025-07-01,5.04,5.07,4.86,4.93,30189563,NASDAQ:GRAB
2025-07-02,4.93,5.18,4.87,4.9,52767741,NASDAQ:GRAB
2025-07-03,4.92,4.95,4.83,4.87,19438366,NASDAQ:GRAB
2025-07-07,4.87,5.05,4.81,4.97,32824104,NASDAQ:GRAB
2025-07-08,5.04,5.07,4.8,4.8,43948214,NASDAQ:GRAB
2025-07-09,4.85,5.06,4.8,4.99,50068526,NASDAQ:GRAB
2025-07-10,5,5.01,4.9,4.92,28539084,NASDAQ:GRAB
2025-07-11,4.92,5.07,4.92,5,36728610,NASDAQ:GRAB
2025-07-14,5.07,5.17,4.98,5.01,27022200,NASDAQ:GRAB
2025-07-15,5.1,5.18,5.01,5.04,35314419,NASDAQ:GRAB
2025-07-16,5.05,5.14,4.96,5.13,39564556,NASDAQ:GRAB
2025-07-17,5.17,5.31,5.16,5.25,50947152,NASDAQ:GRAB
2025-07-18,5.35,5.42,5.29,5.34,45217634,NASDAQ:GRAB
2025-07-21,5.46,5.48,5.24,5.35,68286769,NASDAQ:GRAB
2025-07-22,5.43,5.5,5.21,5.47,54391146,NASDAQ:GRAB
2025-07-23,5.49,5.52,5.32,5.37,32321640,NASDAQ:GRAB
2025-07-24,5.36,5.39,5.27,5.34,22180571,NASDAQ:GRAB
2025-07-25,5.36,5.39,5.3,5.36,25384677,NASDAQ:GRAB
2025-07-28,5.36,5.36,5.25,5.28,25521520,NASDAQ:GRAB
2025-07-29,5.4,5.43,5.27,5.31,44062885,NASDAQ:GRAB
2025-07-30,5.31,5.36,5.26,5.29,43481369,NASDAQ:GRAB
2025-07-31,5.11,5.12,4.8,4.89,80297033,NASDAQ:GRAB
2025-08-01,4.88,4.9,4.73,4.8,39733682,NASDAQ:GRAB
2025-08-04,4.87,5,4.84,4.96,26746967,NASDAQ:GRAB
2025-08-05,4.96,5.03,4.9,4.97,35509186,NASDAQ:GRAB
2025-08-06,4.93,4.96,4.76,4.77,28108321,NASDAQ:GRAB
2025-08-07,4.84,4.96,4.77,4.95,42229226,NASDAQ:GRAB
2025-08-08,4.97,4.99,4.85,4.88,21994516,NASDAQ:GRAB
2025-08-11,4.87,4.89,4.77,4.82,18079215,NASDAQ:GRAB
2025-08-12,4.86,4.99,4.85,4.99,23801611,NASDAQ:GRAB
2025-08-13,5.03,5.15,4.97,5.12,35414231,NASDAQ:GRAB
2025-08-14,5.13,5.19,5.05,5.13,21178123,NASDAQ:GRAB
2025-08-15,5.13,5.23,5.11,5.13,17794130,NASDAQ:GRAB
2025-08-18,5.13,5.15,5.08,5.1,16970773,NASDAQ:GRAB
2025-08-19,5.12,5.26,5.05,5.05,33067861,NASDAQ:GRAB
2025-08-20,5.04,5.04,4.9,5.03,25642593,NASDAQ:GRAB
2025-08-21,5.03,5.07,5,5.01,13694949,NASDAQ:GRAB
2025-08-22,5.05,5.17,4.99,5.13,24241510,NASDAQ:GRAB
2025-08-25,5.1,5.12,4.99,5.01,26740220,NASDAQ:GRAB
2025-08-26,5,5.01,4.93,5,31901290,NASDAQ:GRAB
2025-08-27,4.99,5.02,4.94,4.95,17636746,NASDAQ:GRAB
2025-08-28,4.96,5.02,4.9,4.97,17844587,NASDAQ:GRAB
2025-08-29,4.95,5.01,4.91,4.99,36145862,NASDAQ:GRAB
2025-09-02,4.92,4.96,4.84,4.93,26845965,NASDAQ:GRAB
2025-09-03,4.93,4.99,4.89,4.92,27014583,NASDAQ:GRAB
2025-09-04,4.89,5.09,4.88,5.05,36213103,NASDAQ:GRAB
2025-09-05,5.09,5.18,5.06,5.16,35099870,NASDAQ:GRAB
2025-09-08,5.17,5.31,5.16,5.19,33633634,NASDAQ:GRAB
2025-09-09,5.16,5.3,5.09,5.29,42873389,NASDAQ:GRAB
2025-09-10,5.3,5.34,5.24,5.3,39979929,NASDAQ:GRAB
2025-09-11,5.29,5.57,5.22,5.53,85350125,NASDAQ:GRAB
2025-09-12,5.55,6.03,5.51,6,110319218,NASDAQ:GRAB
2025-09-15,5.9,6.16,5.61,6.14,110348926,NASDAQ:GRAB
2025-09-16,6.12,6.42,5.91,6.32,111341940,NASDAQ:GRAB
2025-09-17,6.13,6.13,5.92,6.1,110391279,NASDAQ:GRAB
2025-09-18,6.14,6.5,6.06,6.35,94937164,NASDAQ:GRAB
2025-09-19,6.39,6.5,6.32,6.39,53037073,NASDAQ:GRAB
2025-09-22,6.25,6.58,6.22,6.45,96489024,NASDAQ:GRAB
2025-09-23,6.48,6.62,6.26,6.32,55175236,NASDAQ:GRAB
2025-09-24,6.3,6.43,6.16,6.22,58607138,NASDAQ:GRAB
2025-09-25,6.13,6.27,5.99,6.25,68323208,NASDAQ:GRAB
2025-09-26,6.21,6.22,6.04,6.11,38493359,NASDAQ:GRAB
2025-09-29,6.12,6.17,5.93,6.11,32120378,NASDAQ:GRAB
2025-09-30,6.06,6.15,5.99,6.02,38654988,NASDAQ:GRAB
2025-10-01,6.04,6.22,5.83,5.9,71049215,NASDAQ:GRAB
2025-10-02,5.99,6.07,5.9,6.05,47729845,NASDAQ:GRAB
2025-10-03,6.12,6.22,6.06,6.16,50405560,NASDAQ:GRAB
2025-10-06,6.28,6.45,6.14,6.39,51292330,NASDAQ:GRAB
2025-10-07,6.55,6.6,6.24,6.27,41965794,NASDAQ:GRAB
2025-10-08,6.33,6.44,6.23,6.36,31303436,NASDAQ:GRAB
2025-10-09,6.39,6.4,6.07,6.17,39888477,NASDAQ:GRAB
2025-10-10,6.12,6.14,5.84,5.86,52095713,NASDAQ:GRAB
2025-10-13,5.99,6.07,5.89,5.93,27376496,NASDAQ:GRAB
2025-10-14,5.79,6.02,5.7,5.91,31275006,NASDAQ:GRAB
2025-10-15,6.06,6.14,5.9,5.92,37986813,NASDAQ:GRAB
2025-10-16,5.95,5.99,5.64,5.71,39900546,NASDAQ:GRAB
2025-10-17,5.62,5.68,5.54,5.64,41462614,NASDAQ:GRAB
2025-10-20,5.79,5.81,5.65,5.67,30957461,NASDAQ:GRAB
2025-10-21,5.68,5.68,5.54,5.6,48870444,NASDAQ:GRAB
2025-10-22,5.62,5.62,5.42,5.62,48402597,NASDAQ:GRAB
2025-10-23,5.67,5.76,5.58,5.72,51345261,NASDAQ:GRAB
2025-10-24,5.85,5.92,5.77,5.85,50349230,NASDAQ:GRAB
2025-10-27,6,6.13,5.91,6.12,51338080,NASDAQ:GRAB
2025-10-28,6.23,6.24,5.9,5.94,48236570,NASDAQ:GRAB
2025-10-29,5.94,6.09,5.85,6.05,55308644,NASDAQ:GRAB
2025-10-30,6,6.08,5.92,5.98,39456843,NASDAQ:GRAB
2025-10-31,5.97,6.08,5.95,6.01,41950151,NASDAQ:GRAB
2024-10-30,42.73,42.99,41.5,42.6,1226049,NYSE:RBRK
2024-10-31,42.71,42.96,41.05,41.26,864993,NYSE:RBRK
2024-11-01,41.44,41.94,41.02,41.38,1110624,NYSE:RBRK
2024-11-04,41,42.15,40.98,41.52,870636,NYSE:RBRK
2024-11-05,41.5,42.45,41.18,41.55,667722,NYSE:RBRK
2024-11-06,42.99,44.13,42.81,43.29,1280536,NYSE:RBRK
2024-11-07,43.6,44.98,43.3,44.47,1286668,NYSE:RBRK
2024-11-08,44.3,45.09,43.8,44.76,1492269,NYSE:RBRK
2024-11-11,45.17,45.9,43.48,44.32,1014779,NYSE:RBRK
2024-11-12,43.95,45,43.63,44.81,951375,NYSE:RBRK
2024-11-13,45,45.61,43.65,44.58,1406397,NYSE:RBRK
2024-11-14,44.52,45.16,43.44,44.5,836468,NYSE:RBRK
2024-11-15,44.07,44.68,42.01,43.24,1627446,NYSE:RBRK
2024-11-18,43.61,44.29,43.08,43.83,750142,NYSE:RBRK
2024-11-19,43.26,44.28,42.5,44.21,756284,NYSE:RBRK
2024-11-20,45,45.49,43.76,45.15,924140,NYSE:RBRK
2024-11-21,46,49.73,46,49.12,1848321,NYSE:RBRK
2024-11-22,49.38,51.58,49.37,51.05,1713535,NYSE:RBRK
2024-11-25,51.08,52.75,49.85,50.39,2102987,NYSE:RBRK
2024-11-26,50.27,51.3,49.77,50.02,979282,NYSE:RBRK
2024-11-27,50.06,50.77,48.94,49.66,717695,NYSE:RBRK
2024-11-29,50.26,51.99,50.06,50.82,518425,NYSE:RBRK
2024-12-02,51.1,51.8,49.28,49.43,1107223,NYSE:RBRK
2024-12-03,48.69,51.17,48.15,50.93,1277193,NYSE:RBRK
2024-12-04,51.51,54,51.32,52.62,2278543,NYSE:RBRK
2024-12-05,52.3,54.9,52.02,53.66,3940398,NYSE:RBRK
2024-12-06,65.68,72.66,62.06,64.63,17262390,NYSE:RBRK
2024-12-09,63.94,70.18,63.35,69.79,5866236,NYSE:RBRK
2024-12-10,69.5,73.9,67.65,69.23,3889170,NYSE:RBRK
2024-12-11,69.71,72.08,69.41,70.42,2477467,NYSE:RBRK
2024-12-12,70,74.99,70,74.19,2703300,NYSE:RBRK
2024-12-13,71.15,72.69,69.68,72.18,5634743,NYSE:RBRK
2024-12-16,71.95,75.79,71.8,75.51,4061988,NYSE:RBRK
2024-12-17,75,75.22,71.87,72.97,3890088,NYSE:RBRK
2024-12-18,72.7,72.91,67.05,68.05,5415424,NYSE:RBRK
2024-12-19,68.84,70.42,65.1,66.98,5121344,NYSE:RBRK
2024-12-20,64.88,67.83,63.85,66.12,8305854,NYSE:RBRK
2024-12-23,66.56,67.94,65.08,67.17,2451551,NYSE:RBRK
2024-12-24,66.91,69.64,64.3,67.93,1724387,NYSE:RBRK
2024-12-26,69.07,69.69,67.55,68.38,1711844,NYSE:RBRK
2024-12-27,68.79,68.79,66.56,68.35,2177978,NYSE:RBRK
2024-12-30,66.61,71.3,65.58,68.27,3724057,NYSE:RBRK
2024-12-31,68.07,68.46,65.05,65.36,1720572,NYSE:RBRK
2025-01-02,65.51,66.87,64.05,66.35,1645186,NYSE:RBRK
2025-01-03,66.97,69.36,65.08,66.9,2608256,NYSE:RBRK
2025-01-06,69,70.58,65.82,68.5,3333883,NYSE:RBRK
2025-01-07,68.95,69.59,63.6,64.34,3167230,NYSE:RBRK
2025-01-08,62.6,65,62.06,63.19,2325253,NYSE:RBRK
2025-01-10,62.35,64,60.53,63.46,1900873,NYSE:RBRK
2025-01-13,64.24,66.29,62.74,65.05,2613106,NYSE:RBRK
2025-01-14,65.4,66,63.73,65.09,1743340,NYSE:RBRK
2025-01-15,66.52,68.75,64.56,66.73,2527779,NYSE:RBRK
2025-01-16,65.02,68.58,62.53,68.24,2424374,NYSE:RBRK
2025-01-17,69.6,70.1,67.33,67.9,4410983,NYSE:RBRK
2025-01-21,69.15,72.19,68.51,71.36,2446138,NYSE:RBRK
2025-01-22,72.56,73.1,70.92,71.35,1582813,NYSE:RBRK
2025-01-23,70.5,71.64,69.52,70.31,1735465,NYSE:RBRK
2025-01-24,71.01,71.96,70.41,70.99,1190114,NYSE:RBRK
2025-01-27,68.18,73.28,67.4,69.01,2071031,NYSE:RBRK
2025-01-28,70.46,74.5,69.02,73.19,2438899,NYSE:RBRK
2025-01-29,73.5,75.25,71.76,74.11,2297283,NYSE:RBRK
2025-01-30,74.51,76.21,72.8,74.03,1335644,NYSE:RBRK
2025-01-31,75.26,77.22,73.25,73.27,1465315,NYSE:RBRK
2025-02-03,70.19,71.81,68.74,70.87,2213862,NYSE:RBRK
2025-02-04,70.61,74.19,70.1,74.08,2133567,NYSE:RBRK
2025-02-05,74.5,75.98,73.88,75.59,1195747,NYSE:RBRK
2025-02-06,76.06,76.55,74.13,75.34,1441699,NYSE:RBRK
2025-02-07,75.55,79.05,74.14,74.49,1792249,NYSE:RBRK
2025-02-10,74.9,77.71,74.9,76.96,2257627,NYSE:RBRK
2025-02-11,76.1,76.78,72.52,72.9,1969958,NYSE:RBRK
2025-02-12,72.42,78.28,71.2,77.55,2090554,NYSE:RBRK
2025-02-13,78.3,80,77.06,78.72,2015127,NYSE:RBRK
2025-02-14,79.8,79.8,76.56,77.54,1201697,NYSE:RBRK
2025-02-18,78,78.4,75,78.09,1954415,NYSE:RBRK
2025-02-19,76.5,76.86,73.2,74.19,1977106,NYSE:RBRK
2025-02-20,73.5,73.55,68.58,72.22,2481254,NYSE:RBRK
2025-02-21,71.03,72.7,69.19,69.7,1934788,NYSE:RBRK
2025-02-24,69.26,69.26,65.19,67.72,2779474,NYSE:RBRK
2025-02-25,67.54,67.58,62.59,63.86,1863873,NYSE:RBRK
2025-02-26,65.02,67.21,65.01,65.84,1109666,NYSE:RBRK
2025-02-27,67,68.14,64.23,64.3,1414660,NYSE:RBRK
2025-02-28,64,65.26,62.64,65.12,1686214,NYSE:RBRK
2025-03-03,66.41,68.32,60.98,61.37,1428880,NYSE:RBRK
2025-03-04,59.48,63.06,58.18,61.56,1681242,NYSE:RBRK
2025-03-05,61.16,63.23,59.56,62.85,1135052,NYSE:RBRK
2025-03-06,60.71,62.23,58.21,58.59,1288632,NYSE:RBRK
2025-03-07,58.25,59.15,54.51,57.35,2307106,NYSE:RBRK
2025-03-10,55.03,55.9,51.45,51.84,2486921,NYSE:RBRK
2025-03-11,51.57,55.08,51.09,53.82,2296342,NYSE:RBRK
2025-03-12,59.39,59.92,56.55,57.11,2136217,NYSE:RBRK
2025-03-13,56.48,57.11,55,55.28,2710814,NYSE:RBRK
2025-03-14,67.8,71.2,64.8,70.64,7273318,NYSE:RBRK
2025-03-17,70,72.41,68.11,70.84,3314069,NYSE:RBRK
2025-03-18,70.55,71.44,68.75,70.01,2174896,NYSE:RBRK
2025-03-19,70.13,71.93,69.28,70.96,2390734,NYSE:RBRK
2025-03-20,69.58,71.74,69,70.19,2635844,NYSE:RBRK
2025-03-21,68.24,69.42,67.4,68.19,3935832,NYSE:RBRK
2025-03-24,70,73.82,69.28,73.46,2946905,NYSE:RBRK
2025-03-25,73.79,76.11,73.4,74.28,2536366,NYSE:RBRK
2025-03-26,70.06,71.42,67.01,68.61,4745192,NYSE:RBRK
2025-03-27,67.72,68.73,65.18,66,2532042,NYSE:RBRK
2025-03-28,65.2,65.32,61.42,63.66,3232812,NYSE:RBRK
2025-03-31,61.75,61.8,58.66,60.98,5121284,NYSE:RBRK
2025-04-01,61,61.29,58.75,60.47,2062434,NYSE:RBRK
2025-04-02,59.76,63.85,59.76,62.43,1782373,NYSE:RBRK
2025-04-03,59.26,60.78,56.69,57.45,2846680,NYSE:RBRK
2025-04-04,54.58,55.2,49.12,51.77,2631818,NYSE:RBRK
2025-04-07,48.54,56.91,47.35,53.02,3460033,NYSE:RBRK
2025-04-08,57.17,57.64,51.71,52.81,3817844,NYSE:RBRK
2025-04-09,53.31,62.63,52.38,61.69,4530113,NYSE:RBRK
2025-04-10,59.97,61.34,57.75,58.35,2585053,NYSE:RBRK
2025-04-11,58.87,59.36,56.01,59.01,2990496,NYSE:RBRK
2025-04-14,61.3,62.71,59.07,60.05,2491028,NYSE:RBRK
2025-04-15,60.86,63.38,60.45,63.31,2755723,NYSE:RBRK
2025-04-16,61.62,63.58,60.31,62.32,2345853,NYSE:RBRK
2025-04-17,62.34,62.91,60.73,61.61,2247505,NYSE:RBRK
2025-04-21,61.45,61.61,57.9,59.28,2531909,NYSE:RBRK
2025-04-22,61.5,62.88,60.08,61.89,2424231,NYSE:RBRK
2025-04-23,64.58,68.18,64.52,65.55,3189464,NYSE:RBRK
2025-04-24,65.81,68.59,65.81,68.21,2254375,NYSE:RBRK
2025-04-25,68.12,69.85,67.53,69.84,1545230,NYSE:RBRK
2025-04-28,69.31,70.19,68.29,69.76,3092891,NYSE:RBRK
2025-04-29,70,71.55,69.51,70.74,2591001,NYSE:RBRK
2025-04-30,69.15,70.66,67.7,70.53,1299116,NYSE:RBRK
2025-05-01,71.58,72.33,70.01,71.11,2049295,NYSE:RBRK
2025-05-02,72.92,73.69,71.73,73.33,2333634,NYSE:RBRK
2025-05-05,72.24,77.34,72.24,74.67,4007302,NYSE:RBRK
2025-05-06,72.15,74.59,71.31,74.24,2274942,NYSE:RBRK
2025-05-07,74.18,76.33,74,75.81,1791538,NYSE:RBRK
2025-05-08,77,77.97,75.27,76.57,2117952,NYSE:RBRK
2025-05-09,77.13,79.79,76,76.88,3233474,NYSE:RBRK
2025-05-12,78.83,79.38,76.31,78.61,1914501,NYSE:RBRK
2025-05-13,78.88,84.47,78.88,83.1,3440684,NYSE:RBRK
2025-05-14,83.5,84.65,82.13,84.61,2060994,NYSE:RBRK
2025-05-15,83.2,86,82.06,85.52,2262075,NYSE:RBRK
2025-05-16,87.5,87.5,85.07,85.31,1718616,NYSE:RBRK
2025-05-19,83.4,86.75,82.02,86.72,2281468,NYSE:RBRK
2025-05-20,87.01,89.09,86.69,89.01,2156388,NYSE:RBRK
2025-05-21,87.47,89.84,86.41,87.75,1807980,NYSE:RBRK
2025-05-22,87.42,92.31,87.42,91.11,2419071,NYSE:RBRK
2025-05-23,88.95,93.11,88.31,92.35,1819523,NYSE:RBRK
2025-05-27,93.24,95.39,92.31,94.85,2632166,NYSE:RBRK
2025-05-28,94.86,95.9,93.51,94.09,1863019,NYSE:RBRK
2025-05-29,97,97.76,93.95,95.38,3029709,NYSE:RBRK
2025-05-30,94.99,95.59,93,95.35,4593794,NYSE:RBRK
2025-06-02,95.15,99.79,94.53,99.74,2468024,NYSE:RBRK
2025-06-03,99.8,99.98,97.94,98.07,2854958,NYSE:RBRK
2025-06-04,98,99.4,97.54,98.54,2418668,NYSE:RBRK
2025-06-05,98.58,101.8,97.81,98.57,5160759,NYSE:RBRK
2025-06-06,102.8,103,95,97.91,6569713,NYSE:RBRK
2025-06-09,96.29,97,92.37,93.15,5992666,NYSE:RBRK
2025-06-10,90.19,90.77,86.54,87.55,10126451,NYSE:RBRK
2025-06-11,87.55,89.74,86.65,88.86,6543393,NYSE:RBRK
2025-06-12,88.8,90.2,88.38,88.74,2148152,NYSE:RBRK
2025-06-13,87.38,92.33,87.38,90.3,6790980,NYSE:RBRK
2025-06-16,92.51,94.23,91.18,92,3655507,NYSE:RBRK
2025-06-17,90.27,91.19,88.79,89.13,6825925,NYSE:RBRK
2025-06-18,88.5,89.21,85.49,87.17,5714346,NYSE:RBRK
2025-06-20,87.52,87.98,84.81,85.51,10139257,NYSE:RBRK
2025-06-23,86,89.95,84.56,89.71,4153057,NYSE:RBRK
2025-06-24,90,90.63,88.7,90.1,4394285,NYSE:RBRK
2025-06-25,90.88,93.64,90.4,90.56,3845536,NYSE:RBRK
2025-06-26,90.92,92.86,89.01,92.1,3193592,NYSE:RBRK
2025-06-27,90,90,86.68,87.38,16424712,NYSE:RBRK
2025-06-30,88.8,90.17,88.16,89.59,4715687,NYSE:RBRK
2025-07-01,89.5,89.63,83.51,85.18,4465848,NYSE:RBRK
2025-07-02,84.22,85.84,83.52,85.58,3550114,NYSE:RBRK
2025-07-03,86.01,89.29,85.99,89.08,2392094,NYSE:RBRK
2025-07-07,88.12,91.16,87.1,89.85,3664327,NYSE:RBRK
2025-07-08,89.5,90.9,85,86.87,3969974,NYSE:RBRK
2025-07-09,87.54,92.03,87.04,91.59,4663171,NYSE:RBRK
2025-07-10,92.99,92.99,85.85,86.14,5225522,NYSE:RBRK
2025-07-11,86.02,87.12,83.77,84.54,3304217,NYSE:RBRK
2025-07-14,84.55,86.96,83.08,85.84,2622111,NYSE:RBRK
2025-07-15,86.2,87.6,85,87.34,2645569,NYSE:RBRK
2025-07-16,88.45,89.19,86.72,87.49,3052693,NYSE:RBRK
2025-07-17,87.86,87.9,83.27,86.93,3611728,NYSE:RBRK
2025-07-18,87,89.61,86.8,88.11,3462863,NYSE:RBRK
2025-07-21,87.59,88.12,85.41,86.53,2773059,NYSE:RBRK
2025-07-22,86.11,86.36,83.02,83.77,2934946,NYSE:RBRK
2025-07-23,84,85.36,83.12,84.84,2158657,NYSE:RBRK
2025-07-24,85,86,83.62,85.71,1712297,NYSE:RBRK
2025-07-25,85.6,86.78,84.2,85,2054296,NYSE:RBRK
2025-07-28,85.98,87.3,84.9,87.11,2201877,NYSE:RBRK
2025-07-29,89.88,93.14,86.31,89.22,4825682,NYSE:RBRK
2025-07-30,90.58,95.63,88.08,95.42,5983156,NYSE:RBRK
2025-07-31,96.53,97.86,94.58,94.95,4639939,NYSE:RBRK
2025-08-01,91.32,91.32,83.56,87.65,5997550,NYSE:RBRK
2025-08-04,88.73,92.83,88.62,92.52,2419649,NYSE:RBRK
2025-08-05,93.25,93.98,87.45,87.54,3128051,NYSE:RBRK
2025-08-06,88.37,92.24,88,91.77,2072315,NYSE:RBRK
2025-08-07,92.59,93.92,86.71,89.74,3990162,NYSE:RBRK
2025-08-08,89.95,91.16,86.9,87.41,1899550,NYSE:RBRK
2025-08-11,86.88,89.02,85.02,85.7,2000964,NYSE:RBRK
2025-08-12,86.5,88.8,85.75,88.35,1861399,NYSE:RBRK
2025-08-13,89.27,91.66,87.47,88.08,2079350,NYSE:RBRK
2025-08-14,87.05,88.11,83.77,84.45,2237981,NYSE:RBRK
2025-08-15,84.58,85.93,83.88,85.83,2338314,NYSE:RBRK
2025-08-18,85.54,86.15,84.61,85.72,1495449,NYSE:RBRK
2025-08-19,86.59,87.22,82.75,83.97,2493276,NYSE:RBRK
2025-08-20,82.93,85.24,79.83,85.1,3178895,NYSE:RBRK
2025-08-21,84.55,86.37,83.85,85.24,1617493,NYSE:RBRK
2025-08-22,85.24,88.8,84.91,88.77,2208049,NYSE:RBRK
2025-08-25,89.99,90.44,87.74,87.83,1265330,NYSE:RBRK
2025-08-26,87.8,89.6,85.12,85.17,4111575,NYSE:RBRK
2025-08-27,86.62,88.71,86.39,87.53,1955648,NYSE:RBRK
2025-08-28,87.22,94.94,87.22,93.03,3139604,NYSE:RBRK
2025-08-29,92.7,93.45,88.54,89.4,2120006,NYSE:RBRK
2025-09-02,86.4,88.76,85.78,87.9,1734522,NYSE:RBRK
2025-09-03,88.82,89.22,86.5,87.72,1756458,NYSE:RBRK
2025-09-04,88,88.1,85.17,86.55,1655338,NYSE:RBRK
2025-09-05,88.7,91.74,85.82,90.93,2920172,NYSE:RBRK
2025-09-08,94,97.02,92.36,95.61,4958933,NYSE:RBRK
2025-09-09,95.61,99.75,95.09,98.5,8770902,NYSE:RBRK
2025-09-10,94.56,95.05,80.6,80.72,18684044,NYSE:RBRK
2025-09-11,82.06,82.22,77.49,77.89,9215539,NYSE:RBRK
2025-09-12,77.72,78.18,73.85,74.5,9645627,NYSE:RBRK
2025-09-15,75.48,78.12,74.3,75.6,5847144,NYSE:RBRK
2025-09-16,75.57,75.57,73.92,75,4913963,NYSE:RBRK
2025-09-17,74.82,75.17,72.68,73.89,4824122,NYSE:RBRK
2025-09-18,75.74,78.53,75.4,78.02,5341804,NYSE:RBRK
2025-09-19,78.49,80.93,77.58,80.23,10103299,NYSE:RBRK
2025-09-22,80,80.77,77.87,80.49,4084048,NYSE:RBRK
2025-09-23,80.22,83.37,79.32,81.46,5091627,NYSE:RBRK
2025-09-24,82,82.27,77.98,79.12,4425569,NYSE:RBRK
2025-09-25,77.2,83.97,76.56,81.99,5771054,NYSE:RBRK
2025-09-26,82,82.49,79.8,82.15,2417211,NYSE:RBRK
2025-09-29,83,83.86,81.2,83.34,2833410,NYSE:RBRK
2025-09-30,84,84,80.09,82.25,2848904,NYSE:RBRK
2025-10-01,81.49,83.97,81.03,82.43,2671156,NYSE:RBRK
2025-10-02,83.96,84.73,82.72,83.94,2787913,NYSE:RBRK
2025-10-03,84.74,84.92,82.39,82.82,2374772,NYSE:RBRK
2025-10-06,84.2,85.34,82.19,82.21,2418402,NYSE:RBRK
2025-10-07,82.66,82.9,76.84,79.5,4645046,NYSE:RBRK
2025-10-08,80.24,84.35,80.17,84.25,3394081,NYSE:RBRK
2025-10-09,83.69,86.95,82.39,86.1,2415117,NYSE:RBRK
2025-10-10,86,88.05,82.32,82.34,2490954,NYSE:RBRK
2025-10-13,85,85.41,81.54,83.19,2300371,NYSE:RBRK
2025-10-14,81.75,81.99,78.16,78.17,2898232,NYSE:RBRK
2025-10-15,80.25,81.46,78.2,79.06,2261796,NYSE:RBRK
2025-10-16,79.88,81.46,77.95,78.64,2086197,NYSE:RBRK
2025-10-17,77,77.94,75.74,77.22,2302956,NYSE:RBRK
2025-10-20,78.66,79.45,77.53,78.81,1665966,NYSE:RBRK
2025-10-21,78.74,81.39,78.47,79.88,1962905,NYSE:RBRK
2025-10-22,79.28,79.28,75.15,76.85,3836482,NYSE:RBRK
2025-10-23,76.79,78.62,76.06,76.86,3063379,NYSE:RBRK
2025-10-24,78.28,80.07,76.94,76.99,2378497,NYSE:RBRK
2025-10-27,78.93,78.93,77.34,77.79,2616398,NYSE:RBRK
2025-10-28,78.07,78.82,75.99,76.12,2674578,NYSE:RBRK
2025-10-29,75.79,75.97,70.89,71.92,6499837,NYSE:RBRK
2025-10-30,71.32,72.77,70,71.05,3596636,NYSE:RBRK
2025-10-31,72.45,75.78,72,75.27,2649366,NYSE:RBRK
2024-10-30,5.07,5.43,5,5.28,8203205,NASDAQ:CIFR
2024-10-31,5.01,5.07,4.77,4.93,10687741,NASDAQ:CIFR
2024-11-01,5.09,5.32,4.87,5.25,12921824,NASDAQ:CIFR
2024-11-04,5.11,5.34,4.99,5.04,11378540,NASDAQ:CIFR
2024-11-05,5.19,5.65,5.16,5.32,10630385,NASDAQ:CIFR
2024-11-06,6.1,7,5.97,6.97,28357642,NASDAQ:CIFR
2024-11-07,6.67,7.1,6.42,6.95,19742870,NASDAQ:CIFR
2024-11-08,6.92,7.2,6.5,7.16,13830078,NASDAQ:CIFR
2024-11-11,7.48,7.77,7.07,7.43,22539148,NASDAQ:CIFR
2024-11-12,6.84,7.57,6.78,7.35,11107431,NASDAQ:CIFR
2024-11-13,7.4,7.75,6.62,6.62,11548443,NASDAQ:CIFR
2024-11-14,6.73,7.03,6.33,6.42,8557492,NASDAQ:CIFR
2024-11-15,6.59,6.67,6.27,6.63,5921416,NASDAQ:CIFR
2024-11-18,6.52,7.05,6.44,6.53,5776187,NASDAQ:CIFR
2024-11-19,6.46,6.74,6.33,6.68,5139831,NASDAQ:CIFR
2024-11-20,6.86,7,6.32,6.51,10560818,NASDAQ:CIFR
2024-11-21,6.88,7.05,6.03,6.19,10170492,NASDAQ:CIFR
2024-11-22,6.03,6.99,5.85,6.78,9446202,NASDAQ:CIFR
2024-11-25,6.91,6.92,6.21,6.45,8853697,NASDAQ:CIFR
2024-11-26,6.17,6.23,5.61,5.63,9376635,NASDAQ:CIFR
2024-11-27,5.7,6.45,5.68,6.45,9453118,NASDAQ:CIFR
2024-11-29,6.56,7.29,6.56,6.7,9483482,NASDAQ:CIFR
2024-12-02,6.67,6.75,6.14,6.3,9477369,NASDAQ:CIFR
2024-12-03,6.05,6.45,5.96,6.19,7324140,NASDAQ:CIFR
2024-12-04,6.34,6.92,6.22,6.85,9351417,NASDAQ:CIFR
2024-12-05,7.22,7.54,6.86,6.89,13270459,NASDAQ:CIFR
2024-12-06,7,7.49,6.98,7.11,15272886,NASDAQ:CIFR
2024-12-09,7.05,7.1,6.35,6.38,9980527,NASDAQ:CIFR
2024-12-10,6.52,6.58,6.12,6.13,6935166,NASDAQ:CIFR
2024-12-11,6.3,6.53,6.18,6.46,8094495,NASDAQ:CIFR
2024-12-12,6.47,6.9,6.29,6.49,10926771,NASDAQ:CIFR
2024-12-13,6.41,6.5,6.06,6.13,8377487,NASDAQ:CIFR
2024-12-16,6.21,7.67,6.14,7.39,23025991,NASDAQ:CIFR
2024-12-17,7.46,7.56,7.08,7.23,12538057,NASDAQ:CIFR
2024-12-18,7.19,7.31,6.11,6.29,13264674,NASDAQ:CIFR
2024-12-19,6.54,6.63,5.7,5.74,10619932,NASDAQ:CIFR
2024-12-20,5.56,5.94,5.48,5.73,14877925,NASDAQ:CIFR
2024-12-23,5.71,5.72,5.19,5.21,10155330,NASDAQ:CIFR
2024-12-24,5.33,5.58,5.23,5.5,5741343,NASDAQ:CIFR
2024-12-26,5.38,5.45,5.25,5.26,5921087,NASDAQ:CIFR
2024-12-27,5.23,5.41,4.83,4.86,9866204,NASDAQ:CIFR
2024-12-30,4.69,4.82,4.51,4.66,10026894,NASDAQ:CIFR
2024-12-31,4.84,4.87,4.51,4.64,9125864,NASDAQ:CIFR
2025-01-02,4.84,5.04,4.67,4.83,7396308,NASDAQ:CIFR
2025-01-03,4.9,5.58,4.86,5.57,9916002,NASDAQ:CIFR
2025-01-06,5.74,5.97,5.5,5.85,8576522,NASDAQ:CIFR
2025-01-07,5.83,5.83,5.2,5.39,6358179,NASDAQ:CIFR
2025-01-08,5.25,5.3,4.95,5.05,5836006,NASDAQ:CIFR
2025-01-10,4.96,5.04,4.75,4.98,8810459,NASDAQ:CIFR
2025-01-13,4.71,4.83,4.59,4.81,9508442,NASDAQ:CIFR
2025-01-14,5.1,5.25,4.88,4.95,6852414,NASDAQ:CIFR
2025-01-15,5.25,5.41,5.07,5.24,6319954,NASDAQ:CIFR
2025-01-16,5.21,5.46,5.15,5.2,6461298,NASDAQ:CIFR
2025-01-17,5.5,5.71,5.35,5.43,8574208,NASDAQ:CIFR
2025-01-21,5.45,5.55,5.05,5.39,10177948,NASDAQ:CIFR
2025-01-22,5.38,5.62,5.15,5.51,9685525,NASDAQ:CIFR
2025-01-23,5.32,5.8,5.31,5.53,9499293,NASDAQ:CIFR
2025-01-24,5.68,6.41,5.61,5.9,17478646,NASDAQ:CIFR
2025-01-27,5.43,5.44,4.1,4.51,30563745,NASDAQ:CIFR
2025-01-28,4.7,4.75,4.26,4.49,13441725,NASDAQ:CIFR
2025-01-29,4.43,4.61,4.39,4.5,17217950,NASDAQ:CIFR
2025-01-30,4.6,4.88,4.6,4.7,12990332,NASDAQ:CIFR
2025-01-31,5.6,6.29,5.5,5.73,43243879,NASDAQ:CIFR
2025-02-03,5.23,6.04,5.12,5.82,15682586,NASDAQ:CIFR
2025-02-04,5.77,5.9,5.6,5.81,7186451,NASDAQ:CIFR
2025-02-05,5.89,6.05,5.65,5.71,8839113,NASDAQ:CIFR
2025-02-06,5.81,6.37,5.71,5.89,18258935,NASDAQ:CIFR
2025-02-07,6.08,6.45,5.87,5.97,10873489,NASDAQ:CIFR
2025-02-10,6.08,6.15,5.91,5.96,10952196,NASDAQ:CIFR
2025-02-11,5.9,6.18,5.67,5.7,8375094,NASDAQ:CIFR
2025-02-12,5.53,5.93,5.53,5.78,6938209,NASDAQ:CIFR
2025-02-13,5.78,6,5.56,5.98,6628950,NASDAQ:CIFR
2025-02-14,5.99,6.17,5.97,6.06,6766686,NASDAQ:CIFR
2025-02-18,6.09,6.22,5.85,5.9,9133038,NASDAQ:CIFR
2025-02-19,5.92,6.33,5.92,6.02,8439181,NASDAQ:CIFR
2025-02-20,6.05,6.17,5.81,6.08,8575643,NASDAQ:CIFR
2025-02-21,6.18,6.44,5.47,5.49,16653374,NASDAQ:CIFR
2025-02-24,5.61,5.62,4.75,4.97,18956171,NASDAQ:CIFR
2025-02-25,4.64,4.75,3.85,4.1,41009463,NASDAQ:CIFR
2025-02-26,4.04,4.33,3.97,4.18,20917968,NASDAQ:CIFR
2025-02-27,4.53,4.88,3.94,3.97,30367525,NASDAQ:CIFR
2025-02-28,3.97,4.12,3.87,4.08,39086850,NASDAQ:CIFR
2025-03-03,4.51,4.6,3.81,3.85,23737106,NASDAQ:CIFR
2025-03-04,3.65,3.96,3.31,3.75,16561867,NASDAQ:CIFR
2025-03-05,3.84,4.16,3.78,4.16,12526221,NASDAQ:CIFR
2025-03-06,3.88,4.03,3.73,3.79,12531456,NASDAQ:CIFR
2025-03-07,3.76,3.95,3.64,3.89,10654640,NASDAQ:CIFR
2025-03-10,3.64,3.69,2.99,3.08,15111922,NASDAQ:CIFR
2025-03-11,3.06,3.25,2.87,3.18,13499836,NASDAQ:CIFR
2025-03-12,3.33,3.43,3.07,3.2,11224891,NASDAQ:CIFR
2025-03-13,3.12,3.2,2.96,3.03,11321633,NASDAQ:CIFR
2025-03-14,3.08,3.15,2.94,3.04,15940614,NASDAQ:CIFR
2025-03-17,3.01,3.19,2.92,3.12,16305359,NASDAQ:CIFR
2025-03-18,3.02,3.07,2.86,2.87,11283888,NASDAQ:CIFR
2025-03-19,2.89,3.18,2.88,3.06,11937784,NASDAQ:CIFR
2025-03-20,2.97,3.11,2.92,3,13446620,NASDAQ:CIFR
2025-03-21,2.91,2.96,2.84,2.92,13746150,NASDAQ:CIFR
2025-03-24,3.04,3.22,3.02,3.2,16218291,NASDAQ:CIFR
2025-03-25,3.19,3.19,2.96,3.04,10453751,NASDAQ:CIFR
2025-03-26,3.02,3.03,2.58,2.68,13285007,NASDAQ:CIFR
2025-03-27,2.64,2.68,2.52,2.54,8037718,NASDAQ:CIFR
2025-03-28,2.55,2.55,2.28,2.32,9909463,NASDAQ:CIFR
2025-03-31,2.27,2.31,2.18,2.3,6795433,NASDAQ:CIFR
2025-04-01,2.31,2.49,2.21,2.46,9701537,NASDAQ:CIFR
2025-04-02,2.38,2.65,2.35,2.65,13161841,NASDAQ:CIFR
2025-04-03,2.33,2.44,2.27,2.31,9602313,NASDAQ:CIFR
2025-04-04,2.25,2.3,1.86,2.1,20714830,NASDAQ:CIFR
2025-04-07,1.89,2.4,1.86,2.23,24656933,NASDAQ:CIFR
2025-04-08,2.38,2.39,2.09,2.11,10292838,NASDAQ:CIFR
2025-04-09,2.05,2.58,2.03,2.46,16867143,NASDAQ:CIFR
2025-04-10,2.34,2.4,2.12,2.22,10114631,NASDAQ:CIFR
2025-04-11,2.21,2.46,2.2,2.42,7381235,NASDAQ:CIFR
2025-04-14,2.52,2.54,2.39,2.44,6014915,NASDAQ:CIFR
2025-04-15,2.46,2.51,2.2,2.32,7576485,NASDAQ:CIFR
2025-04-16,2.22,2.36,2.22,2.33,7444684,NASDAQ:CIFR
2025-04-17,2.34,2.38,2.25,2.37,5680917,NASDAQ:CIFR
2025-04-21,2.37,2.46,2.32,2.34,8681581,NASDAQ:CIFR
2025-04-22,2.45,2.8,2.44,2.74,22104191,NASDAQ:CIFR
2025-04-23,2.92,2.99,2.81,2.86,17254181,NASDAQ:CIFR
2025-04-24,2.87,3.06,2.81,3,16355949,NASDAQ:CIFR
2025-04-25,3.02,3.18,2.98,3.08,11985370,NASDAQ:CIFR
2025-04-28,3.09,3.12,2.93,3.06,13905850,NASDAQ:CIFR
2025-04-29,3.03,3.16,2.96,3.08,11783668,NASDAQ:CIFR
2025-04-30,2.95,2.97,2.77,2.85,8009165,NASDAQ:CIFR
2025-05-01,2.98,3.16,2.91,3.12,9013734,NASDAQ:CIFR
2025-05-02,3.2,3.3,3.12,3.16,13030801,NASDAQ:CIFR
2025-05-05,3.06,3.07,2.91,2.98,11213636,NASDAQ:CIFR
2025-05-06,2.94,3.18,2.88,3.04,12478877,NASDAQ:CIFR
2025-05-07,3.05,3.1,2.95,3.02,17897370,NASDAQ:CIFR
2025-05-08,3.17,3.28,3.06,3.12,19329612,NASDAQ:CIFR
2025-05-09,3.1,3.22,2.95,2.98,20604350,NASDAQ:CIFR
2025-05-12,3.18,3.33,3.1,3.15,25578191,NASDAQ:CIFR
2025-05-13,3.26,3.45,3.22,3.43,15916699,NASDAQ:CIFR
2025-05-14,3.41,3.46,3.25,3.31,14741182,NASDAQ:CIFR
2025-05-15,3.21,3.27,3.02,3.17,22265811,NASDAQ:CIFR
2025-05-16,3.2,3.91,3.17,3.86,24140594,NASDAQ:CIFR
2025-05-19,3.65,3.86,3.61,3.81,17247414,NASDAQ:CIFR
2025-05-20,3.78,3.81,3.59,3.78,20196653,NASDAQ:CIFR
2025-05-21,3.49,3.78,3.34,3.51,57678708,NASDAQ:CIFR
2025-05-22,3.65,3.7,3.5,3.57,20717472,NASDAQ:CIFR
2025-05-23,3.42,3.58,3.34,3.47,15879722,NASDAQ:CIFR
2025-05-27,3.58,3.65,3.48,3.57,23640342,NASDAQ:CIFR
2025-05-28,3.52,3.53,3.27,3.35,21629783,NASDAQ:CIFR
2025-05-29,3.39,3.42,3.24,3.25,17989782,NASDAQ:CIFR
2025-05-30,3.17,3.23,3.09,3.12,22974539,NASDAQ:CIFR
2025-06-02,3.08,3.3,3.08,3.25,17153669,NASDAQ:CIFR
2025-06-03,3.26,3.48,3.26,3.44,25419438,NASDAQ:CIFR
2025-06-04,3.41,3.82,3.35,3.74,33723579,NASDAQ:CIFR
2025-06-05,3.88,3.96,3.44,3.53,27714461,NASDAQ:CIFR
2025-06-06,3.64,3.96,3.63,3.9,22774160,NASDAQ:CIFR
2025-06-09,4.05,4.22,3.87,4.14,26030866,NASDAQ:CIFR
2025-06-10,4.2,4.21,3.98,4.06,24466724,NASDAQ:CIFR
2025-06-11,4.07,4.22,3.99,4.08,24082526,NASDAQ:CIFR
2025-06-12,3.91,4.04,3.83,3.84,19441130,NASDAQ:CIFR
2025-06-13,3.69,3.88,3.63,3.72,21618534,NASDAQ:CIFR
2025-06-16,3.83,3.98,3.74,3.93,23776614,NASDAQ:CIFR
2025-06-17,3.8,3.85,3.59,3.68,21038522,NASDAQ:CIFR
2025-06-18,3.65,3.93,3.59,3.81,28901408,NASDAQ:CIFR
2025-06-20,3.96,4.03,3.75,3.79,31893543,NASDAQ:CIFR
2025-06-23,3.67,3.68,3.29,3.53,36263624,NASDAQ:CIFR
2025-06-24,3.65,3.87,3.63,3.85,28098242,NASDAQ:CIFR
2025-06-25,3.94,3.95,3.76,3.85,25796517,NASDAQ:CIFR
2025-06-26,3.79,4.24,3.65,4.19,69426891,NASDAQ:CIFR
2025-06-27,4.24,4.54,4.08,4.26,73713309,NASDAQ:CIFR
2025-06-30,4.35,4.86,4.29,4.78,69565625,NASDAQ:CIFR
2025-07-01,4.7,5,4.55,4.9,69022054,NASDAQ:CIFR
2025-07-02,5.36,5.7,4.99,5.68,94946261,NASDAQ:CIFR
2025-07-03,5.84,6.45,5.76,6.05,49906013,NASDAQ:CIFR
2025-07-07,5.81,5.89,5.27,5.79,56133423,NASDAQ:CIFR
2025-07-08,5.94,6.22,5.84,6.03,39862727,NASDAQ:CIFR
2025-07-09,6.14,6.38,5.98,6.26,46014799,NASDAQ:CIFR
2025-07-10,6.17,6.51,6.03,6.24,44983335,NASDAQ:CIFR
2025-07-11,6.41,6.47,5.86,5.87,35125384,NASDAQ:CIFR
2025-07-14,6,6.39,5.93,6.03,39181970,NASDAQ:CIFR
2025-07-15,5.96,6.2,5.81,5.97,37418275,NASDAQ:CIFR
2025-07-16,6.15,6.57,6.13,6.27,43959583,NASDAQ:CIFR
2025-07-17,6.2,6.54,6.06,6.42,31767046,NASDAQ:CIFR
2025-07-18,6.48,6.74,6.04,6.36,27747047,NASDAQ:CIFR
2025-07-21,6.42,6.84,6.22,6.25,26757502,NASDAQ:CIFR
2025-07-22,6.28,7.1,5.95,6.94,73607703,NASDAQ:CIFR
2025-07-23,6.76,6.77,6.28,6.68,39045745,NASDAQ:CIFR
2025-07-24,6.68,6.87,6.48,6.65,40318440,NASDAQ:CIFR
2025-07-25,6.55,6.57,6.31,6.47,16774537,NASDAQ:CIFR
2025-07-28,6.59,6.64,6.08,6.16,17435806,NASDAQ:CIFR
2025-07-29,6.16,6.19,5.64,5.68,21843858,NASDAQ:CIFR
2025-07-30,5.8,5.86,5.3,5.45,16052861,NASDAQ:CIFR
2025-07-31,5.61,5.74,5.42,5.46,18624875,NASDAQ:CIFR
2025-08-01,5.03,5.25,4.92,4.93,18975194,NASDAQ:CIFR
2025-08-04,5,5.21,4.93,5.19,17303268,NASDAQ:CIFR
2025-08-05,5.12,5.15,4.91,5.01,15854789,NASDAQ:CIFR
2025-08-06,5.04,5.21,4.95,5.21,17438232,NASDAQ:CIFR
2025-08-07,5.18,5.29,4.82,4.87,20704692,NASDAQ:CIFR
2025-08-08,4.96,4.98,4.55,4.75,18448351,NASDAQ:CIFR
2025-08-11,4.93,5.1,4.74,4.76,18901015,NASDAQ:CIFR
2025-08-12,4.75,4.84,4.67,4.72,16548183,NASDAQ:CIFR
2025-08-13,4.84,4.95,4.71,4.9,17296597,NASDAQ:CIFR
2025-08-14,4.99,5.33,4.91,5.32,34715130,NASDAQ:CIFR
2025-08-15,5.25,5.36,5,5.21,27210676,NASDAQ:CIFR
2025-08-18,5.3,6.3,5.29,6.05,36317303,NASDAQ:CIFR
2025-08-19,6.07,6.16,5.6,5.76,26049163,NASDAQ:CIFR
2025-08-20,5.76,5.97,5.32,5.95,25525074,NASDAQ:CIFR
2025-08-21,5.74,5.96,5.68,5.9,20635702,NASDAQ:CIFR
2025-08-22,5.87,6.41,5.71,6.38,23186295,NASDAQ:CIFR
2025-08-25,6.31,6.73,6.02,6.64,26545829,NASDAQ:CIFR
2025-08-26,6.55,7.13,6.48,7.12,26673971,NASDAQ:CIFR
2025-08-27,7.13,7.23,6.95,6.99,21089852,NASDAQ:CIFR
2025-08-28,7.28,7.31,7,7.02,20060742,NASDAQ:CIFR
2025-08-29,7.25,8.71,6.95,7.64,70174926,NASDAQ:CIFR
2025-09-02,7.42,8.78,7.22,8.32,62445610,NASDAQ:CIFR
2025-09-03,8.7,8.73,8,8.11,44183384,NASDAQ:CIFR
2025-09-04,7.98,8.07,7.33,7.4,28128756,NASDAQ:CIFR
2025-09-05,7.78,7.86,7.08,7.52,27484538,NASDAQ:CIFR
2025-09-08,7.39,7.84,7.17,7.72,28362465,NASDAQ:CIFR
2025-09-09,8.17,9.36,7.9,9.22,68754314,NASDAQ:CIFR
2025-09-10,9.56,10.43,9.25,10.25,69412222,NASDAQ:CIFR
2025-09-11,10.15,10.68,9.88,9.97,39869051,NASDAQ:CIFR
2025-09-12,9.94,10.93,9.85,10.85,32737478,NASDAQ:CIFR
2025-09-15,10.87,11.32,10.47,10.85,42604905,NASDAQ:CIFR
2025-09-16,11.07,11.64,10.49,11.51,30631030,NASDAQ:CIFR
2025-09-17,11.3,12.66,11.2,12.38,34005128,NASDAQ:CIFR
2025-09-18,12.64,12.69,11.42,11.85,36659683,NASDAQ:CIFR
2025-09-19,11.76,12.82,11.72,12.28,39415062,NASDAQ:CIFR
2025-09-22,12.51,14.2,12.09,13.96,43838336,NASDAQ:CIFR
2025-09-23,14.34,14.73,13.45,14.15,54417436,NASDAQ:CIFR
2025-09-24,14.34,14.73,13.45,14.15,2120069,NASDAQ:CIFR
2025-09-26,11.5,12.35,11.01,11.47,94631666,NASDAQ:CIFR
2025-09-29,11.87,12.67,11.41,12.65,61311219,NASDAQ:CIFR
2025-09-30,12.72,12.76,12.14,12.59,47248723,NASDAQ:CIFR
2025-10-01,12.88,13.7,12.41,12.6,61878658,NASDAQ:CIFR
2025-10-02,13.08,14.44,13.02,13.81,57091256,NASDAQ:CIFR
2025-10-03,14.47,15.78,14.28,14.7,67183500,NASDAQ:CIFR
2025-10-06,15.54,16.12,15.13,15.34,46610701,NASDAQ:CIFR
2025-10-07,15.38,15.93,14.33,15.75,49970616,NASDAQ:CIFR
2025-10-08,15.81,18.09,15.22,17.6,67518835,NASDAQ:CIFR
2025-10-09,17.98,18.18,16.96,17.99,50785958,NASDAQ:CIFR
2025-10-10,18.78,20.2,16.81,16.97,73426729,NASDAQ:CIFR
2025-10-13,17.85,20.6,17.66,20.34,59302823,NASDAQ:CIFR
2025-10-14,19.89,21.48,18.88,20.89,60582312,NASDAQ:CIFR
2025-10-15,21.51,22,19.75,21.03,64445549,NASDAQ:CIFR
2025-10-16,21.11,21.16,18.51,18.72,50099578,NASDAQ:CIFR
2025-10-17,17.51,18.84,16.66,18.76,52918881,NASDAQ:CIFR
2025-10-20,20,20.99,19.16,19.91,37770670,NASDAQ:CIFR
2025-10-21,19.37,19.64,17.47,18.08,34788564,NASDAQ:CIFR
2025-10-22,17.09,18.24,15.04,16.11,63765672,NASDAQ:CIFR
2025-10-23,16.11,17.65,15.98,17.26,34793038,NASDAQ:CIFR
2025-10-24,18.27,20.87,18.18,20.66,47036253,NASDAQ:CIFR
2025-10-27,20.91,21.11,19.65,20.54,41321289,NASDAQ:CIFR
2025-10-28,20.54,21.9,19.77,19.96,37356481,NASDAQ:CIFR
2025-10-29,20.26,20.55,18.64,19.59,32941067,NASDAQ:CIFR
2025-10-30,18.7,20.05,18.3,19.07,38479365,NASDAQ:CIFR
2025-10-31,20.03,20.27,18.58,18.65,44117830,NASDAQ:CIFR
2024-10-30,10.47,11.5,10.46,11.22,95149868,NASDAQ:SOFI
2024-10-31,11.16,11.33,10.88,11.17,59129216,NASDAQ:SOFI
2024-11-01,11.21,11.22,10.81,11.04,41742291,NASDAQ:SOFI
2024-11-04,10.88,11.13,10.63,10.91,41321658,NASDAQ:SOFI
2024-11-05,10.96,11.55,10.95,11.42,53857819,NASDAQ:SOFI
2024-11-06,12.07,12.2,11.63,11.81,63197660,NASDAQ:SOFI
2024-11-07,11.92,12.14,11.85,11.9,55627554,NASDAQ:SOFI
2024-11-08,12,13.01,11.94,13.01,83464239,NASDAQ:SOFI
2024-11-11,13.61,14.44,13.57,14.11,106393392,NASDAQ:SOFI
2024-11-12,13.49,14.01,13.37,13.82,61124963,NASDAQ:SOFI
2024-11-13,13.96,14.28,13.39,13.5,55166032,NASDAQ:SOFI
2024-11-14,13.61,13.73,13.01,13.4,46251405,NASDAQ:SOFI
2024-11-15,13.22,13.7,13.08,13.63,48186516,NASDAQ:SOFI
2024-11-18,13.8,14.3,13.7,13.93,47656478,NASDAQ:SOFI
2024-11-19,13.76,14.43,13.67,14.42,38330651,NASDAQ:SOFI
2024-11-20,14.65,14.89,14.29,14.67,45618836,NASDAQ:SOFI
2024-11-21,14.86,15.55,14.67,15.01,60802783,NASDAQ:SOFI
2024-11-22,15.27,15.75,15.08,15.6,50055444,NASDAQ:SOFI
2024-11-25,16.09,16.09,15.52,15.7,49778730,NASDAQ:SOFI
2024-11-26,15.5,15.84,15.25,15.49,38184378,NASDAQ:SOFI
2024-11-27,15.67,16.16,15.57,16.12,48218577,NASDAQ:SOFI
2024-11-29,16.36,16.61,16.17,16.41,31524910,NASDAQ:SOFI
2024-12-02,16.49,16.61,15.74,15.91,52367861,NASDAQ:SOFI
2024-12-03,15.89,16.15,15.62,15.88,43795796,NASDAQ:SOFI
2024-12-04,16.13,16.43,15.89,16.32,40638344,NASDAQ:SOFI
2024-12-05,16.01,16.2,15.62,15.65,50857038,NASDAQ:SOFI
2024-12-06,15.77,16.05,14.85,16.02,57220505,NASDAQ:SOFI
2024-12-09,15.68,15.96,15.23,15.57,59642768,NASDAQ:SOFI
2024-12-10,15.49,16.12,15.14,15.29,49585530,NASDAQ:SOFI
2024-12-11,15.5,16,15.16,15.94,47600810,NASDAQ:SOFI
2024-12-12,15.92,16.48,15.73,15.9,48071031,NASDAQ:SOFI
2024-12-13,16.04,16.36,15.79,16.25,41622262,NASDAQ:SOFI
2024-12-16,16.54,17.04,16.2,16.88,55457617,NASDAQ:SOFI
2024-12-17,17.15,17.17,16.17,16.66,53985223,NASDAQ:SOFI
2024-12-18,16.89,17.19,14.93,15.24,76625679,NASDAQ:SOFI
2024-12-19,15.72,15.99,14.92,15.03,44149617,NASDAQ:SOFI
2024-12-20,14.72,15.53,14.58,15.35,52746555,NASDAQ:SOFI
2024-12-23,15.5,15.79,15.17,15.63,34576414,NASDAQ:SOFI
2024-12-24,15.73,16.03,15.57,16.02,15731458,NASDAQ:SOFI
2024-12-26,15.98,16.68,15.88,16.6,36916834,NASDAQ:SOFI
2024-12-27,16.39,16.47,15.78,15.98,31003009,NASDAQ:SOFI
2024-12-30,15.57,15.88,15.42,15.63,31035972,NASDAQ:SOFI
2024-12-31,15.79,15.9,15.35,15.4,29262469,NASDAQ:SOFI
2025-01-02,15,15.11,13.75,14.13,76412574,NASDAQ:SOFI
2025-01-03,14.3,14.86,14.12,14.84,40925325,NASDAQ:SOFI
2025-01-06,15.2,15.48,14.89,15.29,32859034,NASDAQ:SOFI
2025-01-07,15.31,15.62,14.71,14.91,38956313,NASDAQ:SOFI
2025-01-08,14.64,14.84,14.33,14.55,28712107,NASDAQ:SOFI
2025-01-10,14.2,14.28,13.81,14.15,33470073,NASDAQ:SOFI
2025-01-13,13.64,14.09,13.6,14.07,32197109,NASDAQ:SOFI
2025-01-14,14.3,14.86,14.23,14.5,34100836,NASDAQ:SOFI
2025-01-15,15.36,15.55,14.99,15.51,38873135,NASDAQ:SOFI
2025-01-16,15.7,16.38,15.57,16.3,43586866,NASDAQ:SOFI
2025-01-17,16.42,16.73,16.18,16.5,40496489,NASDAQ:SOFI
2025-01-21,17,18.1,16.89,17.9,67982565,NASDAQ:SOFI
2025-01-22,18.06,18.06,17.27,17.59,51349809,NASDAQ:SOFI
2025-01-23,17.4,18.21,17.28,18.03,43826738,NASDAQ:SOFI
2025-01-24,18.15,18.42,17.86,17.92,55232024,NASDAQ:SOFI
2025-01-27,15.93,16.98,15.55,16.08,107334178,NASDAQ:SOFI
2025-01-28,16.12,16.25,15.22,16.17,51829116,NASDAQ:SOFI
2025-01-29,16.1,16.34,15.76,15.99,41382730,NASDAQ:SOFI
2025-01-30,16.25,16.67,16.11,16.44,35552175,NASDAQ:SOFI
2025-01-31,16.44,16.57,15.59,15.78,48036634,NASDAQ:SOFI
2025-02-03,14.98,15.77,14.89,15.4,42781912,NASDAQ:SOFI
2025-02-04,15.49,15.62,15.2,15.29,29013192,NASDAQ:SOFI
2025-02-05,15.24,15.56,15.22,15.49,27793214,NASDAQ:SOFI
2025-02-06,15.53,15.55,14.68,14.8,46886868,NASDAQ:SOFI
2025-02-07,14.9,15.28,14.83,14.91,32161415,NASDAQ:SOFI
2025-02-10,15.03,15.4,15,15.13,30509885,NASDAQ:SOFI
2025-02-11,14.99,15.25,14.79,14.83,30455228,NASDAQ:SOFI
2025-02-12,14.58,14.85,14.42,14.77,33663622,NASDAQ:SOFI
2025-02-13,14.96,15.36,14.78,15.19,36477826,NASDAQ:SOFI
2025-02-14,15.41,16.42,15.24,16.21,63312396,NASDAQ:SOFI
2025-02-18,16.47,17.11,16.43,16.83,53815035,NASDAQ:SOFI
2025-02-19,16.77,16.81,16.1,16.18,35555682,NASDAQ:SOFI
2025-02-20,16.01,16.08,15.06,15.56,51063554,NASDAQ:SOFI
2025-02-21,15.56,15.56,14.58,14.67,54725322,NASDAQ:SOFI
2025-02-24,14.8,14.82,13.81,14.36,52266104,NASDAQ:SOFI
2025-02-25,14.11,14.27,13.42,13.92,63198048,NASDAQ:SOFI
2025-02-26,14.18,14.74,14.14,14.47,51466994,NASDAQ:SOFI
2025-02-27,14.73,14.74,14,14.07,41470268,NASDAQ:SOFI
2025-02-28,13.8,14.54,13.73,14.47,38926357,NASDAQ:SOFI
2025-03-03,14.65,14.91,13.44,13.57,58992163,NASDAQ:SOFI
2025-03-04,13,13.57,12.24,13.09,77982773,NASDAQ:SOFI
2025-03-05,13.12,13.49,12.84,13.43,41038021,NASDAQ:SOFI
2025-03-06,13,13.25,12.41,12.45,49835766,NASDAQ:SOFI
2025-03-07,12.32,12.64,11.82,12.59,52630310,NASDAQ:SOFI
2025-03-10,12.07,12.17,10.93,11.18,71705228,NASDAQ:SOFI
2025-03-11,11.06,11.5,10.85,11.26,54907858,NASDAQ:SOFI
2025-03-12,11.86,12.12,11.44,11.92,54143684,NASDAQ:SOFI
2025-03-13,12,12.09,11.31,11.39,38157650,NASDAQ:SOFI
2025-03-14,11.69,12.12,11.61,12.09,37484498,NASDAQ:SOFI
2025-03-17,12.08,12.47,11.96,12.32,45612572,NASDAQ:SOFI
2025-03-18,12.1,12.14,11.79,11.95,36336067,NASDAQ:SOFI
2025-03-19,12,12.91,11.96,12.73,46771921,NASDAQ:SOFI
2025-03-20,12.64,12.94,12.49,12.64,40485928,NASDAQ:SOFI
2025-03-21,12.41,12.91,12.37,12.87,40043913,NASDAQ:SOFI
2025-03-24,13.3,13.76,13.14,13.72,58817616,NASDAQ:SOFI
2025-03-25,13.73,13.9,13.45,13.54,35685489,NASDAQ:SOFI
2025-03-26,13.53,13.55,12.93,13.07,48788698,NASDAQ:SOFI
2025-03-27,12.61,12.7,12.03,12.2,58870948,NASDAQ:SOFI
2025-03-28,12.03,12.25,11.69,11.85,51302434,NASDAQ:SOFI
2025-03-31,11.32,11.74,10.98,11.63,62839224,NASDAQ:SOFI
2025-04-01,11.59,12.16,11.48,11.91,48664115,NASDAQ:SOFI
2025-04-02,11.55,12.5,11.55,12.31,55622191,NASDAQ:SOFI
2025-04-03,11.14,11.42,10.56,10.64,73382340,NASDAQ:SOFI
2025-04-04,9.98,10.22,8.88,9.57,89686019,NASDAQ:SOFI
2025-04-07,8.74,10.65,8.6,9.86,92561346,NASDAQ:SOFI
2025-04-08,10.49,10.58,9.24,9.5,67136171,NASDAQ:SOFI
2025-04-09,9.4,11.65,9.31,11.39,94205908,NASDAQ:SOFI
2025-04-10,10.94,11.01,10.16,10.52,55996903,NASDAQ:SOFI
2025-04-11,10.48,10.73,10.07,10.71,42788050,NASDAQ:SOFI
2025-04-14,11.12,11.2,10.51,10.82,47271787,NASDAQ:SOFI
2025-04-15,10.82,11.05,10.72,10.94,38606008,NASDAQ:SOFI
2025-04-16,10.72,10.9,10.41,10.66,39224315,NASDAQ:SOFI
2025-04-17,10.68,11.05,10.59,10.98,46860958,NASDAQ:SOFI
2025-04-21,10.93,11.15,10.49,10.69,54164850,NASDAQ:SOFI
2025-04-22,10.87,11.43,10.81,11.27,52908924,NASDAQ:SOFI
2025-04-23,12.02,12.35,11.64,11.74,56643441,NASDAQ:SOFI
2025-04-24,11.8,12.36,11.76,12.31,61837687,NASDAQ:SOFI
2025-04-25,12.5,13.05,12.4,12.88,70647859,NASDAQ:SOFI
2025-04-28,13.24,13.38,12.77,13.2,95228436,NASDAQ:SOFI
2025-04-29,14.13,14.51,13.23,13.27,171099269,NASDAQ:SOFI
2025-04-30,12.79,12.82,12.05,12.51,86413339,NASDAQ:SOFI
2025-05-01,12.84,12.92,12.46,12.51,70285299,NASDAQ:SOFI
2025-05-02,12.69,12.93,12.58,12.7,50789329,NASDAQ:SOFI
2025-05-05,12.48,13.05,12.43,12.86,51937942,NASDAQ:SOFI
2025-05-06,12.57,12.83,12.44,12.73,40465249,NASDAQ:SOFI
2025-05-07,12.7,13.28,12.56,13.01,51163050,NASDAQ:SOFI
2025-05-08,13.32,13.47,13.1,13.26,52579778,NASDAQ:SOFI
2025-05-09,13.3,13.47,12.87,13.18,53261982,NASDAQ:SOFI
2025-05-12,14.04,14.2,13.68,14.04,74278211,NASDAQ:SOFI
2025-05-13,14.24,14.46,14.05,14.29,70382935,NASDAQ:SOFI
2025-05-14,14.44,14.78,13.94,14.03,77903712,NASDAQ:SOFI
2025-05-15,13.91,13.95,13.33,13.57,66129779,NASDAQ:SOFI
2025-05-16,13.7,13.97,13.56,13.92,58250789,NASDAQ:SOFI
2025-05-19,13.4,13.86,13.36,13.73,57180030,NASDAQ:SOFI
2025-05-20,13.66,13.66,13.23,13.27,54429645,NASDAQ:SOFI
2025-05-21,13.08,13.32,12.74,12.8,71853726,NASDAQ:SOFI
2025-05-22,13.08,13.32,12.74,12.8,1191245,NASDAQ:SOFI
2025-05-23,12.8,13.21,12.75,13.09,44155340,NASDAQ:SOFI
2025-05-27,13.41,13.48,13.09,13.39,46060195,NASDAQ:SOFI
2025-05-28,13.39,13.43,13.13,13.32,56644956,NASDAQ:SOFI
2025-05-29,13.5,13.6,13.07,13.17,50331473,NASDAQ:SOFI
2025-05-30,13.07,13.32,12.86,13.3,60735669,NASDAQ:SOFI
2025-06-02,13.28,13.69,13.09,13.67,53500261,NASDAQ:SOFI
2025-06-03,13.71,13.83,13.49,13.66,54104405,NASDAQ:SOFI
2025-06-04,13.67,13.69,13.23,13.46,54412385,NASDAQ:SOFI
2025-06-05,13.48,14.32,13.46,13.67,70855385,NASDAQ:SOFI
2025-06-06,14,14.49,13.93,14.24,63286706,NASDAQ:SOFI
2025-06-09,14.39,14.43,13.97,14.1,62639273,NASDAQ:SOFI
2025-06-10,14.17,14.48,13.96,14.39,57460283,NASDAQ:SOFI
2025-06-11,14.52,15.17,14.49,15.06,79569787,NASDAQ:SOFI
2025-06-12,14.87,15.2,14.66,14.9,78524736,NASDAQ:SOFI
2025-06-13,14.39,14.71,13.97,14.09,76753109,NASDAQ:SOFI
2025-06-16,14.3,14.93,14.28,14.9,65414120,NASDAQ:SOFI
2025-06-17,14.82,14.94,14.23,14.43,72249506,NASDAQ:SOFI
2025-06-18,14.38,15.42,14.36,15.36,84596992,NASDAQ:SOFI
2025-06-20,15.57,15.64,15,15.2,87552775,NASDAQ:SOFI
2025-06-23,15.02,15.45,14.64,15.36,60990940,NASDAQ:SOFI
2025-06-24,15.74,15.95,15.51,15.85,64207340,NASDAQ:SOFI
2025-06-25,16.02,16.29,15.91,16.08,68438902,NASDAQ:SOFI
2025-06-26,16.25,16.81,16.06,16.77,73896767,NASDAQ:SOFI
2025-06-27,16.92,17.52,16.84,17.18,92297003,NASDAQ:SOFI
2025-06-30,17.73,18.92,17.59,18.21,149080241,NASDAQ:SOFI
2025-07-01,18,18.48,17.35,17.64,93556470,NASDAQ:SOFI
2025-07-02,17.52,18.29,17.52,18.12,67100668,NASDAQ:SOFI
2025-07-03,18.31,18.64,18.08,18.57,44667703,NASDAQ:SOFI
2025-07-07,18.5,19.29,18.4,19.24,80137791,NASDAQ:SOFI
2025-07-08,19.8,20.89,19.66,19.95,111492404,NASDAQ:SOFI
2025-07-09,20.17,20.25,19.62,20.22,64252092,NASDAQ:SOFI
2025-07-10,20.39,21.32,20.24,20.97,86494135,NASDAQ:SOFI
2025-07-11,20.77,21.86,20.75,21.2,92365649,NASDAQ:SOFI
2025-07-14,21.37,21.44,20.42,21.33,67028203,NASDAQ:SOFI
2025-07-15,21.25,21.6,20.86,20.96,61495388,NASDAQ:SOFI
2025-07-16,20.97,21.59,20.77,21.39,60085433,NASDAQ:SOFI
2025-07-17,21.5,22.2,21.42,22.09,49837634,NASDAQ:SOFI
2025-07-18,22.31,22.74,21.35,21.81,59729094,NASDAQ:SOFI
2025-07-21,21.95,22.04,21.09,21.16,48698979,NASDAQ:SOFI
2025-07-22,20.79,21.1,19.82,20.98,63655872,NASDAQ:SOFI
2025-07-23,21.21,21.65,20.86,21.56,49653725,NASDAQ:SOFI
2025-07-24,21.75,22.01,21.37,21.51,46110254,NASDAQ:SOFI
2025-07-25,21.52,21.58,21.17,21.2,40134949,NASDAQ:SOFI
2025-07-28,21.22,21.22,20.77,21.02,59105947,NASDAQ:SOFI
2025-07-29,23.11,25.11,22.26,22.4,236127444,NASDAQ:SOFI
2025-07-30,20.83,21.98,20.43,21.87,183424718,NASDAQ:SOFI
2025-07-31,22.68,23.81,22.49,22.58,120095313,NASDAQ:SOFI
2025-08-01,21.7,21.76,20.6,21.23,89388484,NASDAQ:SOFI
2025-08-04,21.51,21.84,20.7,21.81,59741244,NASDAQ:SOFI
2025-08-05,22,22.12,21.32,21.54,48936513,NASDAQ:SOFI
2025-08-06,21.47,21.56,21.02,21.46,36720518,NASDAQ:SOFI
2025-08-07,21.79,22.43,21.68,22.08,53034172,NASDAQ:SOFI
2025-08-08,22.3,22.59,21.95,22.1,49146091,NASDAQ:SOFI
2025-08-11,22.1,23.14,21.72,22.42,58462561,NASDAQ:SOFI
2025-08-12,22.62,23.73,22.52,23.65,56966170,NASDAQ:SOFI
2025-08-13,24.18,24.5,23.09,23.81,68665800,NASDAQ:SOFI
2025-08-14,23.42,23.95,22.74,23.29,52370522,NASDAQ:SOFI
2025-08-15,23.29,23.86,22.61,23.77,44765005,NASDAQ:SOFI
2025-08-18,23.69,24.23,23.41,24.23,45472922,NASDAQ:SOFI
2025-08-19,24.61,24.91,22.69,22.75,82575036,NASDAQ:SOFI
2025-08-20,22.42,22.72,21.21,22.52,87818336,NASDAQ:SOFI
2025-08-21,22.44,23.37,22.31,23.33,53440677,NASDAQ:SOFI
2025-08-22,23.16,25.25,22.9,25.02,101606459,NASDAQ:SOFI
2025-08-25,25.18,26.38,24.81,26.15,90232980,NASDAQ:SOFI
2025-08-26,26.21,26.61,25.5,25.62,125930088,NASDAQ:SOFI
2025-08-27,25.62,25.81,24.88,24.96,54456445,NASDAQ:SOFI
2025-08-28,25.02,26.33,25,26.04,68314756,NASDAQ:SOFI
2025-08-29,26.16,26.42,25.21,25.54,54432518,NASDAQ:SOFI
2025-09-02,24.5,25.28,23.7,24.91,76177284,NASDAQ:SOFI
2025-09-03,25.06,25.11,24.39,24.49,48252808,NASDAQ:SOFI
2025-09-04,24.33,25.54,24.24,25.38,51599714,NASDAQ:SOFI
2025-09-05,25.77,25.97,24.18,25.6,71312274,NASDAQ:SOFI
2025-09-08,25.81,26.1,25.05,25.96,55972664,NASDAQ:SOFI
2025-09-09,26.02,26.19,25.55,25.97,49112973,NASDAQ:SOFI
2025-09-10,26.29,26.86,25.3,25.52,63942161,NASDAQ:SOFI
2025-09-11,25.76,26.6,25.62,25.96,54719163,NASDAQ:SOFI
2025-09-12,26,26.69,25.77,26.55,61305218,NASDAQ:SOFI
2025-09-15,27.25,27.77,26.94,27.67,66929356,NASDAQ:SOFI
2025-09-16,27.79,27.88,26.63,27.42,67268473,NASDAQ:SOFI
2025-09-17,27.25,27.46,26.13,27.14,73319917,NASDAQ:SOFI
2025-09-18,27.59,28.58,27.08,28.11,71508277,NASDAQ:SOFI
2025-09-19,28.27,29.63,28.24,29.51,74760864,NASDAQ:SOFI
2025-09-22,29.3,30.3,28.97,29.81,64448269,NASDAQ:SOFI
2025-09-23,29.81,30.14,28.85,29.09,47417520,NASDAQ:SOFI
2025-09-24,29.5,29.67,28.35,28.44,46087493,NASDAQ:SOFI
2025-09-25,27.76,28.67,27.06,28.12,49863456,NASDAQ:SOFI
2025-09-26,28.37,28.48,27.56,27.98,36585277,NASDAQ:SOFI
2025-09-29,28.36,28.63,27.11,27.55,60395294,NASDAQ:SOFI
2025-09-30,27.47,27.61,25.7,26.42,94402887,NASDAQ:SOFI
2025-10-01,26.73,27.33,25.64,25.76,81148117,NASDAQ:SOFI
2025-10-02,26.33,26.35,25.45,25.97,65256655,NASDAQ:SOFI
2025-10-03,26.1,26.18,24.84,25.24,78751668,NASDAQ:SOFI
2025-10-06,25.77,27.14,25.31,26.36,97325624,NASDAQ:SOFI
2025-10-07,27.1,28.84,26.68,28.14,121607813,NASDAQ:SOFI
2025-10-08,28.49,28.71,27.65,28.02,84643224,NASDAQ:SOFI
2025-10-09,28.04,28.69,27.75,28.45,66863907,NASDAQ:SOFI
2025-10-10,28.55,29.8,26.13,26.19,106425798,NASDAQ:SOFI
2025-10-13,27.07,27.43,26.47,27.14,62676084,NASDAQ:SOFI
2025-10-14,26.51,28.35,25.75,27.87,75502549,NASDAQ:SOFI
2025-10-15,28.2,29.09,27.56,28.03,67849587,NASDAQ:SOFI
2025-10-16,28.07,28.44,26.25,26.6,73472514,NASDAQ:SOFI
2025-10-17,26.1,26.92,26.01,26.54,48123301,NASDAQ:SOFI
2025-10-20,27.2,28.93,27.06,28.68,71880811,NASDAQ:SOFI
2025-10-21,28.56,29.07,28.15,28.75,56408125,NASDAQ:SOFI
2025-10-22,28.49,28.8,26.38,27.19,72894614,NASDAQ:SOFI
2025-10-23,27.33,28.6,27.2,28.08,51151847,NASDAQ:SOFI
2025-10-24,28.85,29.87,28.7,29.01,53154736,NASDAQ:SOFI
2025-10-27,30,30.2,29.27,30,82986537,NASDAQ:SOFI
2025-10-28,30.99,31.98,28.8,31.66,183013567,NASDAQ:SOFI
2025-10-29,31.5,32.57,30.14,30.9,95429662,NASDAQ:SOFI
2025-10-30,30.44,30.92,28.98,29.03,70598699,NASDAQ:SOFI
2025-10-31,29.69,29.86,28.49,29.68,66924035,NASDAQ:SOFI
2024-10-30,40.88,41.28,40.62,40.88,32004733,NASDAQ:IBIT
2024-10-31,40.98,41.01,39.73,39.78,48039769,NASDAQ:IBIT
2024-11-01,39.92,40.8,39.1,39.37,49930218,NASDAQ:IBIT
2024-11-04,39.03,39.12,38.17,38.25,36048942,NASDAQ:IBIT
2024-11-05,39.43,40.13,39.11,39.51,36660442,NASDAQ:IBIT
2024-11-06,42.32,43.63,41.86,43.4,97138123,NASDAQ:IBIT
2024-11-07,42.71,43.84,42.47,43.6,40670192,NASDAQ:IBIT
2024-11-08,43.44,44.09,43.1,43.69,44183719,NASDAQ:IBIT
2024-11-11,46.66,49.89,46.53,49.57,96319189,NASDAQ:IBIT
2024-11-12,49.02,51.26,48.52,51.05,77294935,NASDAQ:IBIT
2024-11-13,51.24,53.26,50.86,51.04,103319316,NASDAQ:IBIT
2024-11-14,51.99,52.3,49.7,49.73,60782759,NASDAQ:IBIT
2024-11-15,50.84,52.17,49.93,52.13,46939425,NASDAQ:IBIT
2024-11-18,51.5,52.81,51.04,52.13,61429321,NASDAQ:IBIT
2024-11-19,52.16,53.66,51.91,52.7,80884031,NASDAQ:IBIT
2024-11-20,53.88,54.17,53.06,53.72,70154542,NASDAQ:IBIT
2024-11-21,55.41,56.51,54.41,55.9,93957586,NASDAQ:IBIT
2024-11-22,55.64,56.86,55.31,56.49,66020372,NASDAQ:IBIT
2024-11-25,55.41,55.49,53.67,54.02,69396705,NASDAQ:IBIT
2024-11-26,52.44,54,51.54,51.7,67423310,NASDAQ:IBIT
2024-11-27,53.83,55.49,53.66,55.03,61783541,NASDAQ:IBIT
2024-11-29,55.48,56.36,55.21,55.21,30337331,NASDAQ:IBIT
2024-12-02,54.66,55.55,53.75,54.48,52619439,NASDAQ:IBIT
2024-12-03,53.62,54.94,53.28,54.46,39000438,NASDAQ:IBIT
2024-12-04,54.61,56.61,53.9,56.42,58655320,NASDAQ:IBIT
2024-12-05,58.6,59.16,55.7,56.4,89447615,NASDAQ:IBIT
2024-12-06,56.6,58.21,56.18,57.8,50016990,NASDAQ:IBIT
2024-12-09,56.41,57.25,54.64,54.73,55677607,NASDAQ:IBIT
2024-12-10,55.8,56,53.62,54.9,48810003,NASDAQ:IBIT
2024-12-11,56.19,57.98,56.04,57.72,48872589,NASDAQ:IBIT
2024-12-12,57.77,58.45,56.47,56.92,38811349,NASDAQ:IBIT
2024-12-13,57.2,58.09,56.73,57.91,37881688,NASDAQ:IBIT
2024-12-16,59.43,61.47,59.38,60.22,63994128,NASDAQ:IBIT
2024-12-17,61.37,61.75,60.15,60.73,49617650,NASDAQ:IBIT
2024-12-18,59.56,59.79,56.82,57.18,69862682,NASDAQ:IBIT
2024-12-19,58.2,58.48,54.28,54.72,79563946,NASDAQ:IBIT
2024-12-20,54.08,55.66,53.93,54.81,55327879,NASDAQ:IBIT
2024-12-23,54.27,54.34,52.5,52.87,44528518,NASDAQ:IBIT
2024-12-24,55.06,56.41,54.88,56.23,27692664,NASDAQ:IBIT
2024-12-26,54.42,54.96,54.06,54.3,26750363,NASDAQ:IBIT
2024-12-27,54.78,54.82,52.96,53.68,35983044,NASDAQ:IBIT
2024-12-30,52.8,53.94,51.77,53.55,39339961,NASDAQ:IBIT
2024-12-31,54.48,54.73,52.9,53.05,30143608,NASDAQ:IBIT
2025-01-02,54.9,55.73,54.59,55.37,41029151,NASDAQ:IBIT
2025-01-03,55.23,56.41,54.97,55.96,32839480,NASDAQ:IBIT
2025-01-06,56.37,58.46,56.24,58.17,47318389,NASDAQ:IBIT
2025-01-07,57.31,57.38,54.58,54.79,57081839,NASDAQ:IBIT
2025-01-08,54.27,54.61,52.51,53.34,47070972,NASDAQ:IBIT
2025-01-10,53.7,54.55,52.39,53.84,43996088,NASDAQ:IBIT
2025-01-13,51.65,53.33,50.69,53.22,44866491,NASDAQ:IBIT
2025-01-14,55.04,55.33,54.18,54.83,30772842,NASDAQ:IBIT
2025-01-15,56.14,57.35,53.97,56.64,42124740,NASDAQ:IBIT
2025-01-16,56.53,57.29,55.3,57.09,35548005,NASDAQ:IBIT
2025-01-17,58.52,60.41,58.26,59.62,70766122,NASDAQ:IBIT
2025-01-21,59.87,61.08,58.41,60.42,63410700,NASDAQ:IBIT
2025-01-22,59.55,59.86,58.76,59.38,37667944,NASDAQ:IBIT
2025-01-23,58.23,60.82,58.16,58.79,118197641,NASDAQ:IBIT
2025-01-24,59.92,61.06,59.56,59.7,46082299,NASDAQ:IBIT
2025-01-27,57.32,58.2,56.15,57.67,61243064,NASDAQ:IBIT
2025-01-28,58.34,59.06,57.55,57.58,30257022,NASDAQ:IBIT
2025-01-29,58.12,59.67,57.66,59.34,38059401,NASDAQ:IBIT
2025-01-30,59.73,60.67,59.6,59.72,33479299,NASDAQ:IBIT
2025-01-31,59.61,60.4,57.65,57.71,41862067,NASDAQ:IBIT
2025-02-03,53.97,58.14,53.69,57.58,73864866,NASDAQ:IBIT
2025-02-04,56.51,57.43,55.73,56.13,48597673,NASDAQ:IBIT
2025-02-05,56.21,56.47,54.87,55.33,24705047,NASDAQ:IBIT
2025-02-06,55.93,56.32,54.41,55.12,28324404,NASDAQ:IBIT
2025-02-07,56.74,57.05,54.36,54.47,41477251,NASDAQ:IBIT
2025-02-10,55.61,55.77,55.08,55.38,21331756,NASDAQ:IBIT
2025-02-11,55.11,55.36,53.87,54.11,27542729,NASDAQ:IBIT
2025-02-12,53.83,55.56,53.7,55.16,34445186,NASDAQ:IBIT
2025-02-13,54.57,54.88,54.12,54.74,24211237,NASDAQ:IBIT
2025-02-14,54.94,56.36,54.75,55.33,27505401,NASDAQ:IBIT
2025-02-18,54.9,54.99,53.03,53.51,38190453,NASDAQ:IBIT
2025-02-19,54.83,55,54.22,54.65,29062141,NASDAQ:IBIT
2025-02-20,55.63,56.2,55.01,56.04,25814891,NASDAQ:IBIT
2025-02-21,56.39,56.55,53.79,53.92,48588622,NASDAQ:IBIT
2025-02-24,54.23,54.47,53.19,53.41,38111606,NASDAQ:IBIT
2025-02-25,50.66,50.66,48.67,50.03,103835173,NASDAQ:IBIT
2025-02-26,48.71,50.23,46.69,47.96,86382553,NASDAQ:IBIT
2025-02-27,49.01,49.09,46.9,47.35,43346479,NASDAQ:IBIT
2025-02-28,46.54,48.44,46.07,47.9,59648323,NASDAQ:IBIT
2025-03-03,52.97,53.04,48.36,48.9,92274132,NASDAQ:IBIT
2025-03-04,47.03,50.56,46.28,49.39,72360145,NASDAQ:IBIT
2025-03-05,51.01,51.5,49.76,51.44,49050731,NASDAQ:IBIT
2025-03-06,51.16,52.02,49.88,50.64,50275047,NASDAQ:IBIT
2025-03-07,50.67,51.82,49.13,49.43,59351095,NASDAQ:IBIT
2025-03-10,46.99,47.12,43.95,44.91,85278750,NASDAQ:IBIT
2025-03-11,46.3,47.55,44.89,47.24,48562703,NASDAQ:IBIT
2025-03-12,47.38,47.65,45.8,47.15,32196179,NASDAQ:IBIT
2025-03-13,47.13,47.28,45.38,45.52,42870382,NASDAQ:IBIT
2025-03-14,47.39,48.56,46.99,48.14,43770196,NASDAQ:IBIT
2025-03-17,47.16,48.24,46.87,48.06,28998279,NASDAQ:IBIT
2025-03-18,46.83,46.92,46.09,46.81,33645549,NASDAQ:IBIT
2025-03-19,47.74,48.94,47.54,48.61,40812831,NASDAQ:IBIT
2025-03-20,48.39,49.23,47.49,47.85,30509054,NASDAQ:IBIT
2025-03-21,47.56,47.99,47.25,47.7,18141541,NASDAQ:IBIT
2025-03-24,49.64,50.5,49.59,50.18,29833259,NASDAQ:IBIT
2025-03-25,49.86,50.25,49.5,50.14,21846271,NASDAQ:IBIT
2025-03-26,49.75,50.02,48.77,49.18,28947990,NASDAQ:IBIT
2025-03-27,49.08,49.81,48.8,49.44,33003960,NASDAQ:IBIT
2025-03-28,48.47,48.64,47.43,47.56,37749356,NASDAQ:IBIT
2025-03-31,46.88,47.69,46.34,46.81,24010791,NASDAQ:IBIT
2025-04-01,47.53,48.65,46.84,48.3,30139681,NASDAQ:IBIT
2025-04-02,48.13,49.72,48.04,49.41,38654714,NASDAQ:IBIT
2025-04-03,46.59,47.04,46.11,46.57,40675998,NASDAQ:IBIT
2025-04-04,46.94,48.11,46.43,47.71,68668830,NASDAQ:IBIT
2025-04-07,43.68,46.16,42.98,44.27,107582055,NASDAQ:IBIT
2025-04-08,45.54,45.65,43.26,43.59,50053346,NASDAQ:IBIT
2025-04-09,43.58,47.19,43.53,46.83,85507939,NASDAQ:IBIT
2025-04-10,46.41,46.49,44.51,45.17,45745683,NASDAQ:IBIT
2025-04-11,46.63,47.89,46.18,47.67,54223514,NASDAQ:IBIT
2025-04-14,48.29,48.81,47.55,48.28,32514400,NASDAQ:IBIT
2025-04-15,48.8,49.19,47.68,47.74,24001676,NASDAQ:IBIT
2025-04-16,47.59,48.64,47.36,47.96,27463001,NASDAQ:IBIT
2025-04-17,48.15,48.65,47.62,48.26,23963579,NASDAQ:IBIT
2025-04-21,49.63,50.42,49.1,49.72,57126893,NASDAQ:IBIT
2025-04-22,51,52.27,50.88,52.08,83738112,NASDAQ:IBIT
2025-04-23,53.46,53.84,52.27,53.2,60960489,NASDAQ:IBIT
2025-04-24,52.75,53.31,52.65,53.26,28476587,NASDAQ:IBIT
2025-04-25,53.62,54.58,53.48,54.27,48230982,NASDAQ:IBIT
2025-04-28,54.09,54.17,53.12,53.88,34157234,NASDAQ:IBIT
2025-04-29,53.95,54.32,53.76,54.22,31214047,NASDAQ:IBIT
2025-04-30,53.75,53.77,52.76,53.51,34189557,NASDAQ:IBIT
2025-05-01,54.99,55.51,54.52,54.95,52802615,NASDAQ:IBIT
2025-05-02,55.16,55.74,54.97,55.19,43449009,NASDAQ:IBIT
2025-05-05,53.52,53.97,53.18,53.63,24957666,NASDAQ:IBIT
2025-05-06,53.25,54.11,53.02,53.97,20578709,NASDAQ:IBIT
2025-05-07,54.99,55.46,54.45,54.68,29902962,NASDAQ:IBIT
2025-05-08,56.54,57.84,56.31,57.62,55449010,NASDAQ:IBIT
2025-05-09,58.56,59.01,58.16,58.66,36503678,NASDAQ:IBIT
2025-05-12,59.18,59.48,57.23,57.88,44350645,NASDAQ:IBIT
2025-05-13,58.98,59.75,58.46,59.62,38311997,NASDAQ:IBIT
2025-05-14,59.18,59.35,58.32,58.74,38499448,NASDAQ:IBIT
2025-05-15,58.28,59.26,57.62,58.67,33563849,NASDAQ:IBIT
2025-05-16,58.88,59.5,58.77,59.2,37353625,NASDAQ:IBIT
2025-05-19,58.29,60.06,58.21,59.99,50625063,NASDAQ:IBIT
2025-05-20,59.49,61.05,59.2,60.91,49771135,NASDAQ:IBIT
2025-05-21,60.54,62.53,60.33,61.79,98801881,NASDAQ:IBIT
2025-05-22,63.35,63.7,62.81,63.23,66549464,NASDAQ:IBIT
2025-05-23,61.81,62.61,61.43,61.83,61971386,NASDAQ:IBIT
2025-05-27,62.84,63.04,61.83,62.5,49538643,NASDAQ:IBIT
2025-05-28,61.84,62.03,60.76,60.79,44241949,NASDAQ:IBIT
2025-05-29,61.58,61.61,59.9,59.99,70525244,NASDAQ:IBIT
2025-05-30,60.05,60.26,58.86,59.46,45680038,NASDAQ:IBIT
2025-06-02,59.07,59.56,58.88,59.36,30733544,NASDAQ:IBIT
2025-06-03,59.98,60.78,59.71,60.4,37381640,NASDAQ:IBIT
2025-06-04,59.66,60,59.16,59.64,32365259,NASDAQ:IBIT
2025-06-05,60.15,60.16,57.7,57.87,58411562,NASDAQ:IBIT
2025-06-06,59.09,59.97,59.05,59.26,34477637,NASDAQ:IBIT
2025-06-09,61.13,61.86,60.78,61.77,43950313,NASDAQ:IBIT
2025-06-10,62.36,62.76,61.55,62.29,32894281,NASDAQ:IBIT
2025-06-11,62.4,62.79,61.6,61.84,30336883,NASDAQ:IBIT
2025-06-12,60.7,61.65,60.52,60.7,36713593,NASDAQ:IBIT
2025-06-13,59.62,60.3,59.17,59.74,42127815,NASDAQ:IBIT
2025-06-16,60.6,61.95,60.51,61.8,42415243,NASDAQ:IBIT
2025-06-17,60.02,60.13,58.69,59.5,53900684,NASDAQ:IBIT
2025-06-18,59.07,59.9,58.82,58.97,40166415,NASDAQ:IBIT
2025-06-20,60.27,60.33,58.15,58.67,35261791,NASDAQ:IBIT
2025-06-23,57.48,58.76,56.63,58.67,63747161,NASDAQ:IBIT
2025-06-24,59.77,60.47,59.56,60.06,40387207,NASDAQ:IBIT
2025-06-25,61.33,61.53,60.71,61.28,40812513,NASDAQ:IBIT
2025-06-26,60.93,61.28,60.57,61.14,29434648,NASDAQ:IBIT
2025-06-27,60.69,61.25,60.47,60.72,35637887,NASDAQ:IBIT
2025-06-30,61.27,61.31,60.62,61.21,34173957,NASDAQ:IBIT
2025-07-01,60.58,60.93,59.83,59.84,35575457,NASDAQ:IBIT
2025-07-02,61.12,62.47,61.01,62.42,65900246,NASDAQ:IBIT
2025-07-03,62.21,62.94,62.02,62.19,32662368,NASDAQ:IBIT
2025-07-07,61.63,61.78,61.04,61.4,37793380,NASDAQ:IBIT
2025-07-08,61.9,62.11,61.4,61.82,29471541,NASDAQ:IBIT
2025-07-09,62.29,63.76,61.63,63.58,56974395,NASDAQ:IBIT
2025-07-10,63.14,64.81,62.8,64.5,84144876,NASDAQ:IBIT
2025-07-11,66.88,67.24,66.29,67.21,78031890,NASDAQ:IBIT
2025-07-14,69.17,69.46,67.74,68.18,68391579,NASDAQ:IBIT
2025-07-15,66.93,67.4,65.77,66.16,82079384,NASDAQ:IBIT
2025-07-16,67.55,68.24,67.14,67.83,58926959,NASDAQ:IBIT
2025-07-17,67.04,68.22,66.82,67.65,45310322,NASDAQ:IBIT
2025-07-18,67.54,67.84,66.55,66.68,51010383,NASDAQ:IBIT
2025-07-21,67.21,67.81,66.23,66.33,47080792,NASDAQ:IBIT
2025-07-22,67.77,68.39,66.79,67.82,45383901,NASDAQ:IBIT
2025-07-23,67.11,67.51,66.66,67.29,34878675,NASDAQ:IBIT
2025-07-24,67.5,67.98,66.97,67.66,33249929,NASDAQ:IBIT
2025-07-25,66.09,66.57,65.35,66.36,53995727,NASDAQ:IBIT
2025-07-28,67.41,67.74,66.7,67.1,38747986,NASDAQ:IBIT
2025-07-29,67.61,67.67,66.37,66.71,38407325,NASDAQ:IBIT
2025-07-30,66.78,67.53,65.72,66.37,40903139,NASDAQ:IBIT
2025-07-31,67.12,67.58,66.29,66.32,41463076,NASDAQ:IBIT
2025-08-01,65.65,65.74,64.14,64.22,69829683,NASDAQ:IBIT
2025-08-04,64.79,65.74,64.73,65.2,29985169,NASDAQ:IBIT
2025-08-05,64.86,65.12,63.93,64.55,31327663,NASDAQ:IBIT
2025-08-06,64.71,65.78,64.48,65.51,26866652,NASDAQ:IBIT
2025-08-07,66.19,66.89,65.74,66.83,41363904,NASDAQ:IBIT
2025-08-08,66.38,66.72,65.82,66.13,29121353,NASDAQ:IBIT
2025-08-11,67.88,68.65,67.37,67.64,43158507,NASDAQ:IBIT
2025-08-12,67.73,68.3,67.36,67.95,33721574,NASDAQ:IBIT
2025-08-13,68.55,69.89,68.22,69.84,54824607,NASDAQ:IBIT
2025-08-14,67.21,67.88,66.55,67.03,71199629,NASDAQ:IBIT
2025-08-15,67.31,67.36,66.34,66.44,39585054,NASDAQ:IBIT
2025-08-18,65.72,66.35,65.18,66.05,33918461,NASDAQ:IBIT
2025-08-19,65.74,65.81,63.9,64.19,56556244,NASDAQ:IBIT
2025-08-20,64.36,64.99,63.74,64.9,40798804,NASDAQ:IBIT
2025-08-21,64.35,64.77,63.54,63.69,34187113,NASDAQ:IBIT
2025-08-22,63.8,66.76,63.56,66.25,66739180,NASDAQ:IBIT
2025-08-25,63.45,64.2,62.76,62.88,55863410,NASDAQ:IBIT
2025-08-26,62.41,63.18,62.11,63.1,41469257,NASDAQ:IBIT
2025-08-27,63.25,64.02,63.05,63.65,33800772,NASDAQ:IBIT
2025-08-28,64.22,64.38,63.56,63.58,30895767,NASDAQ:IBIT
2025-08-29,62.78,62.83,61.31,61.44,52646976,NASDAQ:IBIT
2025-09-02,62.14,63.54,61.94,62.97,46457438,NASDAQ:IBIT
2025-09-03,63.26,64,63.14,63.77,34218129,NASDAQ:IBIT
2025-09-04,62.93,63.01,62.06,62.35,32780389,NASDAQ:IBIT
2025-09-05,64.12,64.35,62.55,63.42,47921768,NASDAQ:IBIT
2025-09-08,63.76,64.19,63.53,63.7,37129769,NASDAQ:IBIT
2025-09-09,64.1,64.19,62.87,63.22,36145445,NASDAQ:IBIT
2025-09-10,64.6,65.03,64.27,64.53,45182954,NASDAQ:IBIT
2025-09-11,64.63,65.21,64.58,65.03,34658172,NASDAQ:IBIT
2025-09-12,65.32,66.45,65.22,66.38,48551141,NASDAQ:IBIT
2025-09-15,65.36,65.66,64.93,65.5,34018370,NASDAQ:IBIT
2025-09-16,65.57,66.47,65.14,66.37,33920588,NASDAQ:IBIT
2025-09-17,66.03,66.19,65.1,65.67,46293658,NASDAQ:IBIT
2025-09-18,66.73,67.04,66.48,66.75,38481187,NASDAQ:IBIT
2025-09-19,66.01,66.2,65.34,65.37,32989380,NASDAQ:IBIT
2025-09-22,64.18,64.46,63.58,63.65,42504051,NASDAQ:IBIT
2025-09-23,64.16,64.39,63.33,63.41,40144961,NASDAQ:IBIT
2025-09-24,64.16,64.39,63.33,63.41,1689935,NASDAQ:IBIT
2025-09-26,62.01,62.65,61.67,61.94,48826041,NASDAQ:IBIT
2025-09-29,63.72,65.04,63.65,64.97,51102325,NASDAQ:IBIT
2025-09-30,64.4,65.11,64.1,65,38099852,NASDAQ:IBIT
2025-10-01,66.3,67.23,66.15,66.74,57783320,NASDAQ:IBIT
2025-10-02,67.76,68.84,67.37,68.77,62252241,NASDAQ:IBIT
2025-10-03,68.61,70.53,68.22,69.81,83244108,NASDAQ:IBIT
2025-10-06,71.01,71.82,70.71,71.29,68777377,NASDAQ:IBIT
2025-10-07,70.97,71,68.53,69.13,81680220,NASDAQ:IBIT
2025-10-08,69.58,70.59,69.12,70.06,54245583,NASDAQ:IBIT
2025-10-09,70.15,70.16,67.95,68.74,55757576,NASDAQ:IBIT
2025-10-10,69.32,69.66,65.8,66.2,104949182,NASDAQ:IBIT
2025-10-13,64.96,65.88,64.62,65.81,71877425,NASDAQ:IBIT
2025-10-14,62.91,64.53,62.37,63.91,75710413,NASDAQ:IBIT
2025-10-15,63.29,63.77,62.49,63.17,49569075,NASDAQ:IBIT
2025-10-16,63.1,63.3,61.02,61.43,89080556,NASDAQ:IBIT
2025-10-17,59.89,61.03,59.31,60.47,94055268,NASDAQ:IBIT
2025-10-20,62.88,63.44,62.36,62.93,51770241,NASDAQ:IBIT
2025-10-21,61.73,64.8,61.42,63.49,82011139,NASDAQ:IBIT
2025-10-22,61.42,61.98,60.96,61.21,72451122,NASDAQ:IBIT
2025-10-23,61.96,63.24,61.71,62.56,41591269,NASDAQ:IBIT
2025-10-24,63.17,63.26,62.3,62.83,39980939,NASDAQ:IBIT
2025-10-27,65.38,65.76,65,65.28,49298024,NASDAQ:IBIT
2025-10-28,65.35,65.97,64.41,64.49,47609826,NASDAQ:IBIT
2025-10-29,64.49,64.51,62,62.75,76944370,NASDAQ:IBIT
2025-10-30,61.53,61.59,60.28,60.4,57355586,NASDAQ:IBIT
2025-10-31,62.35,63.03,61.62,62.3,47300723,NASDAQ:IBIT
2024-10-30,15.76,17.55,15.76,16.87,23685238,NYSE:IONQ
2024-10-31,16.71,16.98,14.76,15.03,22506862,NYSE:IONQ
2024-11-01,15.27,15.51,14.54,14.85,15846997,NYSE:IONQ
2024-11-04,14.9,15.11,14.15,14.37,12424224,NYSE:IONQ
2024-11-05,14.79,15.55,14.63,15.35,12942821,NYSE:IONQ
2024-11-06,16.73,16.83,15.85,16.45,20834503,NYSE:IONQ
2024-11-07,16.43,22.62,16.29,22.11,70733418,NYSE:IONQ
2024-11-08,21.69,25.68,21.31,24.79,64845208,NYSE:IONQ
2024-11-11,24.32,24.49,21.3,23.52,35693714,NYSE:IONQ
2024-11-12,22,25.44,22,23.01,28019188,NYSE:IONQ
2024-11-13,23.88,27.65,23.67,26.76,41306135,NYSE:IONQ
2024-11-14,27.9,28.05,24.87,26.16,35122524,NYSE:IONQ
2024-11-15,26.29,29.48,25.03,29.14,37575992,NYSE:IONQ
2024-11-18,28.15,28.47,22.27,25.23,54255335,NYSE:IONQ
2024-11-19,25.2,28.3,24.87,27.89,30086631,NYSE:IONQ
2024-11-20,27.91,30.5,27.43,28.86,28874806,NYSE:IONQ
2024-11-21,28.8,33.8,28.48,32.78,43881811,NYSE:IONQ
2024-11-22,32.49,33.07,30.3,31.8,28146347,NYSE:IONQ
2024-11-25,33.93,35.24,30.46,30.88,31379342,NYSE:IONQ
2024-11-26,30.5,32.86,29.7,30.65,22521844,NYSE:IONQ
2024-11-27,31.1,32.37,28.32,32.21,24277856,NYSE:IONQ
2024-11-29,32.21,37.28,31.96,36.5,23227410,NYSE:IONQ
2024-12-02,36.54,37,31.77,32.06,28440402,NYSE:IONQ
2024-12-03,31.8,33.68,30.82,32.79,20329143,NYSE:IONQ
2024-12-04,32.68,34.95,31.17,33.42,17219606,NYSE:IONQ
2024-12-05,33.95,37.64,32.65,35.95,28953963,NYSE:IONQ
2024-12-06,36.31,38.45,34.9,37.97,19783603,NYSE:IONQ
2024-12-09,38,38.25,34.16,34.24,22414871,NYSE:IONQ
2024-12-10,33,36.75,32.63,32.97,25017823,NYSE:IONQ
2024-12-11,32.99,32.99,28.04,29.83,36443854,NYSE:IONQ
2024-12-12,29.36,32.78,28.94,29.99,21879548,NYSE:IONQ
2024-12-13,30.23,34.03,29.52,33.83,24677315,NYSE:IONQ
2024-12-16,32.47,42.81,32.39,41.81,42539376,NYSE:IONQ
2024-12-17,41.64,43.94,39.25,43.84,31560487,NYSE:IONQ
2024-12-18,41.65,44.99,37,37.5,37488619,NYSE:IONQ
2024-12-19,40.71,42.4,36.54,37.76,27705823,NYSE:IONQ
2024-12-20,36.96,47.41,36.7,44.42,47711374,NYSE:IONQ
2024-12-23,45.33,45.5,41.3,41.32,27057204,NYSE:IONQ
2024-12-24,41.99,45.4,39.84,44.58,18418371,NYSE:IONQ
2024-12-26,44.5,48.56,42.56,48.24,24821271,NYSE:IONQ
2024-12-27,46.87,48.25,44.5,45.48,22491380,NYSE:IONQ
2024-12-30,44.6,45.79,41.51,44.29,17610859,NYSE:IONQ
2024-12-31,44.52,45.14,40.9,41.77,15311420,NYSE:IONQ
2025-01-02,41.28,43.79,38.46,43.1,22986249,NYSE:IONQ
2025-01-03,43.1,47.91,43,47.77,28235532,NYSE:IONQ
2025-01-06,48.3,51.66,47.13,51.07,23299872,NYSE:IONQ
2025-01-07,51.28,54.74,48.73,49.59,27090333,NYSE:IONQ
2025-01-08,38.75,39,25.92,30.25,128343761,NYSE:IONQ
2025-01-10,31.99,33.98,28.51,32.33,69769769,NYSE:IONQ
2025-01-13,29.55,32.83,27.16,27.86,52751688,NYSE:IONQ
2025-01-14,28.2,30.2,26.63,29.51,43673198,NYSE:IONQ
2025-01-15,32.78,40.5,32.41,39.39,74872063,NYSE:IONQ
2025-01-16,36.86,42,36.13,41.55,46324605,NYSE:IONQ
2025-01-17,40.03,42.35,38.77,38.89,30697677,NYSE:IONQ
2025-01-21,39.19,45.56,38.8,45.31,35231944,NYSE:IONQ
2025-01-22,45.24,45.35,40.94,42.04,26440169,NYSE:IONQ
2025-01-23,41.44,43.94,40.33,41.35,17140798,NYSE:IONQ
2025-01-24,41.69,44.23,40.51,40.76,19665918,NYSE:IONQ
2025-01-27,38.02,42.12,37,38.54,21461095,NYSE:IONQ
2025-01-28,40.01,40.36,35.75,38.86,15725215,NYSE:IONQ
2025-01-29,39.26,40.6,38.39,39.54,13098561,NYSE:IONQ
2025-01-30,40.45,41.68,38.23,38.81,12505504,NYSE:IONQ
2025-01-31,38.96,42.98,38.8,39.49,20079013,NYSE:IONQ
2025-02-03,37.4,42.38,37.21,41.47,16578793,NYSE:IONQ
2025-02-04,41.89,44.59,41.43,41.86,16434497,NYSE:IONQ
2025-02-05,42.27,43.59,39.65,42.32,13473038,NYSE:IONQ
2025-02-06,42.67,44.34,40.65,41.27,10405922,NYSE:IONQ
2025-02-07,41.66,43.97,40.05,40.57,15951675,NYSE:IONQ
2025-02-10,39.49,42.85,39.18,41.07,13666919,NYSE:IONQ
2025-02-11,41.8,42.49,37.55,37.7,15568751,NYSE:IONQ
2025-02-12,38,39.33,37.51,38,11894502,NYSE:IONQ
2025-02-13,38.58,38.85,36.52,38.65,14220234,NYSE:IONQ
2025-02-14,38.4,38.58,37.04,37.46,8178180,NYSE:IONQ
2025-02-18,36,36.32,32.82,33.94,20116089,NYSE:IONQ
2025-02-19,33.33,35.93,32.34,34.14,20531238,NYSE:IONQ
2025-02-20,35.64,35.71,32.84,33.75,13058740,NYSE:IONQ
2025-02-21,34.81,35.5,31.36,31.74,15788843,NYSE:IONQ
2025-02-24,31.16,32.54,30.01,31.24,12451787,NYSE:IONQ
2025-02-25,30.88,31.11,28.12,29.73,13278431,NYSE:IONQ
2025-02-26,30.78,31.07,29.55,29.93,14152719,NYSE:IONQ
2025-02-27,28.04,28.99,24.33,24.91,34732795,NYSE:IONQ
2025-02-28,24.04,25.62,23.01,24.57,21996057,NYSE:IONQ
2025-03-03,25.32,25.58,22.65,23.11,18253663,NYSE:IONQ
2025-03-04,21.45,23.2,20.84,22.35,21074786,NYSE:IONQ
2025-03-05,22.91,23.2,21.66,22.63,16067827,NYSE:IONQ
2025-03-06,21.99,22.06,20.32,20.48,16639264,NYSE:IONQ
2025-03-07,20.51,21.29,19.92,20.55,16189220,NYSE:IONQ
2025-03-10,20,20.11,17.93,18.27,15686762,NYSE:IONQ
2025-03-11,18.38,19.18,17.88,18.7,17836171,NYSE:IONQ
2025-03-12,20.27,22.19,19.59,21.82,27255066,NYSE:IONQ
2025-03-13,21.7,22.57,20.57,21.37,32423238,NYSE:IONQ
2025-03-14,22.13,25.24,22.06,25,37795873,NYSE:IONQ
2025-03-17,24.98,25.5,24.03,24.93,30552898,NYSE:IONQ
2025-03-18,23.65,24.46,22.64,22.68,20876285,NYSE:IONQ
2025-03-19,23.59,24.12,22.18,23.3,16600506,NYSE:IONQ
2025-03-20,23.33,24.5,20.61,21.14,29478496,NYSE:IONQ
2025-03-21,20.96,22.72,20.86,22.26,21965919,NYSE:IONQ
2025-03-24,23.23,26.32,23.08,26.12,34724183,NYSE:IONQ
2025-03-25,25.77,26.19,25.04,25.55,17186873,NYSE:IONQ
2025-03-26,26.73,27.83,24.66,24.8,30122315,NYSE:IONQ
2025-03-27,24.09,25.2,23.45,23.65,14118999,NYSE:IONQ
2025-03-28,23.66,23.66,21.92,22.85,15453545,NYSE:IONQ
2025-03-31,21.67,23.1,21.5,22.07,15046773,NYSE:IONQ
2025-04-01,24.31,24.62,22.22,23.19,22958093,NYSE:IONQ
2025-04-02,23.08,25.84,22.69,25.05,25696283,NYSE:IONQ
2025-04-03,23.13,23.78,22.53,23.25,19912753,NYSE:IONQ
2025-04-04,22.6,22.87,19.37,20.68,26829546,NYSE:IONQ
2025-04-07,19.61,24,18.81,22.75,29250669,NYSE:IONQ
2025-04-08,24.05,24.6,20.65,21.28,26233131,NYSE:IONQ
2025-04-09,21.88,26.56,21.36,26.37,31936059,NYSE:IONQ
2025-04-10,25.33,26.62,24.45,25.89,18742102,NYSE:IONQ
2025-04-11,26.24,27.25,25.37,26.09,15810569,NYSE:IONQ
2025-04-14,27.7,28.25,24.75,25.35,19201273,NYSE:IONQ
2025-04-15,25.59,26.08,24.67,25.4,9735202,NYSE:IONQ
2025-04-16,24.45,25.36,23.8,24.57,9711323,NYSE:IONQ
2025-04-17,24.93,25.87,24.48,25.74,10178710,NYSE:IONQ
2025-04-21,25.16,25.2,23.49,24.03,11771305,NYSE:IONQ
2025-04-22,24.49,25.93,23.93,25.56,12158544,NYSE:IONQ
2025-04-23,27.09,27.84,26.27,26.8,14517927,NYSE:IONQ
2025-04-24,27,29.58,26.96,28.39,17959288,NYSE:IONQ
2025-04-25,28.42,31.85,27.71,28.9,27672300,NYSE:IONQ
2025-04-28,29.29,29.96,27.27,28.7,13570787,NYSE:IONQ
2025-04-29,28.9,29.14,27.69,28.09,8214694,NYSE:IONQ
2025-04-30,26.72,27.5,26.33,27.46,9548212,NYSE:IONQ
2025-05-01,28.34,28.46,27.16,27.38,9987419,NYSE:IONQ
2025-05-02,27.8,31.33,27.65,30.92,24011728,NYSE:IONQ
2025-05-05,30.13,30.83,29.61,29.82,9584868,NYSE:IONQ
2025-05-06,28.55,29.5,27.97,29.42,10913261,NYSE:IONQ
2025-05-07,29.03,29.36,28.5,29.14,9016737,NYSE:IONQ
2025-05-08,31.74,33.5,28.11,31.84,39187658,NYSE:IONQ
2025-05-09,31.43,32.64,29.93,31.27,19086401,NYSE:IONQ
2025-05-12,33.12,33.93,31.93,32.89,16465600,NYSE:IONQ
2025-05-13,32.61,34.1,32.33,33.22,13943072,NYSE:IONQ
2025-05-14,33.7,35.29,32.75,33.41,18701827,NYSE:IONQ
2025-05-15,32.93,34.39,32.23,32.54,11151395,NYSE:IONQ
2025-05-16,33.52,35.15,32.97,34.99,17643752,NYSE:IONQ
2025-05-19,33.6,35.14,32.83,35.09,13255268,NYSE:IONQ
2025-05-20,35.89,35.99,34.19,35.31,17686231,NYSE:IONQ
2025-05-21,35.08,36.61,33.33,33.54,21395195,NYSE:IONQ
2025-05-22,33.82,48.92,33.73,45.79,105188117,NYSE:IONQ
2025-05-23,41.96,47.87,41.21,45.69,53827271,NYSE:IONQ
2025-05-27,46.55,48.08,43.6,48.04,30147582,NYSE:IONQ
2025-05-28,46,48.94,44.65,47.56,28831257,NYSE:IONQ
2025-05-29,48,48.82,42.94,43.2,26180352,NYSE:IONQ
2025-05-30,40.46,41.61,39.3,40.34,27156163,NYSE:IONQ
2025-06-02,40.01,41.07,38.35,40.57,15261764,NYSE:IONQ
2025-06-03,41.74,42.39,39.52,39.81,12476187,NYSE:IONQ
2025-06-04,40.04,40.15,37.93,39.64,12078966,NYSE:IONQ
2025-06-05,39.1,39.25,35.93,36.66,17408691,NYSE:IONQ
2025-06-06,37.67,39.95,36.8,39.02,16146130,NYSE:IONQ
2025-06-09,42.54,42.55,38.85,40.06,36305055,NYSE:IONQ
2025-06-10,40.64,44.05,39.46,39.74,31977934,NYSE:IONQ
2025-06-11,41.59,43.96,38.94,39.7,53397297,NYSE:IONQ
2025-06-12,39.49,40.86,38.62,38.71,20079568,NYSE:IONQ
2025-06-13,37.59,39.83,37.44,37.84,19404599,NYSE:IONQ
2025-06-16,37.24,39.26,36.03,38.43,29311138,NYSE:IONQ
2025-06-17,37.86,38.66,36.86,38.04,18889315,NYSE:IONQ
2025-06-18,37.52,39.67,37.31,39.63,18288650,NYSE:IONQ
2025-06-20,39.61,41.44,38.92,40.36,33098968,NYSE:IONQ
2025-06-23,38.87,41.21,37.38,41.14,24966065,NYSE:IONQ
2025-06-24,41.91,42.81,40.53,40.86,19999091,NYSE:IONQ
2025-06-25,41.72,42.13,38.06,38.11,16075718,NYSE:IONQ
2025-06-26,39.57,41.7,39.01,41.12,21786403,NYSE:IONQ
2025-06-27,41.3,41.87,38.97,40.25,21643333,NYSE:IONQ
2025-06-30,41.21,44.1,41.08,42.97,29526415,NYSE:IONQ
2025-07-01,42.37,42.67,39.72,40.1,21237890,NYSE:IONQ
2025-07-02,41.19,44.92,40.47,44.75,24757053,NYSE:IONQ
2025-07-03,44.23,45.58,43.22,44.39,13345323,NYSE:IONQ
2025-07-07,46.38,47.21,42.85,45.2,33850931,NYSE:IONQ
2025-07-08,46.65,47.88,44.68,44.97,25675945,NYSE:IONQ
2025-07-09,45.73,47.25,44.48,45.56,24574175,NYSE:IONQ
2025-07-10,45.56,46.35,44.53,45.93,19544580,NYSE:IONQ
2025-07-11,45,45.57,41.77,41.81,23363626,NYSE:IONQ
2025-07-14,42.09,42.72,41.38,42.41,16527578,NYSE:IONQ
2025-07-15,42.55,43.14,41.08,41.47,15889182,NYSE:IONQ
2025-07-16,42.25,43.67,40.84,43.54,24223139,NYSE:IONQ
2025-07-17,43.44,44.86,43.12,44.84,20228762,NYSE:IONQ
2025-07-18,44.87,47.64,44.02,46.51,25760405,NYSE:IONQ
2025-07-21,46.81,47.73,44.42,44.43,23906955,NYSE:IONQ
2025-07-22,44.52,44.54,41.29,41.94,18995743,NYSE:IONQ
2025-07-23,42.74,43.54,41.79,43.28,14455131,NYSE:IONQ
2025-07-24,42.89,44.64,42.25,43.9,18006268,NYSE:IONQ
2025-07-25,44.24,44.25,42.94,43.17,13392031,NYSE:IONQ
2025-07-28,43.92,44.53,41.44,42.34,16976724,NYSE:IONQ
2025-07-29,43.01,44.21,40.35,40.53,21070279,NYSE:IONQ
2025-07-30,40.98,41.86,39.23,39.88,17861416,NYSE:IONQ
2025-07-31,41.12,42.28,39.62,39.87,21572670,NYSE:IONQ
2025-08-01,38.94,39.19,37.25,38.12,20028190,NYSE:IONQ
2025-08-04,38.99,40.7,38.42,39.86,16131416,NYSE:IONQ
2025-08-05,40.64,42.44,40.13,42.02,22060462,NYSE:IONQ
2025-08-06,43.6,43.6,40.78,41.23,23969629,NYSE:IONQ
2025-08-07,38.98,41.58,38.61,40.49,27970432,NYSE:IONQ
2025-08-08,40.51,42.37,40.41,41.85,20441527,NYSE:IONQ
2025-08-11,41.95,46.82,41.41,44.94,35598846,NYSE:IONQ
2025-08-12,43.66,44.97,42.63,43,20835613,NYSE:IONQ
2025-08-13,43.23,43.5,40.75,41.21,20702318,NYSE:IONQ
2025-08-14,40.51,41.12,39.28,41.03,16638152,NYSE:IONQ
2025-08-15,40.78,40.83,39.42,40.23,10334824,NYSE:IONQ
2025-08-18,40,40.5,39.01,40.23,8204336,NYSE:IONQ
2025-08-19,40.22,40.29,36.59,36.8,18738426,NYSE:IONQ
2025-08-20,37.38,37.41,34.77,36.79,16401257,NYSE:IONQ
2025-08-21,37.25,37.38,36.45,37.17,10120963,NYSE:IONQ
2025-08-22,37.1,39.92,36.65,39.78,15199384,NYSE:IONQ
2025-08-25,39.7,39.82,38.53,38.68,12158678,NYSE:IONQ
2025-08-26,38.85,40.92,38.71,40.75,13548859,NYSE:IONQ
2025-08-27,41.02,42.67,40.77,41.42,17335745,NYSE:IONQ
2025-08-28,41.55,43.73,41.45,43.3,16109085,NYSE:IONQ
2025-08-29,42.55,43.27,41.81,42.74,11540586,NYSE:IONQ
2025-09-02,41.04,43.05,40.22,42.99,13787121,NYSE:IONQ
2025-09-03,42.65,43.21,40.58,40.97,10369817,NYSE:IONQ
2025-09-04,41.23,43.03,40.79,42.11,13213861,NYSE:IONQ
2025-09-05,42.46,42.73,40.51,41.8,11508864,NYSE:IONQ
2025-09-08,42.09,42.59,40.38,41.01,10501715,NYSE:IONQ
2025-09-09,41.39,44.26,41.05,44,17694881,NYSE:IONQ
2025-09-10,44.31,45.18,43.56,43.86,14429958,NYSE:IONQ
2025-09-11,44.2,47.23,43.38,47.05,21599093,NYSE:IONQ
2025-09-12,47.3,56.07,47.15,55.61,68818848,NYSE:IONQ
2025-09-15,56.88,59.89,55.95,59.11,34676982,NYSE:IONQ
2025-09-16,58.98,62.85,57.13,62.26,30636632,NYSE:IONQ
2025-09-17,63.31,66.39,61.08,65.44,49629870,NYSE:IONQ
2025-09-18,68.57,70.43,65.42,66.81,45892863,NYSE:IONQ
2025-09-19,65.98,71.3,65.64,70.41,50959400,NYSE:IONQ
2025-09-22,68.11,73.17,66.15,71.94,35675502,NYSE:IONQ
2025-09-23,74.08,76.13,71.45,75.14,40011854,NYSE:IONQ
2025-09-24,75.25,75.95,71.01,73.86,33075623,NYSE:IONQ
2025-09-25,71.16,72.29,66.91,69.43,44799728,NYSE:IONQ
2025-09-26,68.41,70.42,65.33,67.28,32156903,NYSE:IONQ
2025-09-29,68.38,68.88,63.22,64.26,27595283,NYSE:IONQ
2025-09-30,63.59,65,60.59,61.5,22600610,NYSE:IONQ
2025-10-01,61.39,64.85,60.14,63.09,33912352,NYSE:IONQ
2025-10-02,64.81,69.6,64.41,69.6,37383603,NYSE:IONQ
2025-10-03,70.59,73.76,68.35,73.28,37681777,NYSE:IONQ
2025-10-06,72,79.23,71.88,78.99,36300964,NYSE:IONQ
2025-10-07,80.96,82.97,75.48,79.23,47589070,NYSE:IONQ
2025-10-08,78.95,82.41,72.6,74.3,40788186,NYSE:IONQ
2025-10-09,74.87,78,73.65,77.5,25016196,NYSE:IONQ
2025-10-10,77,77.38,70.65,70.65,41146754,NYSE:IONQ
2025-10-13,74.11,84.64,72.8,82.09,49458815,NYSE:IONQ
2025-10-14,79.85,81.08,75.92,77.55,34459560,NYSE:IONQ
2025-10-15,79.94,80.23,70.8,72.41,31348014,NYSE:IONQ
2025-10-16,73.87,73.87,65.5,65.59,35988426,NYSE:IONQ
2025-10-17,65.4,65.72,61.21,62.94,33423292,NYSE:IONQ
2025-10-20,65.31,65.5,58.69,59.94,28516149,NYSE:IONQ
2025-10-21,60.44,60.9,57.21,59.5,26167022,NYSE:IONQ
2025-10-22,58.2,59.35,52.27,55.45,39326803,NYSE:IONQ
2025-10-23,61.1,62.93,57,59.37,65822796,NYSE:IONQ
2025-10-24,62.01,64.11,59.92,60.3,27501685,NYSE:IONQ
2025-10-27,63,65.5,62.28,62.8,25766729,NYSE:IONQ
2025-10-28,62.8,64.57,57.07,57.15,35730071,NYSE:IONQ
2025-10-29,58.85,62.1,57.92,61.11,25520916,NYSE:IONQ
2025-10-30,59.39,61.84,58.2,60.17,16098686,NYSE:IONQ
2025-10-31,61,62.97,59.96,62.38,19319913,NYSE:IONQ
2024-10-30,87.66,89.42,81.55,81.92,4530872,NASDAQ:TMDX
2024-10-31,81.61,83,79.9,81.97,2319560,NASDAQ:TMDX
2024-11-01,82.76,85.49,80.89,82.4,1818675,NASDAQ:TMDX
2024-11-04,82.03,85.29,81.74,84.97,1514707,NASDAQ:TMDX
2024-11-05,84.7,84.88,82.6,83,1146986,NASDAQ:TMDX
2024-11-06,84.62,87.2,83.13,86.35,1514086,NASDAQ:TMDX
2024-11-07,86.55,88.84,84.63,85.5,1143670,NASDAQ:TMDX
2024-11-08,83.77,87,82.7,85.98,1248860,NASDAQ:TMDX
2024-11-11,86.93,92.08,86.27,89.11,1715771,NASDAQ:TMDX
2024-11-12,89.2,95.9,89.11,91.41,1666806,NASDAQ:TMDX
2024-11-13,92.94,98.88,92.3,92.73,1799197,NASDAQ:TMDX
2024-11-14,92.62,92.84,87.71,88.36,1467040,NASDAQ:TMDX
2024-11-15,88.93,88.93,80.06,80.48,2305980,NASDAQ:TMDX
2024-11-18,78.21,81.31,76.21,80.93,1827218,NASDAQ:TMDX
2024-11-19,80.81,83.24,80.02,82.92,798521,NASDAQ:TMDX
2024-11-20,80.89,81.09,75.61,77.2,2916110,NASDAQ:TMDX
2024-11-21,77.2,80.89,76.6,79.34,1533763,NASDAQ:TMDX
2024-11-22,76,76.87,72.68,76.04,2604517,NASDAQ:TMDX
2024-11-25,77.99,78.99,76.28,78.58,1524770,NASDAQ:TMDX
2024-11-26,78.19,81.22,77.69,80.61,1757377,NASDAQ:TMDX
2024-11-27,81.55,87.57,81.48,87.11,1793615,NASDAQ:TMDX
2024-11-29,87.47,89.38,86.51,86.71,1027865,NASDAQ:TMDX
2024-12-02,87.02,87.02,84,85.14,1288070,NASDAQ:TMDX
2024-12-03,77.08,78.71,71.25,71.44,4653825,NASDAQ:TMDX
2024-12-04,72.26,73.93,70.61,72.21,2419380,NASDAQ:TMDX
2024-12-05,72.27,72.8,66.1,66.25,2412699,NASDAQ:TMDX
2024-12-06,66.85,69.57,66.6,68.26,1719593,NASDAQ:TMDX
2024-12-09,68.5,72.19,67.5,69.84,1557635,NASDAQ:TMDX
2024-12-10,71.39,72.57,65.78,68.99,2406393,NASDAQ:TMDX
2024-12-11,68.8,71.18,67,67.36,1875751,NASDAQ:TMDX
2024-12-12,67.62,67.62,65.26,65.71,1316100,NASDAQ:TMDX
2024-12-13,65.57,66.34,63.43,64.26,1241911,NASDAQ:TMDX
2024-12-16,64.12,66.35,63.6,64.22,1429273,NASDAQ:TMDX
2024-12-17,61.32,66.44,60.8,65.71,1648917,NASDAQ:TMDX
2024-12-18,65.8,66.18,60.4,60.88,1595768,NASDAQ:TMDX
2024-12-19,61.19,62.4,60.17,60.53,1435474,NASDAQ:TMDX
2024-12-20,60,62.5,59.72,61.7,1598110,NASDAQ:TMDX
2024-12-23,63.33,63.74,61.79,62.65,929611,NASDAQ:TMDX
2024-12-24,62.9,63.95,61.47,63.9,438463,NASDAQ:TMDX
2024-12-26,63.19,63.35,61.37,62.6,908007,NASDAQ:TMDX
2024-12-27,62,62.3,59.97,61.02,1200024,NASDAQ:TMDX
2024-12-30,60.41,60.75,58.27,59.28,1612811,NASDAQ:TMDX
2024-12-31,60.02,62.63,59.3,62.35,1771901,NASDAQ:TMDX
2025-01-02,64,68.91,63.91,66.5,3233544,NASDAQ:TMDX
2025-01-03,67.18,71.1,66.85,69.09,2568780,NASDAQ:TMDX
2025-01-06,71.97,76.57,71.75,75.63,3329419,NASDAQ:TMDX
2025-01-07,77.56,82.37,77.41,78.67,3809641,NASDAQ:TMDX
2025-01-08,75.81,77.32,72.34,72.55,3376045,NASDAQ:TMDX
2025-01-10,62.93,68.92,60.15,68.81,8548095,NASDAQ:TMDX
2025-01-13,65.11,65.3,58.4,64.05,6200963,NASDAQ:TMDX
2025-01-14,67.42,67.8,61.33,62.54,2828866,NASDAQ:TMDX
2025-01-15,64,64.2,59.94,60.44,2327936,NASDAQ:TMDX
2025-01-16,60.54,60.78,57.9,58.02,2213282,NASDAQ:TMDX
2025-01-17,58.38,58.85,56.03,57.2,2672470,NASDAQ:TMDX
2025-01-21,58.22,58.23,55,56.73,2324324,NASDAQ:TMDX
2025-01-22,56.8,62.04,56.5,61.97,2463804,NASDAQ:TMDX
2025-01-23,61.41,62.6,58.54,62.55,1684381,NASDAQ:TMDX
2025-01-24,62.75,63.99,60.19,60.82,1065990,NASDAQ:TMDX
2025-01-27,59.5,64.4,59.24,61.07,1349345,NASDAQ:TMDX
2025-01-28,61.47,67.1,60.46,67.03,1767964,NASDAQ:TMDX
2025-01-29,66.57,67.08,64.34,65.53,1429745,NASDAQ:TMDX
2025-01-30,65.9,68,64.59,66.95,1769693,NASDAQ:TMDX
2025-01-31,66.91,69.5,66.9,67.55,1356545,NASDAQ:TMDX
2025-02-03,65,69.31,64.3,68.76,1375676,NASDAQ:TMDX
2025-02-04,69.39,73.8,69.39,72.14,1805966,NASDAQ:TMDX
2025-02-05,72.86,75.23,72.81,74.57,1236462,NASDAQ:TMDX
2025-02-06,75.13,76.36,72.28,73.5,1333088,NASDAQ:TMDX
2025-02-07,74.31,75.2,72.21,72.6,1261512,NASDAQ:TMDX
2025-02-10,72.9,73,66.6,70.24,1576254,NASDAQ:TMDX
2025-02-11,69.71,72.26,67.49,68.11,982796,NASDAQ:TMDX
2025-02-12,67,70.19,66.81,69.52,792756,NASDAQ:TMDX
2025-02-13,69.9,71.31,67.66,71.22,1210207,NASDAQ:TMDX
2025-02-14,72.87,74.22,71.99,72.18,1014606,NASDAQ:TMDX
2025-02-18,73.49,75.95,72.94,75.02,1006455,NASDAQ:TMDX
2025-02-19,74.96,79.51,73.84,79.42,1784127,NASDAQ:TMDX
2025-02-20,79.6,80,75.34,75.45,1449866,NASDAQ:TMDX
2025-02-21,75.89,76.78,71.5,71.95,1194568,NASDAQ:TMDX
2025-02-24,72.04,77.74,71.51,77.12,1491198,NASDAQ:TMDX
2025-02-25,74.92,76.33,72.37,73,2211627,NASDAQ:TMDX
2025-02-26,72.92,76.64,72.08,73.76,1397622,NASDAQ:TMDX
2025-02-27,75,77.18,72.06,72.12,2012398,NASDAQ:TMDX
2025-02-28,73.66,80.22,73,76.32,2807928,NASDAQ:TMDX
2025-03-03,76.43,77.17,68.46,69.33,2199900,NASDAQ:TMDX
2025-03-04,66,69.76,63.29,69.11,1642540,NASDAQ:TMDX
2025-03-05,69.6,69.98,66.31,67.44,874111,NASDAQ:TMDX
2025-03-06,64.36,66.44,62.07,65.29,975981,NASDAQ:TMDX
2025-03-07,65.45,68.2,63.64,67.46,809689,NASDAQ:TMDX
2025-03-10,65.35,68,64.34,66.03,956314,NASDAQ:TMDX
2025-03-11,65.73,68.71,65.53,67.65,860759,NASDAQ:TMDX
2025-03-12,69.54,69.67,66.25,67.08,878687,NASDAQ:TMDX
2025-03-13,67.1,67.84,62.62,64.35,796433,NASDAQ:TMDX
2025-03-14,65.72,68.79,65.26,68.53,908536,NASDAQ:TMDX
2025-03-17,68.43,69.67,67.24,67.69,928268,NASDAQ:TMDX
2025-03-18,67,69.07,65.23,68.99,758814,NASDAQ:TMDX
2025-03-19,69.34,72.3,69,70.33,1014174,NASDAQ:TMDX
2025-03-20,69.84,71.65,67.92,68.84,776230,NASDAQ:TMDX
2025-03-21,67.86,70.57,66.69,69.05,991765,NASDAQ:TMDX
2025-03-24,70.29,72.85,69.42,71.47,738193,NASDAQ:TMDX
2025-03-25,71.47,72.26,69.62,70.79,466038,NASDAQ:TMDX
2025-03-26,71.79,73.68,70.14,70.32,868446,NASDAQ:TMDX
2025-03-27,69.71,72.1,69.08,70.44,547689,NASDAQ:TMDX
2025-03-28,69.8,70.42,67.75,68.58,612497,NASDAQ:TMDX
2025-03-31,66.62,67.94,65.9,67.28,726061,NASDAQ:TMDX
2025-04-01,66.33,69.69,66.23,68.27,631569,NASDAQ:TMDX
2025-04-02,67.18,73.59,66.82,73.11,1167650,NASDAQ:TMDX
2025-04-03,69,71.72,68,70.96,1117097,NASDAQ:TMDX
2025-04-04,68.32,69,64.55,67.67,1381971,NASDAQ:TMDX
2025-04-07,64.29,71.94,62.23,69.15,1645271,NASDAQ:TMDX
2025-04-08,72.87,73.07,67.18,67.95,1164335,NASDAQ:TMDX
2025-04-09,67.26,77.21,66.85,75.41,2126848,NASDAQ:TMDX
2025-04-10,73.83,78.71,72.78,76.37,1583407,NASDAQ:TMDX
2025-04-11,76.12,81.26,75.5,80.58,1039824,NASDAQ:TMDX
2025-04-14,82.57,88.48,81.92,86.84,1599506,NASDAQ:TMDX
2025-04-15,86.21,87.27,83.25,87.18,1259461,NASDAQ:TMDX
2025-04-16,86.26,86.79,82.62,85.38,1254212,NASDAQ:TMDX
2025-04-17,85.32,88.39,84.53,88.24,973247,NASDAQ:TMDX
2025-04-21,87.85,89.33,86.14,87.72,885334,NASDAQ:TMDX
2025-04-22,88.58,92.01,88,91.21,1161126,NASDAQ:TMDX
2025-04-23,95,95.9,91.39,92.25,1168038,NASDAQ:TMDX
2025-04-24,92.5,95.16,91.7,94.18,977092,NASDAQ:TMDX
2025-04-25,93.19,93.85,89.65,93.5,1296793,NASDAQ:TMDX
2025-04-28,93.9,95.71,88.5,90.19,1130548,NASDAQ:TMDX
2025-04-29,91.14,92.48,89.05,92.43,790853,NASDAQ:TMDX
2025-04-30,89.43,92.41,88.51,92.01,748308,NASDAQ:TMDX
2025-05-01,92.09,92.3,89.55,90.45,907778,NASDAQ:TMDX
2025-05-02,91.88,93.63,89.1,89.98,682861,NASDAQ:TMDX
2025-05-05,89.71,93.95,89.65,92.21,711018,NASDAQ:TMDX
2025-05-06,91.59,94.03,91.01,93.38,728115,NASDAQ:TMDX
2025-05-07,94,96.73,93.11,95.81,952487,NASDAQ:TMDX
2025-05-08,96.94,98.55,92.49,93.2,2216490,NASDAQ:TMDX
2025-05-09,114.6,120.93,108.84,111.5,4544014,NASDAQ:TMDX
2025-05-12,114.32,119.2,110.08,118.73,2072408,NASDAQ:TMDX
2025-05-13,118.73,122.77,116.44,122.11,1686183,NASDAQ:TMDX
2025-05-14,122.33,124.75,120.19,122.36,1621411,NASDAQ:TMDX
2025-05-15,121.83,122.56,117.68,121.81,958241,NASDAQ:TMDX
2025-05-16,122,123,120.03,121.58,976366,NASDAQ:TMDX
2025-05-19,118.49,122.41,118.07,122.1,598333,NASDAQ:TMDX
2025-05-20,122.72,124.84,120.83,124.71,649707,NASDAQ:TMDX
2025-05-21,124.71,125,120.83,121.31,642842,NASDAQ:TMDX
2025-05-22,118.79,124.14,118.79,123.34,750192,NASDAQ:TMDX
2025-05-23,121.93,124.6,121.92,124.25,445103,NASDAQ:TMDX
2025-05-27,126.45,130.41,126.25,128.53,1010561,NASDAQ:TMDX
2025-05-28,128.56,130.1,126.71,128.62,599768,NASDAQ:TMDX
2025-05-29,130.22,130.48,126.71,127.69,547139,NASDAQ:TMDX
2025-05-30,127.5,128.44,125.31,127.12,776513,NASDAQ:TMDX
2025-06-02,126.39,126.84,120.3,123.94,1074496,NASDAQ:TMDX
2025-06-03,125.16,131.27,123.27,128.74,895131,NASDAQ:TMDX
2025-06-04,128.85,131.75,128.34,129.81,790623,NASDAQ:TMDX
2025-06-05,130,135.7,128.62,135.59,808216,NASDAQ:TMDX
2025-06-06,137.11,139.66,135,139.05,784540,NASDAQ:TMDX
2025-06-09,139.8,140.68,136.11,139.4,636706,NASDAQ:TMDX
2025-06-10,140,143.54,139.67,140.86,921678,NASDAQ:TMDX
2025-06-11,140.51,145.5,140.08,142.88,978358,NASDAQ:TMDX
2025-06-12,142.28,143.82,140.4,143.04,495417,NASDAQ:TMDX
2025-06-13,140.21,145.3,139.31,142.88,456770,NASDAQ:TMDX
2025-06-16,143.55,145.5,139.56,141.96,829355,NASDAQ:TMDX
2025-06-17,140.15,141.9,136.05,136.2,930098,NASDAQ:TMDX
2025-06-18,135.94,135.94,123,124,2099346,NASDAQ:TMDX
2025-06-20,124,125.94,121.3,123.56,1292308,NASDAQ:TMDX
2025-06-23,123,128.2,120.36,127.53,1016596,NASDAQ:TMDX
2025-06-24,128.59,133.49,126.29,132.64,735249,NASDAQ:TMDX
2025-06-25,133.35,133.35,128,128.58,711772,NASDAQ:TMDX
2025-06-26,129,131.35,128.13,130.06,441007,NASDAQ:TMDX
2025-06-27,130.79,133.02,129.66,131.45,623724,NASDAQ:TMDX
2025-06-30,132.1,135.82,132.1,134.01,575149,NASDAQ:TMDX
2025-07-01,133.8,136.63,128.61,130.1,754730,NASDAQ:TMDX
2025-07-02,129.92,130.7,125.1,127.69,714359,NASDAQ:TMDX
2025-07-03,127.37,129.19,124.5,129.19,369545,NASDAQ:TMDX
2025-07-07,127.84,128.01,123.25,125.17,699858,NASDAQ:TMDX
2025-07-08,125.16,128.06,124.23,124.73,739338,NASDAQ:TMDX
2025-07-09,125,126.54,122.48,126.41,636856,NASDAQ:TMDX
2025-07-10,125.97,127.97,123.8,124.78,651769,NASDAQ:TMDX
2025-07-11,122.7,123.5,109.59,112.46,2556635,NASDAQ:TMDX
2025-07-14,112.18,119.46,111.93,116.88,1285123,NASDAQ:TMDX
2025-07-15,118.44,120.45,114.74,115.68,740768,NASDAQ:TMDX
2025-07-16,117.37,118.37,113.04,113.32,715738,NASDAQ:TMDX
2025-07-17,113.2,115.37,112.26,112.52,568313,NASDAQ:TMDX
2025-07-18,113.91,114.63,109.66,109.88,790010,NASDAQ:TMDX
2025-07-21,108.36,109.8,103.26,103.61,1968682,NASDAQ:TMDX
2025-07-22,102.56,107.08,98.89,105.6,1823521,NASDAQ:TMDX
2025-07-23,109.05,111.7,107.26,109.97,1121676,NASDAQ:TMDX
2025-07-24,111,112.25,105.9,106.79,988352,NASDAQ:TMDX
2025-07-25,106.95,108.66,105.06,108.12,652874,NASDAQ:TMDX
2025-07-28,109.35,110,105,105.24,885762,NASDAQ:TMDX
2025-07-29,105.9,106.9,104.71,104.83,1108949,NASDAQ:TMDX
2025-07-30,106.14,109.9,105.9,107.7,2162867,NASDAQ:TMDX
2025-07-31,123.61,124.5,111.3,118.97,3869076,NASDAQ:TMDX
2025-08-01,117.91,122.76,114.28,120.55,1778026,NASDAQ:TMDX
2025-08-04,125.51,131.85,123.1,128.5,1903736,NASDAQ:TMDX
2025-08-05,128.5,128.75,122.63,125.74,1110694,NASDAQ:TMDX
2025-08-06,124.91,124.91,116.58,118.8,1171379,NASDAQ:TMDX
2025-08-07,120.18,120.33,114.33,116.05,872329,NASDAQ:TMDX
2025-08-08,115.5,118.68,114.3,114.5,760469,NASDAQ:TMDX
2025-08-11,125.97,133.18,125,127.26,2081683,NASDAQ:TMDX
2025-08-12,128.53,133,125.89,131.13,1240541,NASDAQ:TMDX
2025-08-13,132.09,133.54,127.7,132.04,996422,NASDAQ:TMDX
2025-08-14,129.5,131.99,126.78,129.74,876387,NASDAQ:TMDX
2025-08-15,129.58,130.02,126.23,127.55,601765,NASDAQ:TMDX
2025-08-18,127.72,129.01,124.68,125.65,563892,NASDAQ:TMDX
2025-08-19,125.55,127.48,122.17,122.68,661343,NASDAQ:TMDX
2025-08-20,121.59,122.77,118.25,121.88,834645,NASDAQ:TMDX
2025-08-21,120.71,121.76,117.43,118.81,697035,NASDAQ:TMDX
2025-08-22,118.37,121.79,117.17,119.85,1033556,NASDAQ:TMDX
2025-08-25,120.5,122.85,114.72,114.97,905906,NASDAQ:TMDX
2025-08-26,115.37,116.65,113.9,115.18,686253,NASDAQ:TMDX
2025-08-27,115.19,118.81,114.56,117.38,669710,NASDAQ:TMDX
2025-08-28,118.38,118.47,114.56,116.73,522676,NASDAQ:TMDX
2025-08-29,116.58,117.05,112.82,114.96,666538,NASDAQ:TMDX
2025-09-02,112,113.68,109.59,111.55,1013032,NASDAQ:TMDX
2025-09-03,111.73,112.15,106.45,106.94,1365570,NASDAQ:TMDX
2025-09-04,105.57,106.05,101.86,104.05,1371162,NASDAQ:TMDX
2025-09-05,104.12,105.75,101,104.01,997267,NASDAQ:TMDX
2025-09-08,104.35,108.12,103.65,105.58,1322357,NASDAQ:TMDX
2025-09-09,113.95,117.96,106.54,108.28,2090643,NASDAQ:TMDX
2025-09-10,108.5,109.15,105,107.79,1037588,NASDAQ:TMDX
2025-09-11,108.24,119.36,108,116.99,1491103,NASDAQ:TMDX
2025-09-12,115.38,116.4,112.5,114.57,793943,NASDAQ:TMDX
2025-09-15,114.84,117.24,113.84,114.29,676501,NASDAQ:TMDX
2025-09-16,115.25,119.5,115.17,119.15,703558,NASDAQ:TMDX
2025-09-17,119.15,121,117.7,119.81,778136,NASDAQ:TMDX
2025-09-18,119.4,122.05,114.91,121.1,1022638,NASDAQ:TMDX
2025-09-19,121.53,125.57,120.67,122.29,2097677,NASDAQ:TMDX
2025-09-22,122.5,127.43,122,125.15,839292,NASDAQ:TMDX
2025-09-23,127.01,128.74,119.81,120.53,1001491,NASDAQ:TMDX
2025-09-24,120.3,121.62,116.19,117.43,637784,NASDAQ:TMDX
2025-09-25,114.01,114.95,111.05,113.9,821253,NASDAQ:TMDX
2025-09-26,114.12,114.91,112.1,113.87,557272,NASDAQ:TMDX
2025-09-29,115.05,115.9,111.6,112.64,619705,NASDAQ:TMDX
2025-09-30,112.39,112.69,109.77,112.2,749664,NASDAQ:TMDX
2025-10-01,111.32,114.89,110.05,114.89,607248,NASDAQ:TMDX
2025-10-02,115,117.15,112.25,116.07,572556,NASDAQ:TMDX
2025-10-03,115.86,119.78,115.1,115.69,757364,NASDAQ:TMDX
2025-10-06,116.67,117.06,112.75,113.93,1484564,NASDAQ:TMDX
2025-10-07,113.8,120.28,113.6,115.18,869820,NASDAQ:TMDX
2025-10-08,115.52,119.29,114.04,118.06,547822,NASDAQ:TMDX
2025-10-09,118.63,119.01,109.8,112.98,1178078,NASDAQ:TMDX
2025-10-10,113.54,114,107.22,107.29,1010409,NASDAQ:TMDX
2025-10-13,109,112.69,108.91,111.71,801978,NASDAQ:TMDX
2025-10-14,108.58,114.66,108.34,111.23,691071,NASDAQ:TMDX
2025-10-15,112,113.91,108.63,112.61,1066330,NASDAQ:TMDX
2025-10-16,112.92,118.51,110.85,115.68,863198,NASDAQ:TMDX
2025-10-17,113.42,118.3,112.84,117.63,674442,NASDAQ:TMDX
2025-10-20,119.72,121.32,116,119.9,987138,NASDAQ:TMDX
2025-10-21,120,121.5,116.51,120.13,715175,NASDAQ:TMDX
2025-10-22,120.6,124.87,117,119.54,897568,NASDAQ:TMDX
2025-10-23,123.74,129.46,122.9,128.91,1378583,NASDAQ:TMDX
2025-10-24,131.94,134.32,129.16,130.52,892940,NASDAQ:TMDX
2025-10-27,133.1,133.55,131.01,132.45,649407,NASDAQ:TMDX
2025-10-28,132.23,133.41,129.56,129.71,955975,NASDAQ:TMDX
2025-10-29,130.45,137.67,128.2,134.32,1835204,NASDAQ:TMDX
2025-10-30,127.5,139.45,120.8,135.79,2757674,NASDAQ:TMDX
2025-10-31,135.67,140.87,127.51,131.54,1350744,NASDAQ:TMDX
2024-10-30,258.04,263.35,255.82,257.55,53993576,NASDAQ:TSLA
2024-10-31,257.99,259.75,249.25,249.85,66575292,NASDAQ:TSLA
2024-11-01,252.04,254,246.63,248.98,57544757,NASDAQ:TSLA
2024-11-04,244.56,248.9,238.88,242.84,68802354,NASDAQ:TSLA
2024-11-05,247.34,255.28,246.21,251.44,69282505,NASDAQ:TSLA
2024-11-06,284.67,289.59,275.62,288.53,165228710,NASDAQ:TSLA
2024-11-07,288.89,299.75,285.52,296.91,117309232,NASDAQ:TSLA
2024-11-08,299.14,328.71,297.66,321.22,204782763,NASDAQ:TSLA
2024-11-11,346.3,358.64,336,350,210521625,NASDAQ:TSLA
2024-11-12,342.74,345.84,323.31,328.49,155726016,NASDAQ:TSLA
2024-11-13,335.85,344.6,322.5,330.24,125405599,NASDAQ:TSLA
2024-11-14,327.69,329.98,310.37,311.18,120726109,NASDAQ:TSLA
2024-11-15,310.57,324.68,309.22,320.72,114440286,NASDAQ:TSLA
2024-11-18,340.73,348.55,330.01,338.74,126547455,NASDAQ:TSLA
2024-11-19,335.76,347.38,332.75,346,88852452,NASDAQ:TSLA
2024-11-20,345,346.6,334.3,342.03,66340650,NASDAQ:TSLA
2024-11-21,343.81,347.99,335.28,339.64,58011719,NASDAQ:TSLA
2024-11-22,341.09,361.53,337.7,352.56,89140722,NASDAQ:TSLA
2024-11-25,360.14,361.93,338.2,338.59,95890899,NASDAQ:TSLA
2024-11-26,341,346.96,335.66,338.23,62295857,NASDAQ:TSLA
2024-11-27,341.8,342.55,326.59,332.89,57896439,NASDAQ:TSLA
2024-11-29,336.08,345.45,334.65,345.16,37167621,NASDAQ:TSLA
2024-12-02,352.38,360,351.15,357.09,77986478,NASDAQ:TSLA
2024-12-03,351.8,355.69,348.2,351.42,58267196,NASDAQ:TSLA
2024-12-04,353,358.1,348.6,357.93,50810874,NASDAQ:TSLA
2024-12-05,359.87,375.43,359.5,369.49,81403569,NASDAQ:TSLA
2024-12-06,377.42,389.49,370.8,389.22,81455834,NASDAQ:TSLA
2024-12-09,397.61,404.8,378.01,389.79,96359173,NASDAQ:TSLA
2024-12-10,392.68,409.73,390.85,400.99,97563578,NASDAQ:TSLA
2024-12-11,409.7,424.88,402.38,424.77,104287559,NASDAQ:TSLA
2024-12-12,424.84,429.3,415,418.1,87752225,NASDAQ:TSLA
2024-12-13,420,436.3,415.71,436.23,89000158,NASDAQ:TSLA
2024-12-16,441.09,463.19,436.15,463.02,114083811,NASDAQ:TSLA
2024-12-17,475.9,483.99,457.51,479.86,131222978,NASDAQ:TSLA
2024-12-18,466.5,488.54,427.01,440.13,149340788,NASDAQ:TSLA
2024-12-19,451.88,456.36,420.02,436.17,118566146,NASDAQ:TSLA
2024-12-20,425.51,447.08,417.64,421.06,132216176,NASDAQ:TSLA
2024-12-23,431,434.51,415.41,430.6,72698055,NASDAQ:TSLA
2024-12-24,435.9,462.78,435.14,462.28,59551750,NASDAQ:TSLA
2024-12-26,465.16,465.33,451.02,454.13,76651210,NASDAQ:TSLA
2024-12-27,449.52,450,426.5,431.66,82666821,NASDAQ:TSLA
2024-12-30,419.4,427,415.75,417.41,64941012,NASDAQ:TSLA
2024-12-31,423.79,427.93,402.54,403.84,76825121,NASDAQ:TSLA
2025-01-02,390.1,392.73,373.04,379.28,109710749,NASDAQ:TSLA
2025-01-03,381.48,411.88,379.45,410.44,95423329,NASDAQ:TSLA
2025-01-06,423.2,426.43,401.7,411.05,85516534,NASDAQ:TSLA
2025-01-07,405.83,414.33,390,394.36,75699525,NASDAQ:TSLA
2025-01-08,392.95,402.5,387.4,394.94,73038805,NASDAQ:TSLA
2025-01-10,391.4,399.28,377.29,394.74,62287333,NASDAQ:TSLA
2025-01-13,383.21,403.79,380.07,403.31,67580494,NASDAQ:TSLA
2025-01-14,414.34,422.64,394.54,396.36,84565022,NASDAQ:TSLA
2025-01-15,409.9,429.8,405.66,428.22,81375460,NASDAQ:TSLA
2025-01-16,423.49,424,409.13,413.82,68335151,NASDAQ:TSLA
2025-01-17,421.5,439.74,419.75,426.5,94991429,NASDAQ:TSLA
2025-01-21,432.64,433.2,406.31,424.07,87320894,NASDAQ:TSLA
2025-01-22,416.81,428,414.59,415.11,60963342,NASDAQ:TSLA
2025-01-23,416.06,420.73,408.95,412.38,50690592,NASDAQ:TSLA
2025-01-24,414.45,418.88,405.78,406.58,56427149,NASDAQ:TSLA
2025-01-27,394.8,406.69,389,397.15,58125510,NASDAQ:TSLA
2025-01-28,396.91,400.59,386.5,398.09,48910676,NASDAQ:TSLA
2025-01-29,395.21,398.59,384.48,389.1,68033648,NASDAQ:TSLA
2025-01-30,410.78,412.5,384.41,400.28,98092879,NASDAQ:TSLA
2025-01-31,401.53,419.99,401.34,404.6,83568219,NASDAQ:TSLA
2025-02-03,386.68,389.17,374.36,383.68,93732122,NASDAQ:TSLA
2025-02-04,382.63,394,381.4,392.21,57072235,NASDAQ:TSLA
2025-02-05,387.51,388.39,375.53,378.17,57614721,NASDAQ:TSLA
2025-02-06,373.03,375.4,363.18,374.32,77918230,NASDAQ:TSLA
2025-02-07,370.19,380.55,360.34,361.62,70298258,NASDAQ:TSLA
2025-02-10,356.21,362.7,350.51,350.73,77514903,NASDAQ:TSLA
2025-02-11,345.8,349.37,325.1,328.5,118543400,NASDAQ:TSLA
2025-02-12,329.94,346.4,329.12,336.51,105382729,NASDAQ:TSLA
2025-02-13,345,358.69,342.85,355.94,89441519,NASDAQ:TSLA
2025-02-14,360.62,362,347.5,355.84,68277279,NASDAQ:TSLA
2025-02-18,355.01,359.1,350.02,354.11,51631702,NASDAQ:TSLA
2025-02-19,354,367.34,353.67,360.56,67094374,NASDAQ:TSLA
2025-02-20,361.51,362.3,348,354.4,45965354,NASDAQ:TSLA
2025-02-21,353.44,354.98,334.42,337.8,74058648,NASDAQ:TSLA
2025-02-24,338.14,342.4,324.7,330.53,76052321,NASDAQ:TSLA
2025-02-25,327.02,328.89,297.25,302.8,134228777,NASDAQ:TSLA
2025-02-26,303.71,309,288.04,290.8,100118276,NASDAQ:TSLA
2025-02-27,291.16,297.23,280.88,281.95,101748197,NASDAQ:TSLA
2025-02-28,279.5,293.88,273.6,292.98,115696968,NASDAQ:TSLA
2025-03-03,300.34,303.94,277.3,284.65,115551414,NASDAQ:TSLA
2025-03-04,270.93,284.35,261.84,272.04,126706623,NASDAQ:TSLA
2025-03-05,272.92,279.55,267.71,279.1,94042913,NASDAQ:TSLA
2025-03-06,272.06,272.65,260.02,263.45,98451566,NASDAQ:TSLA
2025-03-07,259.32,266.25,250.73,262.67,102369640,NASDAQ:TSLA
2025-03-10,252.54,253.37,220,222.15,189076948,NASDAQ:TSLA
2025-03-11,225.31,237.06,217.02,230.58,174896415,NASDAQ:TSLA
2025-03-12,247.22,251.84,241.1,248.09,142215681,NASDAQ:TSLA
2025-03-13,248.13,248.29,232.6,240.68,114813525,NASDAQ:TSLA
2025-03-14,247.31,251.58,240.73,249.98,100242264,NASDAQ:TSLA
2025-03-17,245.06,245.4,232.8,238.01,111900565,NASDAQ:TSLA
2025-03-18,228.16,230.1,222.28,225.31,111477636,NASDAQ:TSLA
2025-03-19,231.61,241.41,229.2,235.86,111993753,NASDAQ:TSLA
2025-03-20,233.35,238,230.05,236.26,99028270,NASDAQ:TSLA
2025-03-21,234.99,249.52,234.55,248.71,132728684,NASDAQ:TSLA
2025-03-24,258.08,278.64,256.33,278.39,169079865,NASDAQ:TSLA
2025-03-25,283.6,288.2,271.28,288.14,150361538,NASDAQ:TSLA
2025-03-26,282.66,284.9,266.51,272.06,156254441,NASDAQ:TSLA
2025-03-27,272.48,291.85,271.82,273.13,162572146,NASDAQ:TSLA
2025-03-28,275.58,276.1,260.57,263.55,123809389,NASDAQ:TSLA
2025-03-31,249.31,260.56,243.36,259.16,134008936,NASDAQ:TSLA
2025-04-01,263.8,277.45,259.25,268.46,146486911,NASDAQ:TSLA
2025-04-02,254.6,284.99,251.27,282.76,212787817,NASDAQ:TSLA
2025-04-03,265.29,276.3,261.51,267.28,136174291,NASDAQ:TSLA
2025-04-04,255.38,261,236,239.43,181229353,NASDAQ:TSLA
2025-04-07,223.78,252,214.25,233.29,183453776,NASDAQ:TSLA
2025-04-08,245,250.44,217.8,221.86,171603472,NASDAQ:TSLA
2025-04-09,224.69,274.69,223.88,272.2,219433373,NASDAQ:TSLA
2025-04-10,260,262.49,239.33,252.4,181722604,NASDAQ:TSLA
2025-04-11,251.84,257.74,241.36,252.31,128948085,NASDAQ:TSLA
2025-04-14,258.36,261.8,245.93,252.35,100135241,NASDAQ:TSLA
2025-04-15,249.91,258.75,247.54,254.11,79594318,NASDAQ:TSLA
2025-04-16,247.61,251.97,233.89,241.55,112378737,NASDAQ:TSLA
2025-04-17,243.47,244.34,237.68,241.37,83404775,NASDAQ:TSLA
2025-04-21,230.26,232.21,222.79,227.5,97768007,NASDAQ:TSLA
2025-04-22,230.96,242.79,229.85,237.97,120858452,NASDAQ:TSLA
2025-04-23,254.86,259.45,244.43,250.74,150381903,NASDAQ:TSLA
2025-04-24,250.5,259.54,249.2,259.51,94464195,NASDAQ:TSLA
2025-04-25,261.69,286.85,259.63,284.95,167560688,NASDAQ:TSLA
2025-04-28,288.98,294.86,272.42,285.88,151731771,NASDAQ:TSLA
2025-04-29,285.5,293.32,279.47,292.03,108906553,NASDAQ:TSLA
2025-04-30,279.9,284.45,270.78,282.16,128961057,NASDAQ:TSLA
2025-05-01,280.01,290.87,279.81,280.52,99658974,NASDAQ:TSLA
2025-05-02,284.9,294.78,279.81,287.21,114454683,NASDAQ:TSLA
2025-05-05,284.57,284.85,274.4,280.26,94618882,NASDAQ:TSLA
2025-05-06,273.11,277.73,271.35,275.35,76715792,NASDAQ:TSLA
2025-05-07,276.88,277.92,271,276.22,71882408,NASDAQ:TSLA
2025-05-08,279.63,289.8,279.41,284.82,97539448,NASDAQ:TSLA
2025-05-09,290.21,307.04,290,298.26,132387835,NASDAQ:TSLA
2025-05-12,321.99,322.21,311.5,318.38,112826661,NASDAQ:TSLA
2025-05-13,320,337.59,316.8,334.07,136992574,NASDAQ:TSLA
2025-05-14,342.5,350,337,347.68,136997264,NASDAQ:TSLA
2025-05-15,340.34,346.14,334.72,342.82,97882596,NASDAQ:TSLA
2025-05-16,346.24,351.62,342.33,349.98,95895665,NASDAQ:TSLA
2025-05-19,336.3,343,333.37,342.09,88869853,NASDAQ:TSLA
2025-05-20,347.87,354.99,341.63,343.82,131715548,NASDAQ:TSLA
2025-05-21,344.43,347.35,332.2,334.62,102354844,NASDAQ:TSLA
2025-05-22,344.43,347.35,332.2,334.62,5462213,NASDAQ:TSLA
2025-05-23,337.92,343.18,333.21,339.34,84654818,NASDAQ:TSLA
2025-05-27,347.35,363.79,347.32,362.89,120146414,NASDAQ:TSLA
2025-05-28,364.84,365,355.91,356.9,91404309,NASDAQ:TSLA
2025-05-29,365.29,367.71,356,358.43,88545666,NASDAQ:TSLA
2025-05-30,355.52,363.68,345.29,346.46,123474938,NASDAQ:TSLA
2025-06-02,343.5,348.02,333.33,342.69,81873829,NASDAQ:TSLA
2025-06-03,346.6,355.4,343.04,344.27,99324544,NASDAQ:TSLA
2025-06-04,345.1,345.6,327.33,332.05,98912075,NASDAQ:TSLA
2025-06-05,322.49,324.55,273.21,284.7,292818655,NASDAQ:TSLA
2025-06-06,298.83,305.5,291.14,295.14,164747685,NASDAQ:TSLA
2025-06-09,285.96,309.83,281.85,308.58,140908876,NASDAQ:TSLA
2025-06-10,314.94,327.83,310.67,326.09,151256520,NASDAQ:TSLA
2025-06-11,334.4,335.5,322.5,326.43,122611360,NASDAQ:TSLA
2025-06-12,323.08,332.56,316.86,319.11,105127536,NASDAQ:TSLA
2025-06-13,313.97,332.99,313.3,325.31,128964279,NASDAQ:TSLA
2025-06-16,331.29,332.05,326.41,329.13,83925858,NASDAQ:TSLA
2025-06-17,326.09,327.26,314.74,316.35,88282669,NASDAQ:TSLA
2025-06-18,317.31,329.32,315.45,322.05,95137686,NASDAQ:TSLA
2025-06-20,327.95,332.36,317.78,322.16,108688008,NASDAQ:TSLA
2025-06-23,327.54,357.54,327.48,348.68,190716815,NASDAQ:TSLA
2025-06-24,356.17,356.26,340.44,340.47,114736245,NASDAQ:TSLA
2025-06-25,342.7,343,320.4,327.55,119845050,NASDAQ:TSLA
2025-06-26,324.61,331.05,323.61,325.78,80440907,NASDAQ:TSLA
2025-06-27,324.51,329.34,317.5,323.63,89067049,NASDAQ:TSLA
2025-06-30,319.9,325.58,316.6,317.66,76695081,NASDAQ:TSLA
2025-07-01,298.46,305.89,293.21,300.71,145085665,NASDAQ:TSLA
2025-07-02,312.63,316.83,303.82,315.65,119483730,NASDAQ:TSLA
2025-07-03,317.99,318.45,312.76,315.35,58042302,NASDAQ:TSLA
2025-07-07,291.37,296.15,288.77,293.94,131177949,NASDAQ:TSLA
2025-07-08,297,304.05,294.35,297.81,103246742,NASDAQ:TSLA
2025-07-09,297.55,300.15,293.55,295.88,75586771,NASDAQ:TSLA
2025-07-10,300.05,310.48,300,309.87,104365271,NASDAQ:TSLA
2025-07-11,307.89,314.09,305.65,313.51,79236442,NASDAQ:TSLA
2025-07-14,317.73,322.6,312.67,316.9,78043430,NASDAQ:TSLA
2025-07-15,319.68,321.2,310.5,310.78,77556346,NASDAQ:TSLA
2025-07-16,312.8,323.5,312.62,321.67,97284786,NASDAQ:TSLA
2025-07-17,323.15,324.34,317.06,319.41,73922870,NASDAQ:TSLA
2025-07-18,321.66,330.9,321.42,329.65,94254993,NASDAQ:TSLA
2025-07-21,334.4,338,326.88,328.49,75768797,NASDAQ:TSLA
2025-07-22,329.74,335.41,321.55,332.11,77370371,NASDAQ:TSLA
2025-07-23,330.9,336.2,328.67,332.56,92553756,NASDAQ:TSLA
2025-07-24,310,310.15,300.41,305.3,156966023,NASDAQ:TSLA
2025-07-25,308.74,323.63,308.01,316.06,148227027,NASDAQ:TSLA
2025-07-28,318.45,330.49,315.69,325.59,112673755,NASDAQ:TSLA
2025-07-29,325.55,326.25,318.25,321.2,87358861,NASDAQ:TSLA
2025-07-30,322.18,324.45,311.62,319.04,83931942,NASDAQ:TSLA
2025-07-31,319.61,321.37,306.1,308.27,85270919,NASDAQ:TSLA
2025-08-01,306.21,309.31,297.82,302.63,89121446,NASDAQ:TSLA
2025-08-04,309.08,312.12,303,309.26,78683905,NASDAQ:TSLA
2025-08-05,308.95,312.45,305.5,308.72,57961278,NASDAQ:TSLA
2025-08-06,307.89,320.47,306.93,319.91,78523579,NASDAQ:TSLA
2025-08-07,319.79,322.4,316.16,322.27,66658672,NASDAQ:TSLA
2025-08-08,321.43,335.15,320.98,329.65,91200319,NASDAQ:TSLA
2025-08-11,335,346.64,334.15,339.03,105320174,NASDAQ:TSLA
2025-08-12,345,345.26,332.94,340.84,80690111,NASDAQ:TSLA
2025-08-13,341.5,348.98,338.2,339.38,67838892,NASDAQ:TSLA
2025-08-14,335.76,340.47,330.4,335.58,75000662,NASDAQ:TSLA
2025-08-15,337.66,339.3,327.02,330.56,74319792,NASDAQ:TSLA
2025-08-18,329.62,336.27,329.59,335.16,56956552,NASDAQ:TSLA
2025-08-19,335.79,340.55,327.85,329.31,75956002,NASDAQ:TSLA
2025-08-20,329.22,331.37,314.6,323.9,77481768,NASDAQ:TSLA
2025-08-21,322.08,324.9,318.68,320.11,55744445,NASDAQ:TSLA
2025-08-22,321.66,340.25,319.69,340.01,94016347,NASDAQ:TSLA
2025-08-25,338.9,349.53,335.03,346.6,86670037,NASDAQ:TSLA
2025-08-26,344.93,351.9,343.72,351.67,76651550,NASDAQ:TSLA
2025-08-27,351.94,355.39,349.16,349.6,65519012,NASDAQ:TSLA
2025-08-28,350.91,353.55,340.26,345.98,67903224,NASDAQ:TSLA
2025-08-29,347.23,348.75,331.7,333.87,81145660,NASDAQ:TSLA
2025-09-02,328.23,333.33,325.6,329.36,58391952,NASDAQ:TSLA
2025-09-03,335.2,343.33,328.51,334.09,88733288,NASDAQ:TSLA
2025-09-04,336.15,338.89,331.48,338.53,60711033,NASDAQ:TSLA
2025-09-05,348,355.87,344.68,350.84,108989785,NASDAQ:TSLA
2025-09-08,354.64,358.44,344.84,346.4,75208290,NASDAQ:TSLA
2025-09-09,348.44,350.77,343.82,346.97,53815991,NASDAQ:TSLA
2025-09-10,350.55,356.33,346.07,347.79,72121679,NASDAQ:TSLA
2025-09-11,350.17,368.99,347.6,368.81,103756010,NASDAQ:TSLA
2025-09-12,370.94,396.69,370.24,395.94,168156391,NASDAQ:TSLA
2025-09-15,423.13,425.7,402.43,410.04,163823667,NASDAQ:TSLA
2025-09-16,414.5,423.25,411.43,421.62,104285721,NASDAQ:TSLA
2025-09-17,415.75,428.31,409.67,425.86,106133532,NASDAQ:TSLA
2025-09-18,428.87,432.22,416.56,416.85,90454509,NASDAQ:TSLA
2025-09-19,421.82,429.47,421.72,426.07,93131034,NASDAQ:TSLA
2025-09-22,431.11,444.98,429.13,434.21,97108777,NASDAQ:TSLA
2025-09-23,439.88,440.97,423.72,425.85,83422691,NASDAQ:TSLA
2025-09-24,429.83,444.21,429.03,442.79,93133570,NASDAQ:TSLA
2025-09-25,435.24,435.35,419.08,423.39,96746426,NASDAQ:TSLA
2025-09-26,428.3,440.47,421.02,440.4,101628160,NASDAQ:TSLA
2025-09-29,444.35,450.98,439.5,443.21,79491510,NASDAQ:TSLA
2025-09-30,441.52,445,433.12,444.72,74357960,NASDAQ:TSLA
2025-10-01,443.8,462.29,440.75,459.46,98122285,NASDAQ:TSLA
2025-10-02,470.54,470.75,435.57,436,137008950,NASDAQ:TSLA
2025-10-03,443.29,446.77,416.58,429.83,133188180,NASDAQ:TSLA
2025-10-06,440.75,453.55,436.69,453.25,85324878,NASDAQ:TSLA
2025-10-07,447.82,452.68,432.45,433.09,102296082,NASDAQ:TSLA
2025-10-08,437.57,441.33,425.23,438.69,71192128,NASDAQ:TSLA
2025-10-09,431.81,436.35,426.18,435.54,69339928,NASDAQ:TSLA
2025-10-10,436.54,443.13,411.45,413.49,112107870,NASDAQ:TSLA
2025-10-13,423.53,436.89,419.7,435.9,79552785,NASDAQ:TSLA
2025-10-14,426.79,434.2,417.86,429.24,72669438,NASDAQ:TSLA
2025-10-15,434.9,440.51,426.33,435.15,71558185,NASDAQ:TSLA
2025-10-16,434.73,439.35,421.31,428.75,77189889,NASDAQ:TSLA
2025-10-17,425.5,441.46,423.6,439.31,89331578,NASDAQ:TSLA
2025-10-20,443.87,449.8,440.61,447.43,63718971,NASDAQ:TSLA
2025-10-21,445.76,449.3,442.05,442.6,54412169,NASDAQ:TSLA
2025-10-22,443.45,445.54,429,438.97,84023458,NASDAQ:TSLA
2025-10-23,420,449.4,413.9,448.98,126709833,NASDAQ:TSLA
2025-10-24,446.83,451.68,430.17,433.72,94727774,NASDAQ:TSLA
2025-10-27,439.98,460.16,438.69,452.42,105867547,NASDAQ:TSLA
2025-10-28,454.78,467,451.6,460.55,80185667,NASDAQ:TSLA
2025-10-29,462.5,465.7,452.65,461.51,67983544,NASDAQ:TSLA
2025-10-30,451.05,455.06,439.61,440.1,72447938,NASDAQ:TSLA
2025-10-31,446.75,458,443.69,456.56,83135787,NASDAQ:TSLA
2024-10-30,73.27,73.43,73.02,73.06,4610487,NASDAQ:BND
2024-10-31,72.95,73.16,72.83,73.05,6115916,NASDAQ:BND
2024-11-01,73.04,73.08,72.51,72.54,6409880,NASDAQ:BND
2024-11-04,72.82,73.01,72.7,72.83,6860229,NASDAQ:BND
2024-11-05,72.6,73.03,72.6,73.01,6236861,NASDAQ:BND
2024-11-06,72.26,72.59,72.23,72.41,6382489,NASDAQ:BND
2024-11-07,72.5,73.03,72.5,72.95,6590178,NASDAQ:BND
2024-11-08,72.96,73.24,72.96,73.09,5398497,NASDAQ:BND
2024-11-11,73,73,72.85,72.95,4371984,NASDAQ:BND
2024-11-12,72.74,72.82,72.46,72.51,7197886,NASDAQ:BND
2024-11-13,72.92,72.92,72.41,72.48,5458123,NASDAQ:BND
2024-11-14,72.6,72.72,72.41,72.46,6643295,NASDAQ:BND
2024-11-15,72.34,72.66,72.2,72.48,18467423,NASDAQ:BND
2024-11-18,72.4,72.61,72.33,72.55,4965080,NASDAQ:BND
2024-11-19,72.76,72.78,72.66,72.68,4900748,NASDAQ:BND
2024-11-20,72.51,72.69,72.5,72.6,6557788,NASDAQ:BND
2024-11-21,72.6,72.74,72.5,72.56,5115656,NASDAQ:BND
2024-11-22,72.62,72.67,72.52,72.59,10409497,NASDAQ:BND
2024-11-25,73.01,73.27,73.01,73.26,10207082,NASDAQ:BND
2024-11-26,73.18,73.18,72.94,73.13,5538283,NASDAQ:BND
2024-11-27,73.21,73.42,73.21,73.33,5366871,NASDAQ:BND
2024-11-29,73.5,73.63,73.5,73.6,3870808,NASDAQ:BND
2024-12-02,73.29,73.48,73.17,73.42,6213033,NASDAQ:BND
2024-12-03,73.53,73.55,73.2,73.25,6249233,NASDAQ:BND
2024-12-04,73.2,73.55,73.09,73.5,6769697,NASDAQ:BND
2024-12-05,73.38,73.56,73.35,73.51,6146443,NASDAQ:BND
2024-12-06,73.73,73.79,73.57,73.71,4880791,NASDAQ:BND
2024-12-09,73.65,73.65,73.47,73.49,5432983,NASDAQ:BND
2024-12-10,73.38,73.47,73.32,73.41,5751914,NASDAQ:BND
2024-12-11,73.59,73.59,73.22,73.25,4642930,NASDAQ:BND
2024-12-12,73.01,73.21,72.93,72.96,6880556,NASDAQ:BND
2024-12-13,72.91,72.91,72.64,72.67,5171363,NASDAQ:BND
2024-12-16,72.75,72.89,72.65,72.75,7871304,NASDAQ:BND
2024-12-17,72.74,72.84,72.71,72.76,6084864,NASDAQ:BND
2024-12-18,72.76,72.82,72.18,72.19,7962662,NASDAQ:BND
2024-12-19,72.04,72.12,71.88,71.99,7672820,NASDAQ:BND
2024-12-20,72.3,72.41,72.19,72.21,6696387,NASDAQ:BND
2024-12-23,72.13,72.21,71.94,71.98,7605461,NASDAQ:BND
2024-12-24,71.65,71.85,71.62,71.85,4185260,NASDAQ:BND
2024-12-26,71.63,71.92,71.63,71.9,8714524,NASDAQ:BND
2024-12-27,71.89,71.93,71.74,71.75,9019079,NASDAQ:BND
2024-12-30,71.9,72.08,71.9,72.03,8054495,NASDAQ:BND
2024-12-31,72.09,72.17,71.88,71.91,8724265,NASDAQ:BND
2025-01-02,72.19,72.19,71.85,71.94,8055702,NASDAQ:BND
2025-01-03,71.97,72.06,71.83,71.85,6857104,NASDAQ:BND
2025-01-06,71.78,71.88,71.7,71.78,5375718,NASDAQ:BND
2025-01-07,71.72,71.77,71.44,71.53,7875935,NASDAQ:BND
2025-01-08,71.48,71.66,71.45,71.61,5844375,NASDAQ:BND
2025-01-10,71.74,71.74,71.18,71.24,9602447,NASDAQ:BND
2025-01-13,71.24,71.25,71.1,71.17,11856578,NASDAQ:BND
2025-01-14,71.15,71.25,71.11,71.22,5165979,NASDAQ:BND
2025-01-15,71.6,71.88,71.6,71.79,5867884,NASDAQ:BND
2025-01-16,71.7,72.03,71.64,71.93,8494105,NASDAQ:BND
2025-01-17,72.1,72.1,71.91,71.95,5600397,NASDAQ:BND
2025-01-21,72.21,72.21,72.07,72.16,8491622,NASDAQ:BND
2025-01-22,72.15,72.2,71.97,72.01,6616809,NASDAQ:BND
2025-01-23,72,72,71.8,71.9,7529793,NASDAQ:BND
2025-01-24,72,72.09,71.87,72.04,5555722,NASDAQ:BND
2025-01-27,72.34,72.44,72.26,72.42,8621175,NASDAQ:BND
2025-01-28,72.39,72.39,72.21,72.38,4424518,NASDAQ:BND
2025-01-29,72.43,72.49,72.17,72.34,5780349,NASDAQ:BND
2025-01-30,72.46,72.53,72.38,72.44,5622434,NASDAQ:BND
2025-01-31,72.48,72.54,72.2,72.34,6738335,NASDAQ:BND
2025-02-03,72.23,72.43,72.06,72.17,7163803,NASDAQ:BND
2025-02-04,72.04,72.29,71.97,72.27,7296233,NASDAQ:BND
2025-02-05,72.52,72.76,72.5,72.64,8981687,NASDAQ:BND
2025-02-06,72.56,72.65,72.48,72.56,5722073,NASDAQ:BND
2025-02-07,72.39,72.44,72.27,72.34,6415636,NASDAQ:BND
2025-02-10,72.45,72.51,72.32,72.36,5439533,NASDAQ:BND
2025-02-11,72.31,72.31,72.18,72.24,6871183,NASDAQ:BND
2025-02-12,71.93,71.99,71.75,71.87,5279616,NASDAQ:BND
2025-02-13,72.16,72.37,72.07,72.3,6452940,NASDAQ:BND
2025-02-14,72.46,72.68,72.46,72.53,6131695,NASDAQ:BND
2025-02-18,72.35,72.45,72.25,72.26,7151704,NASDAQ:BND
2025-02-19,72.29,72.39,72.21,72.36,4720798,NASDAQ:BND
2025-02-20,72.46,72.5,72.42,72.45,6199049,NASDAQ:BND
2025-02-21,72.54,72.86,72.53,72.77,4460631,NASDAQ:BND
2025-02-24,72.7,72.92,72.69,72.87,5580117,NASDAQ:BND
2025-02-25,73.11,73.33,73.05,73.33,4835591,NASDAQ:BND
2025-02-26,73.31,73.48,73.21,73.44,5825665,NASDAQ:BND
2025-02-27,73.31,73.42,73.22,73.35,14908532,NASDAQ:BND
2025-02-28,73.52,73.69,73.41,73.66,8363466,NASDAQ:BND
2025-03-03,73.25,73.63,73.22,73.61,7549672,NASDAQ:BND
2025-03-04,73.61,73.75,73.32,73.4,7693140,NASDAQ:BND
2025-03-05,73.3,73.52,73.13,73.14,7758398,NASDAQ:BND
2025-03-06,73.11,73.2,72.9,73.08,7196421,NASDAQ:BND
2025-03-07,73.33,73.37,72.95,73,5036333,NASDAQ:BND
2025-03-10,73.3,73.47,73.27,73.34,8166967,NASDAQ:BND
2025-03-11,73.2,73.43,73.04,73.06,8359398,NASDAQ:BND
2025-03-12,72.91,73.06,72.89,72.91,6192986,NASDAQ:BND
2025-03-13,72.92,73.15,72.77,73.13,4711554,NASDAQ:BND
2025-03-14,73.02,73.07,72.94,72.95,5095057,NASDAQ:BND
2025-03-17,73.13,73.24,73.01,73.05,4773287,NASDAQ:BND
2025-03-18,72.98,73.22,72.97,73.13,4196326,NASDAQ:BND
2025-03-19,73.07,73.38,73,73.35,4201613,NASDAQ:BND
2025-03-20,73.65,73.67,73.35,73.38,3760920,NASDAQ:BND
2025-03-21,73.44,73.52,73.3,73.32,7078526,NASDAQ:BND
2025-03-24,73.19,73.22,72.98,73,5637341,NASDAQ:BND
2025-03-25,73,73.17,72.99,73.09,6133739,NASDAQ:BND
2025-03-26,73.02,73.06,72.89,72.93,4881976,NASDAQ:BND
2025-03-27,72.88,72.92,72.82,72.9,5568322,NASDAQ:BND
2025-03-28,73.16,73.35,73.07,73.32,4850495,NASDAQ:BND
2025-03-31,73.5,73.56,73.27,73.45,7106111,NASDAQ:BND
2025-04-01,73.22,73.58,73.21,73.44,4667878,NASDAQ:BND
2025-04-02,73.61,73.62,73.18,73.38,5313061,NASDAQ:BND
2025-04-03,73.76,74,73.62,73.76,7426162,NASDAQ:BND
2025-04-04,74.2,74.34,73.71,73.82,12677993,NASDAQ:BND
2025-04-07,73.65,73.69,72.85,72.93,14282990,NASDAQ:BND
2025-04-08,72.92,73.05,72.46,72.51,12629156,NASDAQ:BND
2025-04-09,71.49,72.7,71.48,72.68,20862040,NASDAQ:BND
2025-04-10,72.42,72.61,72.06,72.1,8058517,NASDAQ:BND
2025-04-11,71.69,72.15,71.41,72.02,7260413,NASDAQ:BND
2025-04-14,72.22,72.53,72.2,72.43,5409343,NASDAQ:BND
2025-04-15,72.36,72.74,72.35,72.61,5667509,NASDAQ:BND
2025-04-16,72.66,72.85,72.51,72.81,33963335,NASDAQ:BND
2025-04-17,72.79,72.83,72.6,72.65,7613944,NASDAQ:BND
2025-04-21,72.49,72.64,72.25,72.25,6092946,NASDAQ:BND
2025-04-22,72.49,72.53,72.37,72.38,5408208,NASDAQ:BND
2025-04-23,72.82,73.13,72.5,72.53,5283133,NASDAQ:BND
2025-04-24,72.8,72.95,72.75,72.94,3751673,NASDAQ:BND
2025-04-25,73.09,73.19,73.01,73.18,4021898,NASDAQ:BND
2025-04-28,73.1,73.39,73.09,73.36,4685563,NASDAQ:BND
2025-04-29,73.29,73.56,73.28,73.55,3790701,NASDAQ:BND
2025-04-30,73.5,73.58,73.37,73.5,8020986,NASDAQ:BND
2025-05-01,73.34,73.37,72.95,73.06,6295350,NASDAQ:BND
2025-05-02,72.71,72.85,72.61,72.7,6960790,NASDAQ:BND
2025-05-05,72.63,72.69,72.48,72.6,7574983,NASDAQ:BND
2025-05-06,72.56,72.77,72.5,72.76,6994010,NASDAQ:BND
2025-05-07,72.8,72.97,72.79,72.9,4358160,NASDAQ:BND
2025-05-08,72.86,72.92,72.51,72.51,4283210,NASDAQ:BND
2025-05-09,72.61,72.74,72.56,72.57,3730810,NASDAQ:BND
2025-05-12,72.3,72.45,72.3,72.32,6983151,NASDAQ:BND
2025-05-13,72.3,72.43,72.2,72.29,5610253,NASDAQ:BND
2025-05-14,72.24,72.29,72.01,72.04,6426742,NASDAQ:BND
2025-05-15,72.25,72.45,72.17,72.43,5659031,NASDAQ:BND
2025-05-16,72.62,72.68,72.45,72.48,5310023,NASDAQ:BND
2025-05-19,72.17,72.48,72.06,72.46,5787990,NASDAQ:BND
2025-05-20,72.3,72.39,72.2,72.33,5810255,NASDAQ:BND
2025-05-21,72.15,72.2,71.8,71.88,10880393,NASDAQ:BND
2025-05-22,72.15,72.2,71.8,71.88,34581,NASDAQ:BND
2025-05-23,72.27,72.29,72.09,72.19,4272707,NASDAQ:BND
2025-05-27,72.37,72.6,72.32,72.53,6148892,NASDAQ:BND
2025-05-28,72.41,72.46,72.29,72.37,5214663,NASDAQ:BND
2025-05-29,72.48,72.7,72.48,72.63,4686425,NASDAQ:BND
2025-05-30,72.63,72.78,72.54,72.77,5995815,NASDAQ:BND
2025-06-02,72.35,72.53,72.24,72.37,6888040,NASDAQ:BND
2025-06-03,72.44,72.5,72.26,72.29,7437016,NASDAQ:BND
2025-06-04,72.54,72.81,72.51,72.74,8342999,NASDAQ:BND
2025-06-05,72.76,72.83,72.58,72.6,6620778,NASDAQ:BND
2025-06-06,72.37,72.49,72.19,72.21,14677575,NASDAQ:BND
2025-06-09,72.2,72.39,72.2,72.32,10147554,NASDAQ:BND
2025-06-10,72.51,72.56,72.38,72.46,9256974,NASDAQ:BND
2025-06-11,72.59,72.72,72.52,72.69,8034926,NASDAQ:BND
2025-06-12,72.9,72.97,72.82,72.96,5950091,NASDAQ:BND
2025-06-13,72.81,72.85,72.55,72.7,5656548,NASDAQ:BND
2025-06-16,72.65,72.79,72.55,72.56,6415544,NASDAQ:BND
2025-06-17,72.69,72.82,72.6,72.79,5123442,NASDAQ:BND
2025-06-18,72.87,73.02,72.76,72.83,5176972,NASDAQ:BND
2025-06-20,72.71,72.96,72.67,72.88,5396818,NASDAQ:BND
2025-06-23,73.05,73.22,72.98,73.06,5391876,NASDAQ:BND
2025-06-24,72.99,73.32,72.99,73.28,8789764,NASDAQ:BND
2025-06-25,73.19,73.31,73.1,73.3,5346377,NASDAQ:BND
2025-06-26,73.37,73.52,73.3,73.51,5373696,NASDAQ:BND
2025-06-27,73.38,73.55,73.32,73.34,6928663,NASDAQ:BND
2025-06-30,73.51,73.67,73.45,73.63,6987010,NASDAQ:BND
2025-07-01,73.39,73.45,73.23,73.34,6286664,NASDAQ:BND
2025-07-02,73.17,73.26,73.14,73.26,6342298,NASDAQ:BND
2025-07-03,73.13,73.17,73.04,73.08,6428422,NASDAQ:BND
2025-07-07,72.96,73.02,72.79,72.84,8191017,NASDAQ:BND
2025-07-08,72.74,72.8,72.7,72.8,5934155,NASDAQ:BND
2025-07-09,72.89,73.1,72.89,73.09,6720579,NASDAQ:BND
2025-07-10,73.08,73.11,72.97,73.1,6651307,NASDAQ:BND
2025-07-11,72.89,72.9,72.77,72.8,4962515,NASDAQ:BND
2025-07-14,72.77,72.86,72.7,72.79,5624670,NASDAQ:BND
2025-07-15,72.88,72.88,72.55,72.57,5908535,NASDAQ:BND
2025-07-16,72.7,72.78,72.52,72.71,7875150,NASDAQ:BND
2025-07-17,72.72,72.82,72.68,72.73,6857436,NASDAQ:BND
2025-07-18,72.88,72.9,72.81,72.85,5206946,NASDAQ:BND
2025-07-21,73.1,73.18,73.04,73.06,5338503,NASDAQ:BND
2025-07-22,73.1,73.24,73.08,73.18,5507318,NASDAQ:BND
2025-07-23,73.08,73.12,73,73.03,5269778,NASDAQ:BND
2025-07-24,72.84,73.04,72.82,72.94,6139228,NASDAQ:BND
2025-07-25,72.95,73.12,72.93,73.12,4846060,NASDAQ:BND
2025-07-28,73.02,73.05,72.96,73,5806889,NASDAQ:BND
2025-07-29,73.08,73.39,73.08,73.38,7397877,NASDAQ:BND
2025-07-30,73.19,73.35,73.13,73.19,5554978,NASDAQ:BND
2025-07-31,73.35,73.36,73.18,73.2,6463220,NASDAQ:BND
2025-08-01,73.5,73.61,73.38,73.59,10782336,NASDAQ:BND
2025-08-04,73.63,73.65,73.5,73.64,6834381,NASDAQ:BND
2025-08-05,73.56,73.7,73.54,73.67,8145334,NASDAQ:BND
2025-08-06,73.57,73.65,73.34,73.61,8082200,NASDAQ:BND
2025-08-07,73.7,73.7,73.53,73.58,4193068,NASDAQ:BND
2025-08-08,73.5,73.51,73.4,73.42,5566313,NASDAQ:BND
2025-08-11,73.49,73.55,73.44,73.47,8668285,NASDAQ:BND
2025-08-12,73.39,73.48,73.33,73.48,5493957,NASDAQ:BND
2025-08-13,73.69,73.78,73.67,73.75,6208874,NASDAQ:BND
2025-08-14,73.75,73.75,73.49,73.54,6818486,NASDAQ:BND
2025-08-15,73.53,73.59,73.39,73.44,4309079,NASDAQ:BND
2025-08-18,73.47,73.64,73.31,73.36,6941556,NASDAQ:BND
2025-08-19,73.44,73.51,73.44,73.5,5098530,NASDAQ:BND
2025-08-20,73.49,73.6,73.46,73.55,5512795,NASDAQ:BND
2025-08-21,73.44,73.47,73.29,73.37,5695498,NASDAQ:BND
2025-08-22,73.5,73.81,73.48,73.74,5828735,NASDAQ:BND
2025-08-25,73.63,73.72,73.59,73.64,5362095,NASDAQ:BND
2025-08-26,73.65,73.76,73.59,73.73,4648298,NASDAQ:BND
2025-08-27,73.66,73.81,73.59,73.8,6053945,NASDAQ:BND
2025-08-28,73.79,73.92,73.76,73.89,5857310,NASDAQ:BND
2025-08-29,73.82,73.87,73.76,73.8,7736482,NASDAQ:BND
2025-09-02,73.34,73.43,73.31,73.4,6222391,NASDAQ:BND
2025-09-03,73.45,73.72,73.44,73.64,6005492,NASDAQ:BND
2025-09-04,73.8,73.93,73.72,73.92,8842621,NASDAQ:BND
2025-09-05,74.29,74.37,74.25,74.27,6321761,NASDAQ:BND
2025-09-08,74.43,74.52,74.41,74.51,6414673,NASDAQ:BND
2025-09-09,74.47,74.52,74.3,74.37,6613239,NASDAQ:BND
2025-09-10,74.49,74.62,74.44,74.5,5680852,NASDAQ:BND
2025-09-11,74.57,74.76,74.57,74.66,6437156,NASDAQ:BND
2025-09-12,74.54,74.58,74.43,74.57,5492955,NASDAQ:BND
2025-09-15,74.66,74.73,74.65,74.71,7193648,NASDAQ:BND
2025-09-16,74.71,74.77,74.65,74.72,7012190,NASDAQ:BND
2025-09-17,74.8,74.92,74.53,74.59,8872301,NASDAQ:BND
2025-09-18,74.39,74.48,74.29,74.4,7641811,NASDAQ:BND
2025-09-19,74.41,74.45,74.34,74.43,5295717,NASDAQ:BND
2025-09-22,74.39,74.41,74.27,74.29,7814325,NASDAQ:BND
2025-09-23,74.37,74.45,74.31,74.44,6492249,NASDAQ:BND
2025-09-24,74.37,74.45,74.31,74.44,4194,NASDAQ:BND
2025-09-26,74.22,74.33,74.15,74.21,5531414,NASDAQ:BND
2025-09-29,74.31,74.44,74.29,74.4,5534451,NASDAQ:BND
2025-09-30,74.43,74.54,74.34,74.37,8840688,NASDAQ:BND
2025-10-01,74.32,74.36,74.21,74.32,8762908,NASDAQ:BND
2025-10-02,74.29,74.42,74.25,74.4,7155608,NASDAQ:BND
2025-10-03,74.42,74.45,74.29,74.31,8372377,NASDAQ:BND
2025-10-06,74.17,74.28,74.13,74.14,8688812,NASDAQ:BND
2025-10-07,74.22,74.35,74.19,74.28,7229511,NASDAQ:BND
2025-10-08,74.4,74.41,74.26,74.28,6298430,NASDAQ:BND
2025-10-09,74.24,74.26,74.18,74.23,9071047,NASDAQ:BND
2025-10-10,74.43,74.58,74.36,74.52,7202569,NASDAQ:BND
2025-10-13,74.54,74.64,74.45,74.64,4358678,NASDAQ:BND
2025-10-14,74.63,74.78,74.57,74.75,6550097,NASDAQ:BND
2025-10-15,74.77,74.87,74.66,74.7,6264829,NASDAQ:BND
2025-10-16,74.67,75,74.67,74.98,8485054,NASDAQ:BND
2025-10-17,74.91,74.92,74.81,74.88,20337487,NASDAQ:BND
2025-10-20,74.95,74.99,74.91,74.98,6287206,NASDAQ:BND
2025-10-21,75.1,75.15,75.05,75.07,6179948,NASDAQ:BND
2025-10-22,75.03,75.08,74.97,75.07,7164496,NASDAQ:BND
2025-10-23,74.99,75.02,74.9,74.92,6041657,NASDAQ:BND
2025-10-24,75.04,75.05,74.91,75.02,6912339,NASDAQ:BND
2025-10-27,74.96,75.06,74.89,75.06,7706623,NASDAQ:BND
2025-10-28,75.04,75.12,75.01,75.1,7399731,NASDAQ:BND
2025-10-29,75.07,75.08,74.71,74.73,8938694,NASDAQ:BND
2025-10-30,74.51,74.72,74.5,74.6,7109490,NASDAQ:BND
2025-10-31,74.66,74.68,74.54,74.58,7106704,NASDAQ:BND
2024-10-30,256.76,257.71,255.91,257.5,6386196,NYSEARCA:GLD
2024-10-31,255.52,255.6,252.2,253.51,9930827,NYSEARCA:GLD
2024-11-01,254.33,254.86,252.44,252.47,6473012,NYSEARCA:GLD
2024-11-04,253.32,253.58,252.27,252.83,4581435,NYSEARCA:GLD
2024-11-05,253.78,253.99,252.41,253.4,6029884,NYSEARCA:GLD
2024-11-06,245.64,247.35,244.95,245.7,14600217,NYSEARCA:GLD
2024-11-07,248.29,250.24,248.12,249.65,8821445,NYSEARCA:GLD
2024-11-08,249.07,249.35,247.78,247.96,6267916,NYSEARCA:GLD
2024-11-11,242.73,242.73,241.06,242.14,11653848,NYSEARCA:GLD
2024-11-12,241.29,241.66,239.39,240.05,10145510,NYSEARCA:GLD
2024-11-13,241.31,241.47,237.59,237.63,8431694,NYSEARCA:GLD
2024-11-14,236.57,237.99,236.13,237.01,8262426,NYSEARCA:GLD
2024-11-15,237.57,237.88,236.33,236.59,7299482,NYSEARCA:GLD
2024-11-18,240.46,241.5,240.45,241.09,6512986,NYSEARCA:GLD
2024-11-19,242.75,243.31,242.03,243.25,6579103,NYSEARCA:GLD
2024-11-20,243.74,245.21,243.51,244.62,6630737,NYSEARCA:GLD
2024-11-21,246.23,246.81,245.69,246.66,7646429,NYSEARCA:GLD
2024-11-22,248.2,250.39,247.86,249.84,7502963,NYSEARCA:GLD
2024-11-25,244.27,244.4,241.48,242.48,10733109,NYSEARCA:GLD
2024-11-26,242.71,243.09,241.58,242.95,4945897,NYSEARCA:GLD
2024-11-27,244.85,245.18,243.2,243.49,6930587,NYSEARCA:GLD
2024-11-29,245.25,245.81,244.73,245.59,2708494,NYSEARCA:GLD
2024-12-02,244.46,244.58,243.14,243.44,4765001,NYSEARCA:GLD
2024-12-03,244.96,245.18,243.3,243.93,3557819,NYSEARCA:GLD
2024-12-04,244.93,245.34,244.37,244.67,4608584,NYSEARCA:GLD
2024-12-05,244.16,244.38,242.15,242.86,4806206,NYSEARCA:GLD
2024-12-06,242.79,243.86,242.44,242.95,3540698,NYSEARCA:GLD
2024-12-09,246.28,247.11,245.26,245.36,4711536,NYSEARCA:GLD
2024-12-10,247.86,248.86,247.83,248.59,4641963,NYSEARCA:GLD
2024-12-11,249.35,251.26,248.97,250.96,11033776,NYSEARCA:GLD
2024-12-12,247.81,248.24,246.87,247.28,10149585,NYSEARCA:GLD
2024-12-13,245.67,245.94,244.27,244.29,6602591,NYSEARCA:GLD
2024-12-16,245.41,245.54,244.29,244.88,3310036,NYSEARCA:GLD
2024-12-17,243.8,244.55,243.23,243.94,4421339,NYSEARCA:GLD
2024-12-18,243.57,243.71,238.82,239.26,8015848,NYSEARCA:GLD
2024-12-19,239.67,240.05,238.73,239.6,8113568,NYSEARCA:GLD
2024-12-20,241.41,242.96,241.17,242.1,9527805,NYSEARCA:GLD
2024-12-23,241.6,241.67,240.65,240.96,5835498,NYSEARCA:GLD
2024-12-24,241.49,241.66,240.82,241.44,2421008,NYSEARCA:GLD
2024-12-26,242.39,243.56,242.2,243.07,4651778,NYSEARCA:GLD
2024-12-27,241.2,241.95,241.05,241.4,4728440,NYSEARCA:GLD
2024-12-30,241.08,241.08,239.58,240.63,3522539,NYSEARCA:GLD
2024-12-31,241.05,242.52,241.05,242.13,2522102,NYSEARCA:GLD
2025-01-02,244.17,245.53,244.08,245.42,6241899,NYSEARCA:GLD
2025-01-03,244.56,244.82,243.36,243.49,4875546,NYSEARCA:GLD
2025-01-06,242.33,243.79,242.05,243.19,3758903,NYSEARCA:GLD
2025-01-07,245.52,245.77,243.81,244.56,5090333,NYSEARCA:GLD
2025-01-08,245.72,246.45,244.51,245.86,6303334,NYSEARCA:GLD
2025-01-10,248.01,249.04,247.55,248.21,12380131,NYSEARCA:GLD
2025-01-13,246.34,246.79,245.15,245.74,8448595,NYSEARCA:GLD
2025-01-14,245.62,247.04,245.52,247.03,4914837,NYSEARCA:GLD
2025-01-15,248.21,248.9,247.01,248.88,6344973,NYSEARCA:GLD
2025-01-16,250.56,251.39,250.27,250.6,9235998,NYSEARCA:GLD
2025-01-17,249.7,250.81,249.15,249.27,8312858,NYSEARCA:GLD
2025-01-21,252.06,253.36,251.83,253.13,7668119,NYSEARCA:GLD
2025-01-22,254.29,254.68,253.78,254.43,5213777,NYSEARCA:GLD
2025-01-23,253.19,254.54,252.82,254.07,6511526,NYSEARCA:GLD
2025-01-24,255.96,257.07,255.61,255.65,7341337,NYSEARCA:GLD
2025-01-27,253.83,254.26,251.92,252.99,5799780,NYSEARCA:GLD
2025-01-28,254.23,255.25,253.89,255.18,5332005,NYSEARCA:GLD
2025-01-29,254.55,254.82,253.3,254.2,5671753,NYSEARCA:GLD
2025-01-30,257.2,258.29,256.45,258.05,12981164,NYSEARCA:GLD
2025-01-31,259.08,259.99,257.86,258.56,8965576,NYSEARCA:GLD
2025-02-03,259.75,261.39,259.52,259.94,11521093,NYSEARCA:GLD
2025-02-04,261.83,262.54,261.35,262.5,9850412,NYSEARCA:GLD
2025-02-05,264.45,265.99,263.89,264.13,12681127,NYSEARCA:GLD
2025-02-06,263.66,263.72,261.49,263.43,8731433,NYSEARCA:GLD
2025-02-07,265.22,266.35,263.26,263.9,9154042,NYSEARCA:GLD
2025-02-10,268,268.66,267.24,268.37,13250312,NYSEARCA:GLD
2025-02-11,267.7,268.36,266.71,267.39,7169450,NYSEARCA:GLD
2025-02-12,267.15,268.43,266.35,267.67,9328598,NYSEARCA:GLD
2025-02-13,268.4,270.39,268.22,270.31,8347547,NYSEARCA:GLD
2025-02-14,270.07,270.21,265.45,266.29,11546721,NYSEARCA:GLD
2025-02-18,269.68,271.01,269.6,270.7,8185949,NYSEARCA:GLD
2025-02-19,270.68,271.33,269.24,270.85,9342452,NYSEARCA:GLD
2025-02-20,270.23,271.84,270.17,270.99,7356900,NYSEARCA:GLD
2025-02-21,270.8,271.51,269.51,270.74,8917431,NYSEARCA:GLD
2025-02-24,271.45,272.32,270.38,272.21,5374360,NYSEARCA:GLD
2025-02-25,271.46,271.68,266.45,268.62,10079777,NYSEARCA:GLD
2025-02-26,267.08,269.08,266.66,269.03,7276033,NYSEARCA:GLD
2025-02-27,266.49,266.67,264.45,264.93,9374626,NYSEARCA:GLD
2025-02-28,262.56,263.4,261.25,263.27,11504491,NYSEARCA:GLD
2025-03-03,265.07,266.88,265.07,266.74,7725647,NYSEARCA:GLD
2025-03-04,269.01,269.4,267.52,269.06,8481343,NYSEARCA:GLD
2025-03-05,267.97,270.26,267.96,269.62,6990354,NYSEARCA:GLD
2025-03-06,268.25,269.51,268.16,268.25,6136447,NYSEARCA:GLD
2025-03-07,269.09,270.34,267.64,268.39,10431236,NYSEARCA:GLD
2025-03-10,267.62,268.44,265.64,266.04,7593890,NYSEARCA:GLD
2025-03-11,268.47,269.73,268.44,269.16,8436562,NYSEARCA:GLD
2025-03-12,268.47,271.23,268.36,270.33,7236239,NYSEARCA:GLD
2025-03-13,271.57,275.35,271.55,275.13,13741460,NYSEARCA:GLD
2025-03-14,276.27,276.3,274.66,275.24,13364965,NYSEARCA:GLD
2025-03-17,275.54,276.79,275.39,276.73,8583359,NYSEARCA:GLD
2025-03-18,279.9,280.21,278.97,279.96,9596547,NYSEARCA:GLD
2025-03-19,279.85,281.48,279.06,281.11,8822197,NYSEARCA:GLD
2025-03-20,279.49,280.9,279.43,280.75,5863288,NYSEARCA:GLD
2025-03-21,279.46,279.46,276.59,278.49,9359340,NYSEARCA:GLD
2025-03-24,278.91,279.09,276.86,277.25,7870109,NYSEARCA:GLD
2025-03-25,278.78,279.96,278.27,278.47,5090179,NYSEARCA:GLD
2025-03-26,278.93,279.02,277.78,278.24,3741843,NYSEARCA:GLD
2025-03-27,280.55,282.07,279.59,281.97,8476335,NYSEARCA:GLD
2025-03-28,283.82,284.64,282.86,284.06,9563660,NYSEARCA:GLD
2025-03-31,287.53,288.39,285.85,288.14,13925100,NYSEARCA:GLD
2025-04-01,288.54,289.13,285.91,287.57,15923553,NYSEARCA:GLD
2025-04-02,288.28,289.03,287.36,288.16,11074787,NYSEARCA:GLD
2025-04-03,282.78,289.09,282.45,286.42,20524385,NYSEARCA:GLD
2025-04-04,283.64,284.03,278.02,279.72,21517158,NYSEARCA:GLD
2025-04-07,278.86,280.14,272.58,273.71,19806990,NYSEARCA:GLD
2025-04-08,277.87,278.32,274.24,275.2,12639534,NYSEARCA:GLD
2025-04-09,282.22,285.87,281.04,285.38,25342180,NYSEARCA:GLD
2025-04-10,288.81,292.86,287.23,292.35,19837799,NYSEARCA:GLD
2025-04-11,297.96,299.27,296.81,297.93,21080132,NYSEARCA:GLD
2025-04-14,295.54,296.58,294.53,296.23,12427590,NYSEARCA:GLD
2025-04-15,296.93,298.02,296.09,297.78,7924134,NYSEARCA:GLD
2025-04-16,304.65,308.06,303.8,307.47,20778079,NYSEARCA:GLD
2025-04-17,306.31,307.13,302.73,306.12,18287825,NYSEARCA:GLD
2025-04-21,315.02,316.41,313.95,315.59,20372259,NYSEARCA:GLD
2025-04-22,317.49,317.63,310.36,311.11,35242287,NYSEARCA:GLD
2025-04-23,304.18,304.74,300.59,303.65,25421464,NYSEARCA:GLD
2025-04-24,306.98,308.5,304.71,308.07,10844971,NYSEARCA:GLD
2025-04-25,301.78,305.37,301.01,304.73,10691590,NYSEARCA:GLD
2025-04-28,304.15,309.11,302.97,309.07,9375484,NYSEARCA:GLD
2025-04-29,305.81,306.95,304,306.06,6852106,NYSEARCA:GLD
2025-04-30,304.61,306.07,303.44,303.77,8331894,NYSEARCA:GLD
2025-05-01,297.41,297.94,295.32,297.46,14969062,NYSEARCA:GLD
2025-05-02,300.17,300.85,297.03,297.98,8678366,NYSEARCA:GLD
2025-05-05,305.92,307.65,304.68,306.88,8924009,NYSEARCA:GLD
2025-05-06,313.12,315.62,311.4,315.48,11445270,NYSEARCA:GLD
2025-05-07,312.1,313.26,310.08,310.75,7909976,NYSEARCA:GLD
2025-05-08,309.76,310.48,303.05,304.63,11927583,NYSEARCA:GLD
2025-05-09,307.79,308.57,306.01,306.84,6913131,NYSEARCA:GLD
2025-05-12,298.33,299.47,296.82,298.19,14375881,NYSEARCA:GLD
2025-05-13,299.02,300.3,297.24,299.46,10233603,NYSEARCA:GLD
2025-05-14,293.67,294.8,291.96,293.16,14800596,NYSEARCA:GLD
2025-05-15,294.1,297.9,293.75,297.84,13497735,NYSEARCA:GLD
2025-05-16,292.62,294.58,291.78,294.24,14173039,NYSEARCA:GLD
2025-05-19,297.85,298.58,296.48,298.03,11656261,NYSEARCA:GLD
2025-05-20,298.35,303.68,298.3,303.58,12850980,NYSEARCA:GLD
2025-05-21,304.55,306.46,303.67,305.82,12414518,NYSEARCA:GLD
2025-05-22,305.09,305.28,302.1,303.11,9704165,NYSEARCA:GLD
2025-05-23,308.86,310.25,307.47,309.75,13339473,NYSEARCA:GLD
2025-05-27,303.81,304.88,302.74,304.5,9578486,NYSEARCA:GLD
2025-05-28,304.64,304.99,303.06,303.81,8803333,NYSEARCA:GLD
2025-05-29,305.74,306.89,304.46,305.61,9502412,NYSEARCA:GLD
2025-05-30,303.58,304.02,301.5,303.6,9553260,NYSEARCA:GLD
2025-06-02,309.21,311.72,308.72,311.67,13593232,NYSEARCA:GLD
2025-06-03,309.56,309.56,307.15,308.91,9315081,NYSEARCA:GLD
2025-06-04,309.41,311.88,308.74,310.9,7462529,NYSEARCA:GLD
2025-06-05,311.24,312.2,307.65,309.33,10856012,NYSEARCA:GLD
2025-06-06,309.09,309.2,305.1,305.18,7787508,NYSEARCA:GLD
2025-06-09,305.39,307.61,305.06,306.62,7159036,NYSEARCA:GLD
2025-06-10,308.31,308.6,305.87,306.71,7071702,NYSEARCA:GLD
2025-06-11,307.5,308.62,305.85,308.37,9248766,NYSEARCA:GLD
2025-06-12,311.74,313.1,311.15,312.2,11531407,NYSEARCA:GLD
2025-06-13,317.26,317.6,315.04,316.29,16592949,NYSEARCA:GLD
2025-06-16,314.8,314.87,311.65,311.78,12848440,NYSEARCA:GLD
2025-06-17,312.66,313,310.12,311.94,8234115,NYSEARCA:GLD
2025-06-18,312.89,312.98,309.86,310.26,9370785,NYSEARCA:GLD
2025-06-20,309.32,310.89,309.25,310.13,8794711,NYSEARCA:GLD
2025-06-23,310.34,312.67,310.31,311.08,12687916,NYSEARCA:GLD
2025-06-24,305.07,306.34,303.54,306.19,12035177,NYSEARCA:GLD
2025-06-25,305.31,307.36,305.12,307.12,6733155,NYSEARCA:GLD
2025-06-26,305.77,307.28,304.86,306.78,6787517,NYSEARCA:GLD
2025-06-27,300.03,302.36,299.89,301.22,13301308,NYSEARCA:GLD
2025-06-30,302.39,304.92,301.95,304.83,8192086,NYSEARCA:GLD
2025-07-01,308.56,309,307.36,307.55,9335647,NYSEARCA:GLD
2025-07-02,308.04,309.4,306.96,309.25,8316377,NYSEARCA:GLD
2025-07-03,307.05,307.57,306.15,307.14,5275838,NYSEARCA:GLD
2025-07-07,305.07,307.71,304.53,307.37,7351641,NYSEARCA:GLD
2025-07-08,306.3,306.45,302.77,304.16,11840545,NYSEARCA:GLD
2025-07-09,303.58,305.54,303.23,305.52,10644077,NYSEARCA:GLD
2025-07-10,306.11,306.51,304.82,306.2,7059561,NYSEARCA:GLD
2025-07-11,308.86,310.28,308.52,309.14,9187302,NYSEARCA:GLD
2025-07-14,309.07,309.38,307.73,308.01,5772879,NYSEARCA:GLD
2025-07-15,307.73,308.74,305.79,306.73,8149008,NYSEARCA:GLD
2025-07-16,307.11,311.09,305.73,308.26,17693100,NYSEARCA:GLD
2025-07-17,305.5,307.67,305.12,307.59,6642258,NYSEARCA:GLD
2025-07-18,309.24,309.37,308.32,308.39,5574281,NYSEARCA:GLD
2025-07-21,311.88,313.31,311.61,313.13,10995756,NYSEARCA:GLD
2025-07-22,314.48,316.24,313.62,316.1,13691849,NYSEARCA:GLD
2025-07-23,314,314.96,311.42,312.18,10547520,NYSEARCA:GLD
2025-07-24,309.29,310.99,309.06,310.27,7698763,NYSEARCA:GLD
2025-07-25,307.82,308.31,306.2,307.4,9376386,NYSEARCA:GLD
2025-07-28,306.44,306.58,304.05,305.41,9275440,NYSEARCA:GLD
2025-07-29,305.8,307.03,304.99,306.25,5741114,NYSEARCA:GLD
2025-07-30,304.42,304.65,300.96,300.96,13459595,NYSEARCA:GLD
2025-07-31,304.59,304.61,302.86,302.96,8980956,NYSEARCA:GLD
2025-08-01,308.61,309.55,307.45,309.11,12843364,NYSEARCA:GLD
2025-08-04,310.8,311.74,310.37,310.91,7639030,NYSEARCA:GLD
2025-08-05,310.37,312.24,310.22,311.16,6997693,NYSEARCA:GLD
2025-08-06,310.32,311.24,309.84,310.5,7418158,NYSEARCA:GLD
2025-08-07,311.72,313.14,310.7,313.12,10891459,NYSEARCA:GLD
2025-08-08,312.35,313.53,311,313.05,19886802,NYSEARCA:GLD
2025-08-11,308.62,309.66,307.63,308.55,10326704,NYSEARCA:GLD
2025-08-12,308.22,309.31,306.71,308.27,9701725,NYSEARCA:GLD
2025-08-13,309.1,310.39,308.45,309.21,4718586,NYSEARCA:GLD
2025-08-14,307.93,308.34,306.52,307.25,5817726,NYSEARCA:GLD
2025-08-15,307.34,308,306.87,307.43,5990110,NYSEARCA:GLD
2025-08-18,307.8,307.89,306.63,306.95,6150140,NYSEARCA:GLD
2025-08-19,306.76,307.48,305.19,305.27,5029939,NYSEARCA:GLD
2025-08-20,307.54,308.47,307.4,308.36,6515411,NYSEARCA:GLD
2025-08-21,307.86,308.15,307.03,307.29,4808975,NYSEARCA:GLD
2025-08-22,306.52,311.02,306.43,310.58,8526492,NYSEARCA:GLD
2025-08-25,309.67,310.84,309.67,309.83,4044429,NYSEARCA:GLD
2025-08-26,310.62,312.21,310.31,312.08,11698460,NYSEARCA:GLD
2025-08-27,311.39,312.91,310.77,312.71,4320071,NYSEARCA:GLD
2025-08-28,313.32,315.08,313.07,315.03,9610202,NYSEARCA:GLD
2025-08-29,314.72,318.09,314.64,318.07,15642641,NYSEARCA:GLD
2025-09-02,320.95,325.92,320.24,325.59,21247534,NYSEARCA:GLD
2025-09-03,327.76,329.45,326.73,328.14,16062221,NYSEARCA:GLD
2025-09-04,327.03,327.56,325.35,326.69,11703127,NYSEARCA:GLD
2025-09-05,329.53,331.44,328.93,331.05,16065150,NYSEARCA:GLD
2025-09-08,333.66,335.67,333.23,334.82,18617325,NYSEARCA:GLD
2025-09-09,337.03,338.31,333.85,334.06,21641935,NYSEARCA:GLD
2025-09-10,335.73,336.5,326.19,335.26,11945670,NYSEARCA:GLD
2025-09-11,333.37,335.16,332.97,334.76,9082647,NYSEARCA:GLD
2025-09-12,335.88,336.39,335.23,335.42,9619709,NYSEARCA:GLD
2025-09-15,336.31,339.28,336.23,338.91,10569881,NYSEARCA:GLD
2025-09-16,340.09,340.88,338.62,339.59,12161527,NYSEARCA:GLD
2025-09-17,338.53,341.24,335.52,336.97,16535307,NYSEARCA:GLD
2025-09-18,336.22,336.32,333.81,335.62,14913267,NYSEARCA:GLD
2025-09-19,336.51,339.23,336.31,339.18,14982567,NYSEARCA:GLD
2025-09-22,342.75,345.07,341.84,345.05,12386419,NYSEARCA:GLD
2025-09-23,348.23,348.75,345.32,346.46,18383982,NYSEARCA:GLD
2025-09-24,346.7,346.83,342.14,343.32,12709068,NYSEARCA:GLD
2025-09-25,344.39,345.83,342.47,344.75,12639583,NYSEARCA:GLD
2025-09-26,345.83,348.25,345.31,346.74,11698212,NYSEARCA:GLD
2025-09-29,351.79,352.83,351.28,352.46,15719623,NYSEARCA:GLD
2025-09-30,351.13,355.57,350.87,355.47,13312353,NYSEARCA:GLD
2025-10-01,356.17,356.97,354.79,356.03,15573610,NYSEARCA:GLD
2025-10-02,358.26,358.67,351.4,354.79,16162050,NYSEARCA:GLD
2025-10-03,357.12,358.14,355.8,357.64,14463960,NYSEARCA:GLD
2025-10-06,362.16,365.3,361.37,364.38,17093657,NYSEARCA:GLD
2025-10-07,366.51,367.27,364.55,366.26,16836765,NYSEARCA:GLD
2025-10-08,371.65,373.57,370.5,372.3,28052276,NYSEARCA:GLD
2025-10-09,373.14,373.22,362.83,365.43,33674823,NYSEARCA:GLD
2025-10-10,367.54,370.31,365.44,369.12,24192782,NYSEARCA:GLD
2025-10-13,376.5,378.86,375.58,378.09,18514421,NYSEARCA:GLD
2025-10-14,378.21,382.38,377.9,380.79,18409632,NYSEARCA:GLD
2025-10-15,385.93,387.76,384.59,387.39,20598324,NYSEARCA:GLD
2025-10-16,391.15,396.87,390.4,396.45,33621444,NYSEARCA:GLD
2025-10-17,397.14,397.28,385.22,388.99,62024965,NYSEARCA:GLD
2025-10-20,397.45,403.3,394.2,403.15,34523022,NYSEARCA:GLD
2025-10-21,386.54,388.89,375.65,377.24,54101416,NYSEARCA:GLD
2025-10-22,372.75,378.47,368.93,377.28,30524126,NYSEARCA:GLD
2025-10-23,381.46,382.25,378.65,378.79,13695495,NYSEARCA:GLD
2025-10-24,378.51,380.77,376.81,377.52,13263803,NYSEARCA:GLD
2025-10-27,371.13,371.59,365.34,367.01,23657603,NYSEARCA:GLD
2025-10-28,361.81,365.3,360.12,364.38,19257592,NYSEARCA:GLD
2025-10-29,369.65,370.08,361.36,363,18891849,NYSEARCA:GLD
2025-10-30,365.09,370.36,364.5,370.13,14812754,NYSEARCA:GLD
2025-10-31,370.47,370.66,365.5,368.12,11077910,NYSEARCA:GLD
2024-10-30,331.24,332.12,328.94,329.78,248178,NYSEARCA:MGK
2024-10-31,326.2,326.2,319.77,319.91,391291,NYSEARCA:MGK
2024-11-01,321.23,324.81,321.23,322.62,262573,NYSEARCA:MGK
2024-11-04,322.06,323.49,320.47,321.52,254109,NYSEARCA:MGK
2024-11-05,322.37,326.1,322.37,325.67,256954,NYSEARCA:MGK
2024-11-06,331.01,333.63,329.6,333.3,380167,NYSEARCA:MGK
2024-11-07,335.07,339.49,334.79,338.99,383724,NYSEARCA:MGK
2024-11-08,338.92,340.75,338.87,339.86,293632,NYSEARCA:MGK
2024-11-11,340.89,341.31,338.03,340.08,264644,NYSEARCA:MGK
2024-11-12,340.01,341.12,338.37,340.56,408126,NYSEARCA:MGK
2024-11-13,340.59,342.22,338.85,340.34,286373,NYSEARCA:MGK
2024-11-14,340.57,341.1,338,338.51,1308353,NYSEARCA:MGK
2024-11-15,335.23,335.39,329.81,331.2,399740,NYSEARCA:MGK
2024-11-18,331.44,333.8,330.48,332.54,383788,NYSEARCA:MGK
2024-11-19,330.86,336.08,330.86,335.88,350072,NYSEARCA:MGK
2024-11-20,336.19,336.19,331.36,335.43,470496,NYSEARCA:MGK
2024-11-21,337.56,338.33,331.5,335.86,281613,NYSEARCA:MGK
2024-11-22,335.07,336.62,334.47,335.89,242574,NYSEARCA:MGK
2024-11-25,338.16,338.82,334.14,335.9,302465,NYSEARCA:MGK
2024-11-26,336.82,339.5,336.82,339.4,212989,NYSEARCA:MGK
2024-11-27,337.87,338.43,334.87,336.98,226436,NYSEARCA:MGK
2024-11-29,337.56,340.37,336.85,340.02,136217,NYSEARCA:MGK
2024-12-02,340.84,343.78,340.34,343.45,335069,NYSEARCA:MGK
2024-12-03,342.6,345.16,342.19,344.99,494558,NYSEARCA:MGK
2024-12-04,347.74,350.86,347.37,350.66,336119,NYSEARCA:MGK
2024-12-05,350.78,351.58,349.94,350.36,238248,NYSEARCA:MGK
2024-12-06,350.9,353.07,350.51,352.7,472027,NYSEARCA:MGK
2024-12-09,351.83,352.14,349.41,350.56,337741,NYSEARCA:MGK
2024-12-10,351.61,353.78,349.38,350.25,352506,NYSEARCA:MGK
2024-12-11,352.4,356.62,352.4,356.04,309801,NYSEARCA:MGK
2024-12-12,355.15,355.98,353.84,354.15,301011,NYSEARCA:MGK
2024-12-13,355.19,356.76,352.22,353.96,267293,NYSEARCA:MGK
2024-12-16,355.13,358.26,354.56,357.88,257764,NYSEARCA:MGK
2024-12-17,356.65,357.79,355.03,357.06,263859,NYSEARCA:MGK
2024-12-18,356.98,358.61,344.36,345.15,463911,NYSEARCA:MGK
2024-12-19,349.1,349.6,345.35,345.51,496977,NYSEARCA:MGK
2024-12-20,343.35,352.77,342,349.09,389926,NYSEARCA:MGK
2024-12-23,349.94,352.25,347.66,352.07,279849,NYSEARCA:MGK
2024-12-24,353.03,356.93,353,356.87,231863,NYSEARCA:MGK
2024-12-26,356.06,357.37,354.38,356.19,352902,NYSEARCA:MGK
2024-12-27,354.04,354.04,347.9,350.74,383786,NYSEARCA:MGK
2024-12-30,345.84,349.2,344.26,346.71,360779,NYSEARCA:MGK
2024-12-31,347.45,347.95,342.82,343.41,490125,NYSEARCA:MGK
2025-01-02,345.09,346.76,339,342.54,470754,NYSEARCA:MGK
2025-01-03,344.14,348.46,344,348.21,464038,NYSEARCA:MGK
2025-01-06,352,354.7,350.55,352.28,317817,NYSEARCA:MGK
2025-01-07,353.05,353.32,343.9,345,380051,NYSEARCA:MGK
2025-01-08,345.92,346.95,342.75,345.62,415558,NYSEARCA:MGK
2025-01-10,342.48,343.29,337.49,340.26,594781,NYSEARCA:MGK
2025-01-13,335.29,338.74,334.3,338.49,419455,NYSEARCA:MGK
2025-01-14,340.96,341.14,334.67,336.92,478244,NYSEARCA:MGK
2025-01-15,341.81,345.87,341.2,345.03,396222,NYSEARCA:MGK
2025-01-16,346.8,347.16,342.12,342.18,306275,NYSEARCA:MGK
2025-01-17,347.85,348.43,345.53,346.91,343814,NYSEARCA:MGK
2025-01-21,348.13,348.97,344.91,348.53,720799,NYSEARCA:MGK
2025-01-22,351.83,355.21,351.68,354.29,383239,NYSEARCA:MGK
2025-01-23,352.96,355.61,352.01,355.61,388706,NYSEARCA:MGK
2025-01-24,356.13,356.86,352.54,353.62,338440,NYSEARCA:MGK
2025-01-27,340.12,345.9,340.12,343.85,656785,NYSEARCA:MGK
2025-01-28,345.26,352.61,343.49,351.94,363155,NYSEARCA:MGK
2025-01-29,350.99,350.99,346.79,349.58,314152,NYSEARCA:MGK
2025-01-30,349.38,351.63,346.05,349.82,336962,NYSEARCA:MGK
2025-01-31,352.91,354.87,347.66,348.18,340291,NYSEARCA:MGK
2025-02-03,341.47,346.69,339.95,344.76,845149,NYSEARCA:MGK
2025-02-04,345.32,349.53,345.32,349.33,302161,NYSEARCA:MGK
2025-02-05,347.23,350.24,346.64,350.13,377952,NYSEARCA:MGK
2025-02-06,350.64,353.03,350.53,353,442551,NYSEARCA:MGK
2025-02-07,353.02,354.54,348.29,348.69,367766,NYSEARCA:MGK
2025-02-10,350.92,353.38,350.56,352.33,240578,NYSEARCA:MGK
2025-02-11,350.8,352.8,350.14,351.73,194416,NYSEARCA:MGK
2025-02-12,347.67,352.13,347.19,351.33,301625,NYSEARCA:MGK
2025-02-13,352.02,356.66,351.57,356.46,316354,NYSEARCA:MGK
2025-02-14,356.59,357.8,355.87,357.43,293189,NYSEARCA:MGK
2025-02-18,358.01,358.64,354.92,357.1,234933,NYSEARCA:MGK
2025-02-19,356.33,358.01,354.95,357.48,200662,NYSEARCA:MGK
2025-02-20,356.95,357.6,353.24,355.78,214927,NYSEARCA:MGK
2025-02-21,356.11,356.23,347.72,347.93,292522,NYSEARCA:MGK
2025-02-24,349.06,350.38,343.94,344.25,432588,NYSEARCA:MGK
2025-02-25,343.59,343.66,337,340.23,387228,NYSEARCA:MGK
2025-02-26,341.85,345.32,339.5,341.51,280048,NYSEARCA:MGK
2025-02-27,344.37,344.55,332.28,332.44,362578,NYSEARCA:MGK
2025-02-28,331.99,338.82,329.67,338.4,555257,NYSEARCA:MGK
2025-03-03,339.78,341.15,327.86,330.61,510800,NYSEARCA:MGK
2025-03-04,327.24,333.91,322.95,328.46,781916,NYSEARCA:MGK
2025-03-05,328.89,334.06,325.9,333.27,735576,NYSEARCA:MGK
2025-03-06,327.12,330.77,321.83,323.4,770448,NYSEARCA:MGK
2025-03-07,322.04,325.52,316.2,323.81,594789,NYSEARCA:MGK
2025-03-10,317.36,317.55,307.23,310.44,928109,NYSEARCA:MGK
2025-03-11,309.31,314.15,306.35,309.56,836382,NYSEARCA:MGK
2025-03-12,315.2,316.68,309.9,313.68,552760,NYSEARCA:MGK
2025-03-13,313.16,313.25,306.34,307.43,450291,NYSEARCA:MGK
2025-03-14,310.86,315.68,310.26,315.29,404999,NYSEARCA:MGK
2025-03-17,315.05,318.06,313.06,315.41,266797,NYSEARCA:MGK
2025-03-18,313.66,313.97,309.05,310.98,429122,NYSEARCA:MGK
2025-03-19,312.9,318.5,311.86,315.33,413794,NYSEARCA:MGK
2025-03-20,313.11,318.62,312.7,314.83,295276,NYSEARCA:MGK
2025-03-21,311.51,317.06,311,316.7,330336,NYSEARCA:MGK
2025-03-24,321.58,324.6,321.09,323.96,266734,NYSEARCA:MGK
2025-03-25,324.83,326.25,323.91,326.17,419896,NYSEARCA:MGK
2025-03-26,325.06,325.27,317.67,318.8,257389,NYSEARCA:MGK
2025-03-27,316.97,320.03,315.53,316.97,214020,NYSEARCA:MGK
2025-03-28,315.16,316.2,307.76,308.5,442724,NYSEARCA:MGK
2025-03-31,302.81,309.34,299.66,308.88,562277,NYSEARCA:MGK
2025-04-01,307.32,312.26,306.23,311.36,597619,NYSEARCA:MGK
2025-04-02,306.6,316.25,306.6,313.91,474977,NYSEARCA:MGK
2025-04-03,299,301.25,295.3,295.56,1019452,NYSEARCA:MGK
2025-04-04,285.91,288.74,277.67,277.82,1986270,NYSEARCA:MGK
2025-04-07,265.9,290,262.65,277.84,2023198,NYSEARCA:MGK
2025-04-08,289.43,292.44,269.27,273.67,1060127,NYSEARCA:MGK
2025-04-09,273.73,308.59,273.73,307.14,1250811,NYSEARCA:MGK
2025-04-10,298.55,299.88,284.91,294.72,973714,NYSEARCA:MGK
2025-04-11,293.07,301.13,291.56,299.69,920016,NYSEARCA:MGK
2025-04-14,307.71,308.23,298.88,301.75,644936,NYSEARCA:MGK
2025-04-15,302.01,304.46,300.9,302.19,430610,NYSEARCA:MGK
2025-04-16,295.27,297.73,287.85,292.27,574672,NYSEARCA:MGK
2025-04-17,295.24,295.32,290.8,292.51,345765,NYSEARCA:MGK
2025-04-21,288.52,288.52,280.76,284.39,822611,NYSEARCA:MGK
2025-04-22,288.06,294.19,287.02,291.97,380559,NYSEARCA:MGK
2025-04-23,302.8,305.56,298.47,299.39,519559,NYSEARCA:MGK
2025-04-24,301.03,309.13,301.01,308.68,297258,NYSEARCA:MGK
2025-04-25,309.27,314.36,308.55,314,845765,NYSEARCA:MGK
2025-04-28,314.42,315.12,309.24,313.49,328511,NYSEARCA:MGK
2025-04-29,312.33,316.38,312.08,315.79,331777,NYSEARCA:MGK
2025-04-30,309.59,316.96,306.98,315.43,373488,NYSEARCA:MGK
2025-05-01,322.2,324.74,320.07,320.49,549310,NYSEARCA:MGK
2025-05-02,323.88,326.4,322.56,324.9,461559,NYSEARCA:MGK
2025-05-05,322.23,324.98,322,322.75,331309,NYSEARCA:MGK
2025-05-06,318.63,322.22,318.05,319.74,399083,NYSEARCA:MGK
2025-05-07,320.15,322.87,316.81,321.2,735304,NYSEARCA:MGK
2025-05-08,324.19,326.73,321.06,323.65,338867,NYSEARCA:MGK
2025-05-09,324.6,325.89,322.2,323.29,313456,NYSEARCA:MGK
2025-05-12,335.75,337.19,332.41,337.19,508223,NYSEARCA:MGK
2025-05-13,338.57,344.08,337.83,342.98,568966,NYSEARCA:MGK
2025-05-14,344.43,346.07,343.61,345.54,617312,NYSEARCA:MGK
2025-05-15,343.83,347.02,342.63,345.37,380901,NYSEARCA:MGK
2025-05-16,346.62,346.7,343.65,346.7,210408,NYSEARCA:MGK
2025-05-19,341.66,347.15,341.11,346.9,471973,NYSEARCA:MGK
2025-05-20,345.25,345.79,342.92,345.33,263555,NYSEARCA:MGK
2025-05-21,342.58,346.64,338.59,339.94,631387,NYSEARCA:MGK
2025-05-22,340.2,343.41,339.83,341.09,204465,NYSEARCA:MGK
2025-05-23,335.45,339.33,335.33,337.42,256963,NYSEARCA:MGK
2025-05-27,341.98,346,341.57,345.73,299444,NYSEARCA:MGK
2025-05-28,346.35,347.4,344,344.29,280935,NYSEARCA:MGK
2025-05-29,349.89,349.89,343.94,345.35,355673,NYSEARCA:MGK
2025-05-30,344.78,346,340.33,344.48,299952,NYSEARCA:MGK
2025-06-02,343.86,347.81,343.29,347.75,288568,NYSEARCA:MGK
2025-06-03,348.2,351.14,347.6,350.27,296633,NYSEARCA:MGK
2025-06-04,350.94,352,349.75,351.28,302675,NYSEARCA:MGK
2025-06-05,352.32,354.15,347.12,348.42,411943,NYSEARCA:MGK
2025-06-06,352.23,353.36,350.9,352.15,218012,NYSEARCA:MGK
2025-06-09,352.5,353.38,351.4,352.55,220290,NYSEARCA:MGK
2025-06-10,352.66,354.9,350.96,354.73,201503,NYSEARCA:MGK
2025-06-11,355.5,356.57,352.25,353.41,342117,NYSEARCA:MGK
2025-06-12,352.59,354.94,352.01,354.39,191407,NYSEARCA:MGK
2025-06-13,350.34,352.57,348.41,349.47,388664,NYSEARCA:MGK
2025-06-16,351.62,355.21,351.62,354.03,234199,NYSEARCA:MGK
2025-06-17,352.44,353.53,350.45,351.17,306700,NYSEARCA:MGK
2025-06-18,351.73,353.34,349.37,350.11,627633,NYSEARCA:MGK
2025-06-20,351.9,352.69,347.2,348.17,421563,NYSEARCA:MGK
2025-06-23,348.79,353,346.89,352.79,494734,NYSEARCA:MGK
2025-06-24,356.49,358.37,355.75,357.85,305302,NYSEARCA:MGK
2025-06-25,359.49,360.62,358.52,359.47,390975,NYSEARCA:MGK
2025-06-26,360.82,363.01,359.47,362.51,325609,NYSEARCA:MGK
2025-06-27,363.54,365.33,361.62,364.55,298061,NYSEARCA:MGK
2025-06-30,365.93,367.1,364.14,366.17,341584,NYSEARCA:MGK
2025-07-01,364.72,365.45,360.79,362.31,431959,NYSEARCA:MGK
2025-07-02,362.05,365.14,361.96,365.14,323957,NYSEARCA:MGK
2025-07-03,366.76,369.56,366.75,369.06,182724,NYSEARCA:MGK
2025-07-07,367.14,367.86,364.63,366.74,391205,NYSEARCA:MGK
2025-07-08,367.4,367.4,365.26,366.18,264407,NYSEARCA:MGK
2025-07-09,367.63,370.45,367.63,369.74,298267,NYSEARCA:MGK
2025-07-10,370.3,370.3,367.43,369.8,246463,NYSEARCA:MGK
2025-07-11,368.25,370.28,367.82,369.2,221836,NYSEARCA:MGK
2025-07-14,369.22,370.96,367.61,370.21,222920,NYSEARCA:MGK
2025-07-15,373.31,373.79,371.51,371.51,180238,NYSEARCA:MGK
2025-07-16,372.35,372.78,368.86,372.51,441866,NYSEARCA:MGK
2025-07-17,372.88,375.22,372.29,374.73,313873,NYSEARCA:MGK
2025-07-18,376.26,376.26,373.35,374.6,285907,NYSEARCA:MGK
2025-07-21,375.11,377.59,374.91,376.18,285231,NYSEARCA:MGK
2025-07-22,376.57,376.57,371.72,373.71,270006,NYSEARCA:MGK
2025-07-23,375.05,376.49,373.38,376.49,261710,NYSEARCA:MGK
2025-07-24,377.76,378.77,376.59,377.99,259728,NYSEARCA:MGK
2025-07-25,378.43,380.4,378.05,379.52,239504,NYSEARCA:MGK
2025-07-28,380.43,381.44,379.97,381.16,268282,NYSEARCA:MGK
2025-07-29,382.46,383.17,378.93,379.09,245734,NYSEARCA:MGK
2025-07-30,380.18,381.32,377.78,380.47,311125,NYSEARCA:MGK
2025-07-31,387.43,387.43,379.8,380.55,574674,NYSEARCA:MGK
2025-08-01,375.7,376.26,370.43,371.84,621817,NYSEARCA:MGK
2025-08-04,375.75,379.24,375.3,379.24,273573,NYSEARCA:MGK
2025-08-05,379.49,380.04,375.82,376.06,305263,NYSEARCA:MGK
2025-08-06,376.77,381.82,376.13,381.79,230083,NYSEARCA:MGK
2025-08-07,383.56,384.74,378.5,381.64,425946,NYSEARCA:MGK
2025-08-08,382.65,385.7,382.65,385.22,200915,NYSEARCA:MGK
2025-08-11,385.11,387.41,383.61,384.52,271387,NYSEARCA:MGK
2025-08-12,386.17,388.7,383.76,388.42,420278,NYSEARCA:MGK
2025-08-13,390.36,390.89,387.6,388.47,332092,NYSEARCA:MGK
2025-08-14,387.6,390.43,387.36,389.51,274442,NYSEARCA:MGK
2025-08-15,390.12,390.12,386.93,388.14,205767,NYSEARCA:MGK
2025-08-18,387.56,388.38,386.4,387.9,319939,NYSEARCA:MGK
2025-08-19,387.68,387.68,381.33,382.06,387293,NYSEARCA:MGK
2025-08-20,381.64,381.64,374.86,379.57,315962,NYSEARCA:MGK
2025-08-21,378.66,380.08,376.59,378.2,1005261,NYSEARCA:MGK
2025-08-22,378.61,385.27,377.63,384.01,412873,NYSEARCA:MGK
2025-08-25,383.2,385.57,382.17,383.42,187583,NYSEARCA:MGK
2025-08-26,383.39,385.9,382.52,385.77,180935,NYSEARCA:MGK
2025-08-27,385.66,387.01,384.38,386.46,278989,NYSEARCA:MGK
2025-08-28,386.85,389.49,385.48,388.64,333957,NYSEARCA:MGK
2025-08-29,387.38,387.5,382.83,383.96,299214,NYSEARCA:MGK
2025-09-02,377.67,380.83,376.29,380.51,268187,NYSEARCA:MGK
2025-09-03,383.75,385.65,382.27,384.62,607031,NYSEARCA:MGK
2025-09-04,385.11,388.18,384.16,387.99,158523,NYSEARCA:MGK
2025-09-05,391.23,391.23,384.48,386.97,268455,NYSEARCA:MGK
2025-09-08,388.84,391,388.84,389.58,182419,NYSEARCA:MGK
2025-09-09,390.19,390.77,388.18,390.61,206321,NYSEARCA:MGK
2025-09-10,393.46,393.46,389.4,390.64,278032,NYSEARCA:MGK
2025-09-11,392.52,393.12,390.92,392.55,209257,NYSEARCA:MGK
2025-09-12,393.38,395.38,392.49,394.71,189936,NYSEARCA:MGK
2025-09-15,396.25,398.44,396.25,398.44,209888,NYSEARCA:MGK
2025-09-16,399.04,399.06,397.62,397.91,282545,NYSEARCA:MGK
2025-09-17,397.48,397.59,392.5,396.14,316676,NYSEARCA:MGK
2025-09-18,398.95,400.26,397.23,398.1,282275,NYSEARCA:MGK
2025-09-19,400.3,402.51,399.51,402.39,317691,NYSEARCA:MGK
2025-09-22,401.65,405.86,401.65,405.74,218559,NYSEARCA:MGK
2025-09-23,405.52,405.52,400.25,401.12,310620,NYSEARCA:MGK
2025-09-24,402.36,402.36,397.73,399.58,204041,NYSEARCA:MGK
2025-09-25,396.85,398.76,394.35,397.78,200470,NYSEARCA:MGK
2025-09-26,398.48,399.7,396.28,399.36,196510,NYSEARCA:MGK
2025-09-29,400.92,402.86,399.61,400.45,343279,NYSEARCA:MGK
2025-09-30,400.33,402.58,398.93,402.42,304493,NYSEARCA:MGK
2025-10-01,400.15,405.19,399.77,404.53,357091,NYSEARCA:MGK
2025-10-02,406.88,406.88,403.52,405.23,228569,NYSEARCA:MGK
2025-10-03,405.47,406.05,402.19,403.68,237851,NYSEARCA:MGK
2025-10-06,405.98,408.13,404.79,407.21,190849,NYSEARCA:MGK
2025-10-07,407.75,408.03,403.55,404.6,225392,NYSEARCA:MGK
2025-10-08,405.37,408.88,405.37,408.88,194808,NYSEARCA:MGK
2025-10-09,408.91,409.03,406.44,408.43,301437,NYSEARCA:MGK
2025-10-10,408.81,410.01,394.74,394.96,531397,NYSEARCA:MGK
2025-10-13,401.63,403.48,399.81,402.6,275500,NYSEARCA:MGK
2025-10-14,398.47,402.17,394.5,399.21,229241,NYSEARCA:MGK
2025-10-15,403.17,404.76,397.85,401.55,209191,NYSEARCA:MGK
2025-10-16,403.28,405,397.07,399.94,261193,NYSEARCA:MGK
2025-10-17,398,403.33,397.42,402.66,234029,NYSEARCA:MGK
2025-10-20,404.57,408.21,404.57,407.47,181560,NYSEARCA:MGK
2025-10-21,407.36,407.75,406.06,407.03,188128,NYSEARCA:MGK
2025-10-22,407.63,408.09,400.78,404.33,235782,NYSEARCA:MGK
2025-10-23,404.57,408.32,404.19,407.63,492540,NYSEARCA:MGK
2025-10-24,410.74,412.98,410.34,411.96,215734,NYSEARCA:MGK
2025-10-27,417.04,419.79,416.46,419.57,295543,NYSEARCA:MGK
2025-10-28,422.28,424.8,420.62,423.26,482722,NYSEARCA:MGK
2025-10-29,425.98,426.8,422.28,425.89,449584,NYSEARCA:MGK
2025-10-30,423.42,423.73,419.44,419.54,321459,NYSEARCA:MGK
2025-10-31,425.15,425.15,419.32,420.72,339927,NYSEARCA:MGK
2024-10-30,32.21,32.45,31.91,32.27,975187,NYSEARCA:SIVR
2024-10-31,31.79,31.8,31.04,31.22,1113971,NYSEARCA:SIVR
2024-11-01,31.5,31.63,30.88,30.93,717972,NYSEARCA:SIVR
2024-11-04,31.21,31.3,30.84,31.03,803559,NYSEARCA:SIVR
2024-11-05,31.44,31.44,31.12,31.17,744534,NYSEARCA:SIVR
2024-11-06,29.52,30.01,29.43,29.82,1240021,NYSEARCA:SIVR
2024-11-07,30.3,30.69,30.17,30.52,773143,NYSEARCA:SIVR
2024-11-08,30.35,30.41,29.79,29.85,846620,NYSEARCA:SIVR
2024-11-11,29.3,29.36,29.05,29.31,1013716,NYSEARCA:SIVR
2024-11-12,29.33,29.43,29.12,29.39,626171,NYSEARCA:SIVR
2024-11-13,29.58,29.62,28.91,28.92,1078577,NYSEARCA:SIVR
2024-11-14,28.89,29.27,28.83,29.13,898575,NYSEARCA:SIVR
2024-11-15,29.38,29.4,28.82,28.87,760152,NYSEARCA:SIVR
2024-11-18,29.51,29.85,29.51,29.73,681986,NYSEARCA:SIVR
2024-11-19,29.8,29.9,29.65,29.86,426073,NYSEARCA:SIVR
2024-11-20,29.73,29.81,29.39,29.52,542848,NYSEARCA:SIVR
2024-11-21,29.63,29.64,29.26,29.4,520947,NYSEARCA:SIVR
2024-11-22,29.63,29.91,29.55,29.83,548301,NYSEARCA:SIVR
2024-11-25,29.06,29.07,28.7,28.97,1157731,NYSEARCA:SIVR
2024-11-26,29.15,29.16,28.92,29.12,471768,NYSEARCA:SIVR
2024-11-27,29.08,29.16,28.62,28.74,1380680,NYSEARCA:SIVR
2024-11-29,29.29,29.34,29.15,29.26,480811,NYSEARCA:SIVR
2024-12-02,29.2,29.2,28.94,29.11,444964,NYSEARCA:SIVR
2024-12-03,29.58,29.68,29.33,29.63,417283,NYSEARCA:SIVR
2024-12-04,29.7,30.05,29.65,29.87,1106557,NYSEARCA:SIVR
2024-12-05,29.85,29.95,29.61,29.92,546477,NYSEARCA:SIVR
2024-12-06,29.67,29.85,29.43,29.6,896115,NYSEARCA:SIVR
2024-12-09,30.66,30.82,30.34,30.38,839968,NYSEARCA:SIVR
2024-12-10,30.58,30.64,30.37,30.38,672791,NYSEARCA:SIVR
2024-12-11,30.35,30.73,30.3,30.44,1718833,NYSEARCA:SIVR
2024-12-12,29.99,30.01,29.47,29.57,1274152,NYSEARCA:SIVR
2024-12-13,29.18,29.2,28.91,29.09,806471,NYSEARCA:SIVR
2024-12-16,29.23,29.25,29.09,29.13,781159,NYSEARCA:SIVR
2024-12-17,29.03,29.16,28.79,29.14,1624448,NYSEARCA:SIVR
2024-12-18,28.9,28.96,28.07,28.16,1050022,NYSEARCA:SIVR
2024-12-19,27.86,27.92,27.45,27.79,910997,NYSEARCA:SIVR
2024-12-20,27.89,28.35,27.86,28.18,701473,NYSEARCA:SIVR
2024-12-23,28.22,28.36,28.08,28.3,454499,NYSEARCA:SIVR
2024-12-24,28.29,28.34,28.16,28.33,217740,NYSEARCA:SIVR
2024-12-26,28.35,28.5,28.23,28.45,359571,NYSEARCA:SIVR
2024-12-27,28.19,28.25,28,28.05,380309,NYSEARCA:SIVR
2024-12-30,27.9,27.9,27.49,27.68,1182382,NYSEARCA:SIVR
2024-12-31,27.47,27.69,27.47,27.57,514348,NYSEARCA:SIVR
2025-01-02,28,28.25,27.99,28.22,485820,NYSEARCA:SIVR
2025-01-03,28.5,28.54,28.21,28.26,352183,NYSEARCA:SIVR
2025-01-06,28.42,28.8,28.38,28.55,396864,NYSEARCA:SIVR
2025-01-07,28.97,28.99,28.64,28.66,629469,NYSEARCA:SIVR
2025-01-08,28.93,28.98,28.45,28.74,494763,NYSEARCA:SIVR
2025-01-10,29.22,29.26,28.88,28.91,521740,NYSEARCA:SIVR
2025-01-13,28.3,28.49,28.18,28.26,590305,NYSEARCA:SIVR
2025-01-14,28.31,28.61,28.31,28.52,380789,NYSEARCA:SIVR
2025-01-15,29.02,29.33,28.8,29.3,629375,NYSEARCA:SIVR
2025-01-16,29.33,29.55,29.24,29.35,392085,NYSEARCA:SIVR
2025-01-17,28.83,29.09,28.76,28.94,410046,NYSEARCA:SIVR
2025-01-21,29.27,29.43,29.2,29.36,420206,NYSEARCA:SIVR
2025-01-22,29.3,29.5,29.16,29.4,459461,NYSEARCA:SIVR
2025-01-23,28.83,29.11,28.5,28.98,344693,NYSEARCA:SIVR
2025-01-24,29.29,29.43,29.15,29.22,373737,NYSEARCA:SIVR
2025-01-27,28.84,29.06,28.37,28.81,459588,NYSEARCA:SIVR
2025-01-28,28.86,29.1,28.71,28.9,1075526,NYSEARCA:SIVR
2025-01-29,29.42,29.57,29.18,29.33,643906,NYSEARCA:SIVR
2025-01-30,30.03,30.29,29.9,30.11,609237,NYSEARCA:SIVR
2025-01-31,30.16,30.22,29.75,29.86,673601,NYSEARCA:SIVR
2025-02-03,30,30.23,29.56,30.03,1484771,NYSEARCA:SIVR
2025-02-04,30.52,30.9,30.44,30.64,680723,NYSEARCA:SIVR
2025-02-05,30.78,31.06,30.73,30.78,618961,NYSEARCA:SIVR
2025-02-06,30.62,30.81,30.3,30.79,556439,NYSEARCA:SIVR
2025-02-07,31,31.17,30.34,30.47,816005,NYSEARCA:SIVR
2025-02-10,30.53,30.77,30.47,30.63,415798,NYSEARCA:SIVR
2025-02-11,30.24,30.5,30.23,30.4,490733,NYSEARCA:SIVR
2025-02-12,30.63,30.88,30.49,30.76,431543,NYSEARCA:SIVR
2025-02-13,30.6,30.91,30.54,30.89,654429,NYSEARCA:SIVR
2025-02-14,31.71,31.75,30.61,30.71,1173315,NYSEARCA:SIVR
2025-02-18,31,31.4,31,31.32,543244,NYSEARCA:SIVR
2025-02-19,31.19,31.28,30.97,31.27,575955,NYSEARCA:SIVR
2025-02-20,31.43,31.59,31.33,31.46,445258,NYSEARCA:SIVR
2025-02-21,31.52,31.52,31.01,31.03,515812,NYSEARCA:SIVR
2025-02-24,31.02,31.05,30.62,30.83,674577,NYSEARCA:SIVR
2025-02-25,30.58,30.72,29.86,30.22,725091,NYSEARCA:SIVR
2025-02-26,30.17,30.49,30.05,30.35,443028,NYSEARCA:SIVR
2025-02-27,30.3,30.36,29.75,29.79,523798,NYSEARCA:SIVR
2025-02-28,29.55,29.77,29.4,29.68,440465,NYSEARCA:SIVR
2025-03-03,30.2,30.38,30.05,30.11,588130,NYSEARCA:SIVR
2025-03-04,30.44,30.55,30.02,30.4,601612,NYSEARCA:SIVR
2025-03-05,30.64,31.23,30.59,31.22,726869,NYSEARCA:SIVR
2025-03-06,30.93,31.26,30.9,31.1,652960,NYSEARCA:SIVR
2025-03-07,30.77,31.1,30.64,31.01,621354,NYSEARCA:SIVR
2025-03-10,30.96,30.99,30.46,30.46,752145,NYSEARCA:SIVR
2025-03-11,31.02,31.47,31,31.4,625588,NYSEARCA:SIVR
2025-03-12,31.47,31.79,31.4,31.68,542043,NYSEARCA:SIVR
2025-03-13,31.64,32.38,31.58,32.12,880381,NYSEARCA:SIVR
2025-03-14,32.4,32.43,31.99,32.18,588846,NYSEARCA:SIVR
2025-03-17,31.9,32.33,31.85,32.28,496458,NYSEARCA:SIVR
2025-03-18,32.6,32.65,32.31,32.35,685520,NYSEARCA:SIVR
2025-03-19,32.18,32.37,31.94,32.24,597478,NYSEARCA:SIVR
2025-03-20,31.75,32.01,31.7,31.99,726607,NYSEARCA:SIVR
2025-03-21,31.67,31.8,31.16,31.47,646608,NYSEARCA:SIVR
2025-03-24,31.68,31.7,31.38,31.42,528354,NYSEARCA:SIVR
2025-03-25,31.99,32.23,31.99,32.08,694211,NYSEARCA:SIVR
2025-03-26,32.24,32.25,31.95,32.03,566081,NYSEARCA:SIVR
2025-03-27,32.25,32.88,32.17,32.82,827102,NYSEARCA:SIVR
2025-03-28,32.95,33,32.36,32.48,1074913,NYSEARCA:SIVR
2025-03-31,32.25,32.53,31.96,32.51,690809,NYSEARCA:SIVR
2025-04-01,32.43,32.43,31.92,32.09,662063,NYSEARCA:SIVR
2025-04-02,32.28,32.47,32.13,32.22,422099,NYSEARCA:SIVR
2025-04-03,30.35,30.92,30.25,30.27,1502490,NYSEARCA:SIVR
2025-04-04,29.38,29.38,27.86,28.36,2765406,NYSEARCA:SIVR
2025-04-07,28.69,29.17,28.23,28.54,2527055,NYSEARCA:SIVR
2025-04-08,28.98,29.12,28.26,28.49,999137,NYSEARCA:SIVR
2025-04-09,28.95,29.6,28.79,29.41,1373580,NYSEARCA:SIVR
2025-04-10,29.5,29.79,29.16,29.75,671193,NYSEARCA:SIVR
2025-04-11,30.18,30.79,30.1,30.62,1071970,NYSEARCA:SIVR
2025-04-14,30.51,30.88,30.29,30.78,673207,NYSEARCA:SIVR
2025-04-15,30.86,30.88,30.62,30.86,500187,NYSEARCA:SIVR
2025-04-16,31.29,31.47,31.16,31.2,858238,NYSEARCA:SIVR
2025-04-17,30.99,31.13,30.6,30.98,499245,NYSEARCA:SIVR
2025-04-21,31.4,31.45,30.99,31.2,1241100,NYSEARCA:SIVR
2025-04-22,31.28,31.61,30.95,30.95,931803,NYSEARCA:SIVR
2025-04-23,31.27,32.11,31.15,32.05,1048249,NYSEARCA:SIVR
2025-04-24,31.8,32.06,31.63,32.04,548687,NYSEARCA:SIVR
2025-04-25,31.45,31.56,31.07,31.5,851107,NYSEARCA:SIVR
2025-04-28,31.56,31.68,31.29,31.65,588795,NYSEARCA:SIVR
2025-04-29,31.93,31.97,31.29,31.3,658565,NYSEARCA:SIVR
2025-04-30,31.13,31.25,30.89,31.05,736225,NYSEARCA:SIVR
2025-05-01,30.87,30.98,30.6,30.81,1255971,NYSEARCA:SIVR
2025-05-02,31.03,31.12,30.44,30.53,513546,NYSEARCA:SIVR
2025-05-05,31.02,31.05,30.67,30.89,335241,NYSEARCA:SIVR
2025-05-06,31.67,31.71,31.47,31.69,615119,NYSEARCA:SIVR
2025-05-07,31.24,31.32,30.76,30.92,761769,NYSEARCA:SIVR
2025-05-08,31.04,31.22,30.8,30.87,625953,NYSEARCA:SIVR
2025-05-09,31.12,31.34,31.09,31.23,430842,NYSEARCA:SIVR
2025-05-12,31.1,31.19,30.87,31.05,622478,NYSEARCA:SIVR
2025-05-13,31.14,31.47,31.06,31.41,521898,NYSEARCA:SIVR
2025-05-14,30.87,30.97,30.6,30.67,553289,NYSEARCA:SIVR
2025-05-15,30.71,31.06,30.61,31.04,501997,NYSEARCA:SIVR
2025-05-16,30.63,30.82,30.34,30.74,460252,NYSEARCA:SIVR
2025-05-19,30.9,30.97,30.74,30.85,251802,NYSEARCA:SIVR
2025-05-20,30.94,31.6,30.94,31.58,624885,NYSEARCA:SIVR
2025-05-21,31.67,32.01,31.57,31.98,793232,NYSEARCA:SIVR
2025-05-22,31.5,31.58,31.14,31.49,746915,NYSEARCA:SIVR
2025-05-23,31.63,31.98,31.49,31.92,838161,NYSEARCA:SIVR
2025-05-27,31.52,31.73,31.45,31.69,593004,NYSEARCA:SIVR
2025-05-28,31.71,31.71,31.42,31.44,396844,NYSEARCA:SIVR
2025-05-29,31.79,31.86,31.53,31.8,484407,NYSEARCA:SIVR
2025-05-30,31.6,31.66,31.24,31.45,709204,NYSEARCA:SIVR
2025-06-02,32.37,33.14,32.22,33.12,1439523,NYSEARCA:SIVR
2025-06-03,32.78,33,32.57,32.98,877607,NYSEARCA:SIVR
2025-06-04,32.84,32.96,32.78,32.85,754221,NYSEARCA:SIVR
2025-06-05,34.02,34.37,33.66,34.03,2035763,NYSEARCA:SIVR
2025-06-06,34.53,34.58,34.15,34.29,1466959,NYSEARCA:SIVR
2025-06-09,34.73,35.17,34.61,35.02,1227734,NYSEARCA:SIVR
2025-06-10,34.94,35.07,34.63,34.83,875047,NYSEARCA:SIVR
2025-06-11,34.55,34.65,34.36,34.53,1144883,NYSEARCA:SIVR
2025-06-12,34.46,34.7,34.4,34.7,1054879,NYSEARCA:SIVR
2025-06-13,34.64,34.67,34.4,34.58,864330,NYSEARCA:SIVR
2025-06-16,34.73,34.76,34.52,34.74,760217,NYSEARCA:SIVR
2025-06-17,35.3,35.52,35.09,35.37,1095860,NYSEARCA:SIVR
2025-06-18,35.39,35.4,34.83,34.91,1542743,NYSEARCA:SIVR
2025-06-20,34.38,34.4,34.17,34.34,3811519,NYSEARCA:SIVR
2025-06-23,34.42,34.66,34.39,34.57,1009569,NYSEARCA:SIVR
2025-06-24,34.12,34.24,33.63,34.21,882422,NYSEARCA:SIVR
2025-06-25,34.1,34.63,34.08,34.63,699593,NYSEARCA:SIVR
2025-06-26,34.75,34.99,34.62,34.98,1169253,NYSEARCA:SIVR
2025-06-27,34.16,34.5,34.13,34.22,955298,NYSEARCA:SIVR
2025-06-30,34.35,34.42,34.22,34.41,597621,NYSEARCA:SIVR
2025-07-01,34.55,34.73,34.32,34.34,872000,NYSEARCA:SIVR
2025-07-02,34.62,34.86,34.55,34.86,701455,NYSEARCA:SIVR
2025-07-03,35.07,35.19,34.92,35.12,554922,NYSEARCA:SIVR
2025-07-07,34.65,35.08,34.64,35.07,967573,NYSEARCA:SIVR
2025-07-08,34.97,35,34.6,34.93,902908,NYSEARCA:SIVR
2025-07-09,34.72,34.77,34.58,34.64,655768,NYSEARCA:SIVR
2025-07-10,34.98,35.38,34.73,35.36,1838314,NYSEARCA:SIVR
2025-07-11,35.87,36.74,35.81,36.7,2293049,NYSEARCA:SIVR
2025-07-14,36.95,37.03,36.32,36.35,1262988,NYSEARCA:SIVR
2025-07-15,36.4,36.51,35.82,35.96,1455464,NYSEARCA:SIVR
2025-07-16,36.11,36.25,35.74,36.08,1575710,NYSEARCA:SIVR
2025-07-17,35.99,36.37,35.86,36.35,796163,NYSEARCA:SIVR
2025-07-18,36.5,36.57,36.32,36.33,1598320,NYSEARCA:SIVR
2025-07-21,36.85,37.23,36.8,37.07,859090,NYSEARCA:SIVR
2025-07-22,37.31,37.46,36.91,37.44,1083699,NYSEARCA:SIVR
2025-07-23,37.52,37.67,37.22,37.45,898504,NYSEARCA:SIVR
2025-07-24,37.11,37.3,36.91,37.24,727317,NYSEARCA:SIVR
2025-07-25,37.03,37.13,36.18,36.36,870340,NYSEARCA:SIVR
2025-07-28,36.35,36.39,36.13,36.34,1089022,NYSEARCA:SIVR
2025-07-29,36.35,36.49,36.19,36.35,626395,NYSEARCA:SIVR
2025-07-30,35.83,35.97,35.06,35.18,1545350,NYSEARCA:SIVR
2025-07-31,34.94,35.01,34.74,34.96,908924,NYSEARCA:SIVR
2025-08-01,35.44,35.44,35.04,35.23,980789,NYSEARCA:SIVR
2025-08-04,35.59,35.71,35.52,35.65,468880,NYSEARCA:SIVR
2025-08-05,35.71,36.1,35.67,36.01,813558,NYSEARCA:SIVR
2025-08-06,36.07,36.16,35.98,36.06,3104436,NYSEARCA:SIVR
2025-08-07,36.58,36.69,36.21,36.46,1171014,NYSEARCA:SIVR
2025-08-08,36.49,36.61,36.22,36.58,2205638,NYSEARCA:SIVR
2025-08-11,36.05,36.13,35.87,35.88,700166,NYSEARCA:SIVR
2025-08-12,35.93,36.22,35.8,36.11,521511,NYSEARCA:SIVR
2025-08-13,36.62,36.75,36.55,36.73,527776,NYSEARCA:SIVR
2025-08-14,36.37,36.59,36.05,36.2,567487,NYSEARCA:SIVR
2025-08-15,36.04,36.22,35.92,36.19,385057,NYSEARCA:SIVR
2025-08-18,36.37,36.38,36.17,36.26,322440,NYSEARCA:SIVR
2025-08-19,36.19,36.24,35.51,35.55,832898,NYSEARCA:SIVR
2025-08-20,35.9,36.15,35.83,36.13,592940,NYSEARCA:SIVR
2025-08-21,36.18,36.39,36.15,36.31,433973,NYSEARCA:SIVR
2025-08-22,36.18,37.22,36.1,37.07,2630048,NYSEARCA:SIVR
2025-08-25,36.8,37.09,36.66,36.75,2107587,NYSEARCA:SIVR
2025-08-26,36.64,36.83,36.59,36.75,1221150,NYSEARCA:SIVR
2025-08-27,36.46,36.81,36.33,36.7,500225,NYSEARCA:SIVR
2025-08-28,37.17,37.27,36.97,37.25,574962,NYSEARCA:SIVR
2025-08-29,37.08,38.09,37.08,37.95,1218073,NYSEARCA:SIVR
2025-09-02,38.42,39,38.24,38.99,1170261,NYSEARCA:SIVR
2025-09-03,39.17,39.49,39.03,39.19,1261908,NYSEARCA:SIVR
2025-09-04,39.02,39.19,38.48,38.76,947101,NYSEARCA:SIVR
2025-09-05,39.28,39.46,38.81,39.05,1191555,NYSEARCA:SIVR
2025-09-08,39.43,39.69,39.21,39.38,1126664,NYSEARCA:SIVR
2025-09-09,39.26,39.44,38.85,39.01,853188,NYSEARCA:SIVR
2025-09-10,39.2,39.34,39.08,39.24,727254,NYSEARCA:SIVR
2025-09-11,39.23,39.77,39.1,39.66,940797,NYSEARCA:SIVR
2025-09-12,40.12,40.34,40.03,40.22,923241,NYSEARCA:SIVR
2025-09-15,40.21,40.71,40.15,40.69,1198665,NYSEARCA:SIVR
2025-09-16,40.94,40.97,40.26,40.53,2320625,NYSEARCA:SIVR
2025-09-17,39.93,40.23,39.21,39.68,1432834,NYSEARCA:SIVR
2025-09-18,39.74,39.87,39.48,39.86,950930,NYSEARCA:SIVR
2025-09-19,40.13,41.05,40.08,40.97,1373925,NYSEARCA:SIVR
2025-09-22,41.45,42.04,41.3,42.03,1292240,NYSEARCA:SIVR
2025-09-23,42.3,42.35,41.77,41.93,1305673,NYSEARCA:SIVR
2025-09-24,42.12,42.15,41.61,41.8,802780,NYSEARCA:SIVR
2025-09-25,42.45,43.09,42.11,43.05,1281134,NYSEARCA:SIVR
2025-09-26,43.27,44.42,43.14,43.94,1711835,NYSEARCA:SIVR
2025-09-29,44.56,44.86,44.27,44.62,1466441,NYSEARCA:SIVR
2025-09-30,43.86,44.57,43.58,44.48,1631426,NYSEARCA:SIVR
2025-10-01,45.18,45.55,45,45.04,1671289,NYSEARCA:SIVR
2025-10-02,45.7,45.8,43.72,44.64,3662691,NYSEARCA:SIVR
2025-10-03,45.48,46.08,45.18,45.71,1907640,NYSEARCA:SIVR
2025-10-06,46.18,46.48,46.09,46.28,1796117,NYSEARCA:SIVR
2025-10-07,46.13,46.22,45.08,45.51,1956136,NYSEARCA:SIVR
2025-10-08,46.62,47.21,46.46,46.74,2382567,NYSEARCA:SIVR
2025-10-09,48.26,48.29,45.43,46.85,3927346,NYSEARCA:SIVR
2025-10-10,47.67,48.31,47.26,47.51,4998408,NYSEARCA:SIVR
2025-10-13,49.5,49.82,49.09,49.7,2790380,NYSEARCA:SIVR
2025-10-14,48.66,49.58,48.13,49.09,2389497,NYSEARCA:SIVR
2025-10-15,50.16,50.73,49.8,50.67,2428081,NYSEARCA:SIVR
2025-10-16,50.52,51.65,50.36,51.56,2294896,NYSEARCA:SIVR
2025-10-17,50.96,50.96,48.14,49.3,2915120,NYSEARCA:SIVR
2025-10-20,50.07,50.15,49.39,49.95,1844522,NYSEARCA:SIVR
2025-10-21,47.38,47.6,45.5,46.02,5619574,NYSEARCA:SIVR
2025-10-22,45.96,46.33,45.54,46.09,1661344,NYSEARCA:SIVR
2025-10-23,47,47.13,46.42,46.42,1318649,NYSEARCA:SIVR
2025-10-24,46.27,46.63,46.11,46.21,931096,NYSEARCA:SIVR
2025-10-27,45.13,45.27,43.85,44.53,2744271,NYSEARCA:SIVR
2025-10-28,44.5,45.05,44.37,44.86,1331850,NYSEARCA:SIVR
2025-10-29,46.04,46.11,45.02,45.41,2232316,NYSEARCA:SIVR
2025-10-30,45.89,46.65,45.7,46.56,1904319,NYSEARCA:SIVR
2025-10-31,46.7,46.73,46.09,46.2,968753,NYSEARCA:SIVR
2024-10-30,534.35,536.2,532.59,533.16,3067015,NYSEARCA:VOO
2024-10-31,529.09,529.23,522.51,522.67,7972774,NYSEARCA:VOO
2024-11-01,525.16,529.08,524.54,524.94,6106942,NYSEARCA:VOO
2024-11-04,525.06,526.28,522.03,523.8,3681461,NYSEARCA:VOO
2024-11-05,524.72,530.17,524.48,530.1,3300279,NYSEARCA:VOO
2024-11-06,541.65,544.14,538.17,543.3,7483337,NYSEARCA:VOO
2024-11-07,545.22,548.48,545.15,547.53,6051276,NYSEARCA:VOO
2024-11-08,548.07,551.24,548.06,549.95,6797976,NYSEARCA:VOO
2024-11-11,551.43,551.73,548.85,550.4,4893129,NYSEARCA:VOO
2024-11-12,550.39,550.94,546.43,548.75,4818613,NYSEARCA:VOO
2024-11-13,549.16,550.88,546.97,549.03,3701570,NYSEARCA:VOO
2024-11-14,549.1,549.57,544.88,545.54,3940282,NYSEARCA:VOO
2024-11-15,542.13,542.57,536.75,538.5,7360114,NYSEARCA:VOO
2024-11-18,538.92,541.93,538.15,540.73,4504246,NYSEARCA:VOO
2024-11-19,537.5,543.37,536.9,542.7,6978373,NYSEARCA:VOO
2024-11-20,542.78,543.07,537.44,542.9,3949060,NYSEARCA:VOO
2024-11-21,545.58,547.07,540.04,545.64,4530619,NYSEARCA:VOO
2024-11-22,545.82,548.05,545.37,547.47,5574588,NYSEARCA:VOO
2024-11-25,551.2,552.38,547.2,549.23,4305001,NYSEARCA:VOO
2024-11-26,550.5,552.82,549.85,552.31,4438574,NYSEARCA:VOO
2024-11-27,552.04,552.38,549.11,550.55,3312219,NYSEARCA:VOO
2024-11-29,551.29,554.7,551.07,553.45,3988727,NYSEARCA:VOO
2024-12-02,554.36,555.57,553.89,555.01,5441011,NYSEARCA:VOO
2024-12-03,554.8,555.43,553.79,555.14,4202906,NYSEARCA:VOO
2024-12-04,556.83,558.88,556.17,558.64,5490321,NYSEARCA:VOO
2024-12-05,558.63,559.41,557.46,557.71,3021561,NYSEARCA:VOO
2024-12-06,558.47,559.96,558.08,558.82,5134880,NYSEARCA:VOO
2024-12-09,558.71,558.87,555.38,555.91,4412276,NYSEARCA:VOO
2024-12-10,556.58,556.88,553.57,554.33,4110113,NYSEARCA:VOO
2024-12-11,556.92,559.39,556.66,558.53,3514417,NYSEARCA:VOO
2024-12-12,557.67,558.2,555.62,555.65,4048602,NYSEARCA:VOO
2024-12-13,557.51,558.16,554.2,555.61,4666863,NYSEARCA:VOO
2024-12-16,557.13,558.8,556.42,557.79,22846779,NYSEARCA:VOO
2024-12-17,555.47,556.39,554.29,555.45,6110880,NYSEARCA:VOO
2024-12-18,555.3,557.53,538.53,539.14,24584930,NYSEARCA:VOO
2024-12-19,543.69,545.1,538.65,538.94,16792125,NYSEARCA:VOO
2024-12-20,536.61,549.54,535.85,545.04,9389413,NYSEARCA:VOO
2024-12-23,543.31,547.36,540.32,547.19,7063355,NYSEARCA:VOO
2024-12-24,548.06,552.9,547.54,552.82,3439250,NYSEARCA:VOO
2024-12-26,551.23,553.97,549.92,552.81,4496268,NYSEARCA:VOO
2024-12-27,549.37,549.62,543.2,547.08,7077135,NYSEARCA:VOO
2024-12-30,540.56,544.09,537.4,540.99,6505089,NYSEARCA:VOO
2024-12-31,542.45,543.07,537.4,538.81,6040750,NYSEARCA:VOO
2025-01-02,541.92,543.54,533.79,537.46,7142698,NYSEARCA:VOO
2025-01-03,540.19,544.88,539.2,544.4,6419663,NYSEARCA:VOO
2025-01-06,548.28,551.43,545.82,547.57,5983435,NYSEARCA:VOO
2025-01-07,549.32,549.6,539.56,541.41,5383235,NYSEARCA:VOO
2025-01-08,541.32,543,538.08,542.14,4316999,NYSEARCA:VOO
2025-01-10,538.71,538.75,532,533.89,7935202,NYSEARCA:VOO
2025-01-13,529.4,534.91,529.02,534.58,5621011,NYSEARCA:VOO
2025-01-14,537.32,537.91,531.81,535.26,8820003,NYSEARCA:VOO
2025-01-15,542.84,546.13,541.76,545.05,5307318,NYSEARCA:VOO
2025-01-16,546.35,546.51,543.39,544.24,3632752,NYSEARCA:VOO
2025-01-17,548.92,551.12,547.68,549.46,6558651,NYSEARCA:VOO
2025-01-21,552.32,554.46,550.5,554.46,5301678,NYSEARCA:VOO
2025-01-22,557.19,558.93,556.73,557.61,4780036,NYSEARCA:VOO
2025-01-23,557.04,560.7,556.8,560.7,6217878,NYSEARCA:VOO
2025-01-24,560.76,561.66,558.02,559.01,3612141,NYSEARCA:VOO
2025-01-27,546.93,551.39,546.83,551.23,7617385,NYSEARCA:VOO
2025-01-28,552.3,556.65,549.22,555.85,4164674,NYSEARCA:VOO
2025-01-29,555.17,555.5,550.97,553.41,4174471,NYSEARCA:VOO
2025-01-30,555.37,557.78,552.38,556.3,4296538,NYSEARCA:VOO
2025-01-31,558.62,560.89,552.71,553.33,6243322,NYSEARCA:VOO
2025-02-03,544.99,551.96,542.98,549.7,7824037,NYSEARCA:VOO
2025-02-04,549.7,553.83,549.23,553.35,4181413,NYSEARCA:VOO
2025-02-05,552.34,555.73,550.41,555.62,3424184,NYSEARCA:VOO
2025-02-06,557.29,557.65,554.19,557.62,3606299,NYSEARCA:VOO
2025-02-07,558.1,559.2,551.79,552.2,10161554,NYSEARCA:VOO
2025-02-10,555.44,556.78,554.24,556.15,3517552,NYSEARCA:VOO
2025-02-11,554.1,557.12,553.99,556.65,2752923,NYSEARCA:VOO
2025-02-12,551,555.92,550.39,554.81,3579483,NYSEARCA:VOO
2025-02-13,555.87,560.88,554.7,560.67,3388498,NYSEARCA:VOO
2025-02-14,560.9,561.86,560.07,560.69,3380570,NYSEARCA:VOO
2025-02-18,561.8,562.31,559.49,562.31,3844905,NYSEARCA:VOO
2025-02-19,561.02,563.92,560.53,563.67,3857561,NYSEARCA:VOO
2025-02-20,562.39,562.48,558.22,561.3,4446782,NYSEARCA:VOO
2025-02-21,561.1,561.2,551.27,551.75,6148694,NYSEARCA:VOO
2025-02-24,553.61,554.51,548.51,549.14,4772255,NYSEARCA:VOO
2025-02-25,549.18,549.77,542.17,546.41,5491494,NYSEARCA:VOO
2025-02-26,548.01,551.35,544.25,546.75,4180803,NYSEARCA:VOO
2025-02-27,548.83,549.88,537.6,537.97,5521351,NYSEARCA:VOO
2025-02-28,538.42,546.89,535.58,546.33,7328051,NYSEARCA:VOO
2025-03-03,548.2,549.29,533.25,536.92,7289998,NYSEARCA:VOO
2025-03-04,533.06,538.28,526.16,530.45,10477435,NYSEARCA:VOO
2025-03-05,530.25,537.79,526.93,536.4,6221745,NYSEARCA:VOO
2025-03-06,529.19,533.43,524.22,526.67,7228926,NYSEARCA:VOO
2025-03-07,524.9,530.88,520.13,529.51,7308280,NYSEARCA:VOO
2025-03-10,521.9,523.7,510.83,515.51,11176891,NYSEARCA:VOO
2025-03-11,514.33,517.53,507.53,511.28,11208914,NYSEARCA:VOO
2025-03-12,516.89,517.74,509.1,513.76,8590555,NYSEARCA:VOO
2025-03-13,513.51,514.06,505.42,507.05,21649997,NYSEARCA:VOO
2025-03-14,511.28,518.42,510.84,517.46,7412261,NYSEARCA:VOO
2025-03-17,517.45,523.84,517.08,521.41,6269843,NYSEARCA:VOO
2025-03-18,519.32,519.52,514.07,515.91,6010598,NYSEARCA:VOO
2025-03-19,517.54,524.96,516.42,521.33,5373949,NYSEARCA:VOO
2025-03-20,517.96,524.62,517.32,520.13,6029737,NYSEARCA:VOO
2025-03-21,515.79,520.95,514.66,520.26,5059011,NYSEARCA:VOO
2025-03-24,526.48,530.39,525.88,529.39,22376267,NYSEARCA:VOO
2025-03-25,530.59,531.6,529.11,530.65,6260199,NYSEARCA:VOO
2025-03-26,530.56,531.41,523.1,524.46,4429626,NYSEARCA:VOO
2025-03-27,521.29,524.68,519.23,521.21,5534928,NYSEARCA:VOO
2025-03-28,519.76,520.46,510.16,510.8,5831793,NYSEARCA:VOO
2025-03-31,505.31,515.33,502.64,513.91,8196668,NYSEARCA:VOO
2025-04-01,512.36,517.35,508.88,515.8,7697017,NYSEARCA:VOO
2025-04-02,510.14,521.49,509.93,518.91,6308643,NYSEARCA:VOO
2025-04-03,501,503.66,493.5,494.16,16226023,NYSEARCA:VOO
2025-04-04,481.28,483.3,464.24,465.52,30966508,NYSEARCA:VOO
2025-04-07,449.54,480.76,442.8,463.56,31285267,NYSEARCA:VOO
2025-04-08,479.68,482.49,449.6,456.74,19002684,NYSEARCA:VOO
2025-04-09,453.49,502.06,453.16,499.1,29286594,NYSEARCA:VOO
2025-04-10,489.31,490.3,468.33,482.06,16651303,NYSEARCA:VOO
2025-04-11,480.69,493,478,490.55,11541195,NYSEARCA:VOO
2025-04-14,500.05,500.26,490.69,495.48,7701488,NYSEARCA:VOO
2025-04-15,496.03,499.27,493.42,494.09,8200583,NYSEARCA:VOO
2025-04-16,488.65,491.77,478.23,483.23,6374869,NYSEARCA:VOO
2025-04-17,484.79,488.16,481.5,483.9,5638939,NYSEARCA:VOO
2025-04-21,479.02,479.49,467.33,472.37,7762501,NYSEARCA:VOO
2025-04-22,478.07,486.48,477.19,484.29,6236319,NYSEARCA:VOO
2025-04-23,496.69,501.18,490.7,492.07,8047601,NYSEARCA:VOO
2025-04-24,493.26,503,492.22,502.41,6184333,NYSEARCA:VOO
2025-04-25,502.44,506.52,499.75,506.11,6933423,NYSEARCA:VOO
2025-04-28,506.81,508.74,500.96,506.42,4210016,NYSEARCA:VOO
2025-04-29,504.54,510.55,504.26,509.49,6525457,NYSEARCA:VOO
2025-04-30,503.26,511.5,497.76,509.74,7873686,NYSEARCA:VOO
2025-05-01,515.13,518.44,512.77,513.35,5784483,NYSEARCA:VOO
2025-05-02,519.12,522.41,516.89,520.71,6285390,NYSEARCA:VOO
2025-05-05,517.08,520.85,516.27,517.99,4793497,NYSEARCA:VOO
2025-05-06,512.89,517.83,511.94,513.58,4694270,NYSEARCA:VOO
2025-05-07,514.92,518.18,511.1,515.9,5467344,NYSEARCA:VOO
2025-05-08,519.54,524.23,516.35,519.34,5088200,NYSEARCA:VOO
2025-05-09,520.69,521.63,517.36,518.65,4739506,NYSEARCA:VOO
2025-05-12,534.5,535.92,530.39,535.92,7793576,NYSEARCA:VOO
2025-05-13,536.33,541.48,535.78,539.44,7356804,NYSEARCA:VOO
2025-05-14,540.37,541.42,538.24,540.11,5031301,NYSEARCA:VOO
2025-05-15,538.26,543.25,537.84,542.76,7362193,NYSEARCA:VOO
2025-05-16,543.47,546.47,541.7,546.26,7255342,NYSEARCA:VOO
2025-05-19,540.63,547.45,540.58,546.82,7766058,NYSEARCA:VOO
2025-05-20,545.22,546.06,541.99,544.88,7158205,NYSEARCA:VOO
2025-05-21,540.91,544.69,534.82,535.77,6339491,NYSEARCA:VOO
2025-05-22,540.91,544.69,534.82,535.77,159093,NYSEARCA:VOO
2025-05-23,529.43,534.81,529.11,532.4,6455875,NYSEARCA:VOO
2025-05-27,538.72,543.52,537.18,543.34,6118091,NYSEARCA:VOO
2025-05-28,543.79,544.9,539.61,540.24,4910507,NYSEARCA:VOO
2025-05-29,545.15,545.28,538.74,542.32,4668939,NYSEARCA:VOO
2025-05-30,541.35,543.39,536.16,541.76,6171491,NYSEARCA:VOO
2025-06-02,540.25,544.91,537.8,544.91,5933526,NYSEARCA:VOO
2025-06-03,544.53,548.87,544.09,548,4993615,NYSEARCA:VOO
2025-06-04,548.75,549.65,547.44,547.65,4543355,NYSEARCA:VOO
2025-06-05,549.48,550.63,543.34,545.09,6387510,NYSEARCA:VOO
2025-06-06,550.3,552.32,548.7,550.66,4735972,NYSEARCA:VOO
2025-06-09,551.3,552.7,550.2,551.25,4516381,NYSEARCA:VOO
2025-06-10,551.78,554.74,550.74,554.39,5984087,NYSEARCA:VOO
2025-06-11,555.41,556.23,550.91,552.86,20800557,NYSEARCA:VOO
2025-06-12,551.6,555,551.13,554.95,8422943,NYSEARCA:VOO
2025-06-13,550.24,553.25,547.41,548.77,7100626,NYSEARCA:VOO
2025-06-16,551.94,555.69,551.87,554.07,7421327,NYSEARCA:VOO
2025-06-17,551.79,553.16,548.64,549.35,4753344,NYSEARCA:VOO
2025-06-18,550.16,552.71,548.39,549.24,4602329,NYSEARCA:VOO
2025-06-20,551.72,552.72,546.62,547.72,9978477,NYSEARCA:VOO
2025-06-23,548.66,553.7,545.75,553.36,9820188,NYSEARCA:VOO
2025-06-24,557.18,560.43,556.37,559.44,6770036,NYSEARCA:VOO
2025-06-25,560.52,561.02,558.34,559.72,16472305,NYSEARCA:VOO
2025-06-26,561.52,564.55,560.96,564.15,6081444,NYSEARCA:VOO
2025-06-27,565.11,568.33,563.21,566.95,6056524,NYSEARCA:VOO
2025-06-30,567.5,569.15,565.38,568.03,5750571,NYSEARCA:VOO
2025-07-01,566.56,568.8,565.8,567.77,7412742,NYSEARCA:VOO
2025-07-02,567.37,570.34,566.81,570.29,6164018,NYSEARCA:VOO
2025-07-03,572.18,575.67,572.13,575.22,4836962,NYSEARCA:VOO
2025-07-07,573,573.59,567.98,570.61,6417829,NYSEARCA:VOO
2025-07-08,571.15,571.83,569.48,570.23,6944624,NYSEARCA:VOO
2025-07-09,572.46,574.26,570.76,573.61,7156477,NYSEARCA:VOO
2025-07-10,573.78,576.26,572.7,575.29,4961691,NYSEARCA:VOO
2025-07-11,572.45,574.38,571.37,573.22,4428852,NYSEARCA:VOO
2025-07-14,572.85,574.68,571.58,574.35,4747041,NYSEARCA:VOO
2025-07-15,576.85,577.16,571.85,571.86,5398956,NYSEARCA:VOO
2025-07-16,573.4,574.26,568.17,573.74,6141184,NYSEARCA:VOO
2025-07-17,574.02,577.65,573.8,577.18,6495346,NYSEARCA:VOO
2025-07-18,578.47,578.5,575.84,576.92,4262378,NYSEARCA:VOO
2025-07-21,577.98,580.53,577.59,577.95,5913837,NYSEARCA:VOO
2025-07-22,578.28,578.84,575.64,577.95,4767703,NYSEARCA:VOO
2025-07-23,580.57,582.96,578.87,582.86,4257345,NYSEARCA:VOO
2025-07-24,583.34,584.75,582.72,583.26,3840901,NYSEARCA:VOO
2025-07-25,583.81,586.04,583.59,585.58,4210090,NYSEARCA:VOO
2025-07-28,586.04,586.5,584.24,585.44,4193101,NYSEARCA:VOO
2025-07-29,586.82,587.08,583.12,583.92,5053447,NYSEARCA:VOO
2025-07-30,584.66,586.15,580.55,583.21,6974729,NYSEARCA:VOO
2025-07-31,587.83,588.16,579.84,581.02,7046843,NYSEARCA:VOO
2025-08-01,575.73,575.74,569.29,571.45,8781254,NYSEARCA:VOO
2025-08-04,575.17,580.21,575.08,580.14,6640089,NYSEARCA:VOO
2025-08-05,580.79,581.5,576.4,577.35,4647381,NYSEARCA:VOO
2025-08-06,578.25,582.27,577.41,581.64,4545015,NYSEARCA:VOO
2025-08-07,584.87,585.52,578.31,581.29,4594260,NYSEARCA:VOO
2025-08-08,582.93,586.17,582.6,585.74,4342341,NYSEARCA:VOO
2025-08-11,586.03,587.36,583.44,584.54,5373949,NYSEARCA:VOO
2025-08-12,586.75,590.96,585.43,590.78,5874245,NYSEARCA:VOO
2025-08-13,592.86,594.03,590.81,592.84,5392973,NYSEARCA:VOO
2025-08-14,590.92,593.51,590.5,592.85,6236666,NYSEARCA:VOO
2025-08-15,593.86,593.95,590.66,591.57,7196315,NYSEARCA:VOO
2025-08-18,590.98,592.02,590.35,591.36,5311743,NYSEARCA:VOO
2025-08-19,591.25,592.12,586.94,588.13,6739284,NYSEARCA:VOO
2025-08-20,587.81,588,581.85,586.58,7113572,NYSEARCA:VOO
2025-08-21,584.93,586.46,582.65,584.27,4807277,NYSEARCA:VOO
2025-08-22,586.27,594.32,585.84,593.21,6389278,NYSEARCA:VOO
2025-08-25,592.05,593.23,590.55,590.7,6483035,NYSEARCA:VOO
2025-08-26,590.38,593.43,589.79,593.06,4776577,NYSEARCA:VOO
2025-08-27,592.52,595.14,592.44,594.42,6171422,NYSEARCA:VOO
2025-08-28,595.07,597.07,593.27,596.52,5058689,NYSEARCA:VOO
2025-08-29,595.24,595.55,591.25,593.08,7512032,NYSEARCA:VOO
2025-09-02,586.06,588.8,583.67,588.71,11116704,NYSEARCA:VOO
2025-09-03,590.81,592.23,588.78,591.72,8205922,NYSEARCA:VOO
2025-09-04,592.47,596.77,591.6,596.59,8045575,NYSEARCA:VOO
2025-09-05,598.91,599.6,591.45,594.96,6641512,NYSEARCA:VOO
2025-09-08,596.31,597.41,595.03,596.5,9472235,NYSEARCA:VOO
2025-09-09,596.61,598.37,595.01,597.95,7844787,NYSEARCA:VOO
2025-09-10,600.92,601.75,598.16,599.68,21641066,NYSEARCA:VOO
2025-09-11,601.43,605.23,600.89,604.57,9109717,NYSEARCA:VOO
2025-09-12,604.59,605.98,603.95,604.44,8130498,NYSEARCA:VOO
2025-09-15,606.47,607.77,606.2,607.59,7710693,NYSEARCA:VOO
2025-09-16,608.16,608.42,606.06,606.79,6393185,NYSEARCA:VOO
2025-09-17,606.84,608.33,601.55,606.09,11613628,NYSEARCA:VOO
2025-09-18,608.55,611.31,607.07,608.94,11057536,NYSEARCA:VOO
2025-09-19,610.62,612.67,608.85,611.78,6065655,NYSEARCA:VOO
2025-09-22,610.52,615.22,610.51,614.76,11583809,NYSEARCA:VOO
2025-09-23,614.71,615.26,610.34,611.54,10752999,NYSEARCA:VOO
2025-09-24,614.71,615.26,610.34,611.54,805592,NYSEARCA:VOO
2025-09-26,608.03,610.7,606.57,610.16,6438634,NYSEARCA:VOO
2025-09-29,610.79,611.68,608.48,610.13,5658835,NYSEARCA:VOO
2025-09-30,609.43,612.86,608.27,612.38,6515666,NYSEARCA:VOO
2025-10-01,609.7,615.39,609.57,614.57,10019981,NYSEARCA:VOO
2025-10-02,616.41,616.48,613.02,615.25,7139472,NYSEARCA:VOO
2025-10-03,615.95,618.42,614.29,615.3,7210689,NYSEARCA:VOO
2025-10-06,617.46,618.28,615.48,617.4,6056437,NYSEARCA:VOO
2025-10-07,618.3,618.74,613.82,615.2,7466277,NYSEARCA:VOO
2025-10-08,616.22,618.9,615.46,618.77,5035243,NYSEARCA:VOO
2025-10-09,619.23,619.59,615.28,617.1,5898496,NYSEARCA:VOO
2025-10-10,617.99,619.6,600.23,600.51,13664157,NYSEARCA:VOO
2025-10-13,607.37,611.03,606.58,609.61,6968434,NYSEARCA:VOO
2025-10-14,604.2,612.14,600.51,608.75,7493479,NYSEARCA:VOO
2025-10-15,613.07,616.21,605.82,611.43,6504851,NYSEARCA:VOO
2025-10-16,613.11,614.8,604.14,607.39,7594824,NYSEARCA:VOO
2025-10-17,606.34,612.02,605.1,610.76,6910972,NYSEARCA:VOO
2025-10-20,613.51,618.01,613.51,617.17,4086209,NYSEARCA:VOO
2025-10-21,617.33,618.74,615.98,617.09,4216197,NYSEARCA:VOO
2025-10-22,617.83,617.83,609.83,613.97,6961589,NYSEARCA:VOO
2025-10-23,614.25,618.47,613.99,617.44,5851842,NYSEARCA:VOO
2025-10-24,621.92,623.79,621.21,622.55,5694867,NYSEARCA:VOO
2025-10-27,627.74,630.29,627.16,630,7804316,NYSEARCA:VOO
2025-10-28,631.71,633.39,629.64,631.69,5625627,NYSEARCA:VOO
2025-10-29,633.21,634.13,627.87,631.95,6104537,NYSEARCA:VOO
2025-10-30,628.81,630.63,625.1,625.24,6243275,NYSEARCA:VOO
2025-10-31,629.84,629.94,624.5,627.04,7058629,NYSEARCA:VOO